   Compiling rustpbx v0.4.11 (/build/rustpbx)
    Finished `test` profile [unoptimized + debuginfo] target(s) in 46.61s
     Running unittests src/lib.rs (target/debug/deps/rustpbx-67b3b4c321993ea8)

running 1969 tests
test addons::archive::tests::archive_config_path_uses_main_config_directory ... ok
test addons::archive::tests::load_config_reads_archive_toml_next_to_main_config ... ok
test addons::archive::tests::load_config_falls_back_to_archive_table_in_main_config ... ok
test addons::export_reload::tests::test_empty_registry_returns_empty_lists ... ok
test addons::export_reload::tests::test_invoke_selected_returns_matching_only ... ok
test addons::export_reload::tests::test_register_and_list ... ok
test addons::export_reload::tests::test_register_same_id_twice ... ok
test addons::observability::tests::test_addon_category_is_community ... ok
test addons::observability::tests::test_addon_cost_is_free ... ok
test addons::observability::tests::test_addon_id ... ok
test addons::observability::tests::test_addon_name_and_description_nonempty ... ok
test addons::observability::tests::test_auth_empty_bearer_rejected ... ok
test addons::observability::tests::test_auth_missing_header_when_token_required ... ok
test addons::observability::tests::test_auth_no_token_configured_allows_all ... ok
test addons::observability::tests::test_auth_valid_bearer_passes ... ok
test addons::observability::tests::test_hook_inbound_answered_ok ... ok
test addons::observability::tests::test_auth_wrong_bearer_rejected ... ok
test addons::observability::tests::test_hook_outbound_unanswered_ok ... ok
test addons::observability::tests::test_hook_result_failed_on_5xx ... ok
test addons::observability::tests::test_hook_result_redirect_on_3xx ... ok
test addons::observability::tests::test_hook_result_rejected_on_4xx ... ok
test addons::observability::tests::test_hook_zero_duration_does_not_panic ... ok
test addons::observability::tests::test_install_recorder_idempotent ... ok
test auth::jwt_validator::tests::test_expired_jwt ... ok
test auth::jwt_validator::tests::test_issuer_validation ... ok
test auth::jwt_validator::tests::test_missing_claim ... ok
test auth::jwt_validator::tests::test_numeric_user_id ... ok
test auth::jwt_validator::tests::test_tampered_signature ... ok
test auth::jwt_validator::tests::test_valid_jwt ... ok
test auth::phone_auth::tests::generate_token_evicts_expired_entries_for_other_agents ... ok
test auth::phone_auth::tests::generate_token_replaces_existing_for_same_agent ... ok
test call::adapters::console_adapter::tests::test_accept_conversion_maps_to_caller_leg ... ok
test call::adapters::console_adapter::tests::test_hangup_conversion ... ok
test call::adapters::console_adapter::tests::test_hold_unhold_conversion ... ok
test call::adapters::console_adapter::tests::test_mute_conversion ... ok
test call::adapters::console_adapter::tests::test_play_both_legs_conversion ... ok
test call::adapters::console_adapter::tests::test_play_file_conversion ... ok
test call::adapters::console_adapter::tests::test_play_with_leg_id ... ok
test call::adapters::console_adapter::tests::test_recording_conversion ... ok
test call::adapters::console_adapter::tests::test_send_dtmf_conversion ... ok
test call::adapters::console_adapter::tests::test_stop_playback_conversion ... ok
test call::adapters::console_adapter::tests::test_stop_playback_with_leg_conversion ... ok
test call::adapters::console_adapter::tests::test_transfer_attended_conversion ... ok
test call::adapters::console_adapter::tests::test_transfer_conversion ... ok
test addons::queue::tests::tests::test_export_queues ... ok
test call::adapters::postgres_sip_effect::tests::admission_limits_reject_zero_and_unbounded_configuration ... ok
test call::adapters::postgres_sip_effect::tests::postgres_prepare_replay_and_query_survive_pool_recreation ... ignored, requires an isolated migrated PostgreSQL database
test call::adapters::postgres_sip_effect::tests::postgres_receipt_transition_is_atomic_replayable_and_recoverable ... ignored, requires an isolated migrated PostgreSQL database
test call::adapters::postgres_sip_effect::tests::postgres_repair_batch_exhausts_after_eight_bounded_attempts ... ignored, requires an isolated migrated PostgreSQL database
test call::adapters::postgres_sip_effect::tests::postgres_unknown_claim_is_fenced_and_reconciles_after_pool_recovery ... ignored, requires an isolated migrated PostgreSQL database
test call::adapters::postgres_sip_effect::tests::admission_bounds_active_and_queued_database_work ... ok
test call::adapters::postgres_sip_effect::tests::repair_batch_is_bounded_and_uses_skip_locked_candidates ... ok
test call::adapters::postgres_sip_effect::tests::repair_claim_lease_is_millisecond_exact_and_bounded ... ok
test call::adapters::rwi_adapter::tests::test_answer_conversion ... ok
test call::adapters::rwi_adapter::tests::test_bridge_conversion ... ok
test call::adapters::rwi_adapter::tests::test_conference_info_conversion ... ok
test call::adapters::rwi_adapter::tests::test_conference_kick_conversion ... ok
test call::adapters::postgres_sip_effect::tests::queued_database_work_times_out_without_growing_backlog ... ok
test call::adapters::rwi_adapter::tests::test_conference_list_conversion ... ok
test call::adapters::rwi_adapter::tests::test_conference_mute_all_conversion ... ok
test call::adapters::rwi_adapter::tests::test_hangup_conversion ... ok
test call::adapters::rwi_adapter::tests::test_hold_conversion ... ok
test call::adapters::rwi_adapter::tests::test_supervisor_listen_conversion ... ok
test call::adapters::rwi_adapter::tests::test_unsupported_command ... ok
test call::adapters::session_action_bridge::tests::test_hangup_to_session_action ... ok
test call::adapters::session_action_bridge::tests::test_hold_to_session_action ... ok
test call::adapters::session_action_bridge::tests::test_play_to_session_action ... ok
test call::adapters::session_action_bridge::tests::test_unsupported_command ... ok
test call::app::agent_registry::db::tests::test_agent_registry_basic ... ok
test call::app::agent_registry::http::tests::test_parse_agent_from_json ... ok
test call::app::agent_registry::memory::tests::test_memory_registry_lifecycle ... ok
test call::app::agent_registry::memory::tests::test_memory_registry_routing ... ok
test call::app::app_context::tests::test_call_info_serialization ... ok
test call::app::app_context::tests::test_routed_headers_override_originals_in_call_info ... ok
test call::app::app_context::tests::test_session_vars ... ok
test call::app::agent_registry::http::tests::test_http_registry_creation ... ok
test call::app::app_context::tests::test_shared_state_default ... ok
test call::app::app_test::tests::test_basic_lifecycle ... ok
test call::app::app_test::tests::test_cancel_exits_cleanly ... ok
test call::app::app_test::tests::test_cancel_interrupts_inflight_on_enter ... ok
test call::app::app_test::tests::test_chain ... ok
test call::app::app_test::tests::test_cancel_timeout_suppresses_fire ... ok
test call::app::app_test::tests::test_collect_dtmf_exits_on_remote_hangup ... ok
test call::app::app_test::tests::test_collect_dtmf_plays_prompt_then_collects ... ok
test call::app::app_test::tests::test_collect_dtmf_inter_digit_timeout ... ok
test call::app::app_test::tests::test_collect_dtmf_terminator_stops_collection ... ok
test call::app::app_test::tests::test_dtmf_hangup_digit ... ok
test call::app::app_test::tests::test_remote_hangup_exits_loop ... ok
test call::app::app_test::tests::test_dtmf_ignored_digit ... ok
test call::app::app_test::tests::test_set_timeout_fires_on_timeout ... ok
test call::app::controller::tests::controller_event_mailbox_rejects_full_and_closed_without_waiting ... ok
test call::app::controller::tests::test_stop_recording_handles_hangup ... ok
test call::app::controller::tests::test_stop_recording_ignores_other_events ... ok
test call::app::controller::tests::test_stop_recording_returns_recording_info ... ok
test call::app::app_test::tests::test_transfer_sends_transfer_target ... ok
test call::app::ivr::common::tests::test_resolve_audio_path_file ... ok
test call::app::ivr::common::tests::test_resolve_audio_path_tts ... ok
test call::app::ivr::common::tests::test_substitute_vars ... ok
test call::app::ivr::common::tests::test_substitute_vars_empty_vars ... ok
test call::app::ivr::common::tests::test_substitute_vars_missing_keeps_placeholder ... ok
test call::app::ivr::common::tests::test_substitute_vars_multiple ... ok
test call::app::ivr::config::tests::test_action_node_deserialize_prompt_chain ... ok
test call::app::ivr::config::tests::test_action_node_no_next ... ok
test call::app::ivr::config::tests::test_action_node_serialize_roundtrip ... ok
test call::app::controller::tests::timer_delivery_waits_for_bounded_mailbox_capacity ... ok
test call::app::ivr::config::tests::test_all_entry_action_types_parse ... ok
test call::app::ivr::config::tests::test_new_action_types_json ... ok
test call::app::ivr::config::tests::test_dtmf_menu_serialize ... ok
test call::app::ivr::config::tests::test_voip_bridge_serialize ... ok
test call::app::ivr::config::tests::test_parse_basic_ivr_toml ... ok
test call::app::ivr::executor::tests::test_cancel_during_provider_next_skips_session_end ... ok
test call::app::ivr::executor::tests::test_dtmf_accepted_after_menu_greeting ... ok
test call::app::ivr::executor::tests::test_dtmf_menu_with_local_entries ... ok
test call::app::ivr::executor::tests::test_early_dtmf_during_prompt_is_ignored ... ok
test call::app::ivr::executor::tests::test_early_dtmf_with_chained_next ... ok
test call::app::ivr::executor::tests::test_error_action_returns_error ... ok
test call::app::ivr::executor::tests::test_hangup_no_prompt ... ok
test call::app::ivr::executor::tests::test_http_provider_full_flow ... ok
test call::app::ivr::executor::tests::test_http_provider_dtmf_flow ... ok
test call::app::ivr::executor::tests::test_http_provider_provider_called_after_menu ... ok
test call::app::ivr::executor::tests::test_input_phone_forwards_to_provider ... ok
test call::app::ivr::executor::tests::test_interruptible_prompt_forwards_dtmf_to_provider ... ok
test call::app::ivr::executor::tests::test_jump_ivr ... ok
test call::app::ivr::executor::tests::test_local_menu_dtmf_trace_trigger ... ok
test call::app::ivr::executor::tests::test_next_chain_skip ... ok
test call::app::ivr::executor::tests::test_non_matching_dtmf_during_menu_greeting_keeps_flow_alive ... ok
test call::app::ivr::executor::tests::test_non_matching_dtmf_in_menu_waiting_keeps_flow_alive ... ok
test call::app::ivr::executor::tests::test_prompt_then_provider ... ok
test call::app::ivr::executor::tests::test_prompt_then_transfer_via_next ... ok
test call::app::ivr::executor::tests::test_provider_driven_menu_dtmf_forwards_digit ... ok
test call::app::ivr::executor::tests::test_provider_driven_menu_dtmf_trace_trigger ... ok
test call::app::ivr::executor::tests::test_provider_driven_menu_timeout_forwards_to_provider ... ok
test call::app::ivr::executor::tests::test_python_provider_direct_http ... ok
test call::app::ivr::executor::tests::test_remote_hangup_skips_provider_session_end ... ok
test call::app::ivr::executor::tests::test_session_end_trace_skipped_on_remote_hangup ... ok
test call::app::ivr::executor::tests::test_startup_failure_sets_runtime_status ... ok
test call::app::ivr::executor::tests::test_torecord_recording_complete_forwards_to_provider ... ok
test call::app::ivr::executor::tests::test_trace_integration ... ok
test call::app::ivr::executor::tests::test_transfer ... ok
test call::app::ivr::executor::tests::test_voip_bridge ... ok
test call::app::ivr::provider::tests::test_end_reason_from_str_all_variants ... ok
test call::app::ivr::provider::tests::test_end_reason_from_str_unknown_falls_back_to_error ... ok
test call::app::ivr::provider::tests::test_end_reason_to_session_end_reason_error ... ok
test call::app::ivr::provider::tests::test_end_reason_to_session_end_reason_hangup ... ok
test call::app::ivr::provider::tests::test_end_reason_to_session_end_reason_ivr ... ok
test call::app::ivr::provider::tests::test_end_reason_to_session_end_reason_normal ... ok
test call::app::ivr::provider::tests::test_end_reason_to_session_end_reason_queue ... ok
test call::app::ivr::provider::tests::test_end_reason_to_session_end_reason_timeout ... ok
test call::app::ivr::provider::tests::test_end_reason_to_session_end_reason_transfer ... ok
test call::app::ivr::provider::tests::test_end_reason_to_session_end_reason_user_hangup ... ok
test call::app::ivr::provider::tests::test_session_end_reason_json_roundtrip ... ok
test call::app::ivr::provider::tests::test_session_end_reason_skips_none_detail ... ok
test call::app::ivr::provider::tests::test_session_end_tag_serializes_snake_case ... ok
test call::app::ivr::provider::tests::test_step_provider_endpoint_url_trims_whitespace_and_slash ... ok
test call::app::ivr::third_party::tests::test_build_linear_chain ... ok
test call::app::ivr::third_party::tests::test_convert_api_node ... ok
test call::app::ivr::third_party::tests::test_convert_menu_tts_node ... ok
test call::app::ivr::third_party::tests::test_convert_toagent_node ... ok
test call::app::ivr::third_party::tests::test_parse_toagent_nodevalue ... ok
test call::app::ivr::third_party::tests::test_parse_tree ... ok
test call::app::ivr::trace::tests::test_clear_session ... ok
test call::app::ivr::trace::tests::test_increment_steps ... ok
test call::app::ivr::trace::tests::test_max_entries ... ok
test call::app::ivr::trace::tests::test_record_and_query_entry ... ok
test call::app::ivr::trace::tests::test_record_and_query_session ... ok
test call::app::ivr::trace::tests::test_update_session_end ... ok
test call::app::ivr_test::tests::test_ivr_back_action_pops_one_level ... ok
test call::app::ivr_test::tests::test_ivr_back_at_root_is_noop ... ok
test call::app::ivr_test::tests::test_ivr_back_to_root ... ok
test call::app::ivr_test::tests::test_ivr_basic_enter ... ok
test call::app::ivr_test::tests::test_ivr_collect_extension_terminator ... ok
test call::app::ivr_test::tests::test_ivr_collect_extension_transfer ... ok
test call::app::ivr_test::tests::test_ivr_dtmf_transfer ... ok
test call::app::ivr_test::tests::test_ivr_e2e_dtmf_bargein_during_real_playback ... ok
test call::app::ivr_test::tests::test_ivr_e2e_hangup_with_real_goodbye ... ok
test call::app::ivr_test::tests::test_ivr_e2e_invalid_key_retry_real_playback ... ok
test call::app::ivr_test::tests::test_ivr_e2e_play_and_hangup_with_code_real ... ok
test call::app::ivr_test::tests::test_ivr_e2e_play_returns_to_menu_real ... ok
test call::app::ivr_test::tests::test_ivr_e2e_submenu_real_playback ... ok
test call::app::ivr_test::tests::test_ivr_e2e_timeout_max_retries_real ... ok
test call::app::ivr_test::tests::test_ivr_hangup_with_prompt ... ok
test call::app::ivr_test::tests::test_ivr_hangup_with_url_prompt ... ok
test call::app::ivr_test::tests::test_ivr_invalid_key ... ok
test call::app::ivr_test::tests::test_ivr_play_and_hangup_no_prompt ... ok
test call::app::ivr_test::tests::test_ivr_play_and_hangup_with_code ... ok
test call::app::ivr_test::tests::test_ivr_play_and_hangup_without_code ... ok
test call::app::ivr_test::tests::test_ivr_play_returns_to_menu ... ok
test call::app::ivr_test::tests::test_ivr_queue_action_default_no_return_to_ivr ... ok
test call::app::ivr_test::tests::test_ivr_queue_action_return_to_ivr_false ... ok
test call::app::ivr_test::tests::test_ivr_queue_action_sends_transfer_target ... ok
test call::app::ivr_test::tests::test_ivr_queue_action_with_return_to_ivr ... ok
test call::app::ivr_test::tests::test_ivr_real_file_playback_drives_audio_complete ... ok
test call::app::ivr_test::tests::test_ivr_remote_hangup ... ok
test call::app::ivr_test::tests::test_ivr_remote_hangup_during_collect_extension ... ok
test call::app::ivr_test::tests::test_ivr_repeat_action ... ok
test call::app::ivr_test::tests::test_ivr_submenu_navigation ... ok
test call::app::ivr_test::tests::test_ivr_submenu_timeout_transfer ... ok
test call::app::ivr_test::tests::test_ivr_timeout_and_max_retries ... ok
test call::app::ivr_test::tests::test_ivr_toml_parsing ... ok
test call::app::ivr_test::tests::test_ivr_url_greeting ... ok
test call::app::ivr_test::tests::test_ivr_voicemail_action_sends_transfer_target ... ok
test call::app::ivr_test::tests::test_ivr_webhook_collect_extension ... ok
test call::app::ivr_test::tests::test_ivr_webhook_error_fallback ... ok
test call::app::ivr_test::tests::test_ivr_webhook_get_method ... ok
test call::app::ivr_test::tests::test_ivr_webhook_hangup ... ok
test call::app::ivr_test::tests::test_ivr_webhook_hangup_with_prompt ... ok
test call::app::ivr_test::tests::test_ivr_webhook_menu ... ok
test call::app::ivr_test::tests::test_ivr_webhook_play ... ok
test call::app::ivr_test::tests::test_ivr_webhook_play_and_hangup ... ok
test call::app::ivr_test::tests::test_ivr_webhook_queue ... ok
test call::app::ivr_test::tests::test_ivr_webhook_repeat ... ok
test call::app::ivr_test::tests::test_ivr_webhook_transfer ... ok
test call::app::ivr_test::tests::test_ivr_webhook_voicemail ... ok
test call::app::ivr_test::tests::test_ivr_with_tts_greeting ... ok
test call::app::queue_test::tests::test_agent_ring_timeout ... ok
test call::app::queue_test::tests::test_autonomous_routing_all_agents_busy_plays_busy_prompt ... ok
test call::app::queue_test::tests::test_autonomous_routing_no_agents ... ok
test call::app::queue_test::tests::test_autonomous_routing_with_agent_registry ... ok
test call::app::queue_test::tests::test_callback_disabled_ignores_dtmf ... ok
test call::app::queue_test::tests::test_callback_dtmf_before_offer_time_ignored ... ok
test call::app::queue_test::tests::test_callback_dtmf_request ... ok
test call::app::queue_test::tests::test_callback_no_confirm_prompt_hangs_up_immediately ... ok
test call::app::queue_test::tests::test_callback_wrong_dtmf_key_ignored ... ok
test call::app::ivr::executor::tests::test_http_provider_remote_hangup_skips_end_webhook ... ok
test call::app::queue_test::tests::test_final_destination_prompt_no_agents_plays_prompt ... ok
test call::app::queue_test::tests::test_queue_agent_busy_retry ... ok
test call::app::queue_test::tests::test_queue_agent_connected_event ... ok
test call::app::queue_test::tests::test_queue_all_agents_busy_fallback ... ok
test call::app::queue_test::tests::test_queue_app_name ... ok
test call::app::queue_test::tests::test_queue_app_name_default ... ok
test call::app::queue_test::tests::test_queue_basic_enter ... ok
test call::app::queue_test::tests::test_queue_busy_prompt_agent_exhaustion ... ok
test call::app::queue_test::tests::test_queue_busy_prompt_all_agents_busy ... ok
test call::app::queue_test::tests::test_queue_busy_prompt_max_wait_timeout ... ok
test call::app::queue_test::tests::test_queue_complex_scenario ... ok
test call::app::queue_test::tests::test_queue_config_to_plan ... ok
test call::app::queue_test::tests::test_queue_hold_music_completes ... ok
test call::app::queue_test::tests::test_queue_no_agents_fallback ... ok
test call::app::queue_test::tests::test_queue_no_agents_no_fallback_returns_busy ... ok
test call::app::queue_test::tests::test_queue_no_answer_prompt_all_agents_noanswer ... ok
test call::app::queue_test::tests::test_queue_no_answer_prompt_fallback_to_busy_when_mixed ... ok
test call::app::queue_test::tests::test_queue_no_answer_prompt_ring_timeout ... ok
test call::app::queue_test::tests::test_queue_no_answer_prompt_without_config_fallsback_directly ... ok
test call::app::queue_test::tests::test_queue_no_hold_music ... ok
test call::app::queue_test::tests::test_queue_no_immediate_answer ... ok
test call::app::queue_test::tests::test_queue_no_prompts_transfers_directly ... ok
test call::app::queue_test::tests::test_queue_parallel_all_agents_busy_fallback ... ok
test call::app::queue_test::tests::test_queue_parallel_originate_all_cancel_rest ... ok
test call::app::queue_test::tests::test_queue_play_then_hangup_fallback ... ok
test call::app::queue_test::tests::test_queue_redirect_fallback ... ok
test call::app::queue_test::tests::test_queue_remote_hangup ... ok
test call::app::queue_test::tests::test_queue_to_queue_fallback ... ok
test call::app::queue_test::tests::test_queue_transfer_prompt ... ok
test call::app::queue_test::tests::test_queue_transfer_prompt_english ... ok
test call::app::queue_test::tests::test_skill_routing_no_agents_plays_busy_prompt ... ok
test call::domain::command::tests::call_command_conference_new_variants ... ok
test call::domain::command::tests::call_command_requires_media ... ok
test call::domain::command::tests::call_command_serialization_roundtrip ... ok
test call::domain::command::tests::call_command_signaling_only ... ok
test call::domain::command::tests::call_command_target_leg ... ok
test call::domain::foundation_identity::tests::canonical_derivation_matches_the_control_plane_vectors ... ok
test call::domain::foundation_identity::tests::canonical_parsers_reject_role_confusion_and_noncanonical_values ... ok
test call::domain::foundation_identity::tests::deserialization_cannot_bypass_identifier_validation ... ok
test call::domain::foundation_identity::tests::native_identity_keeps_business_and_provider_roles_distinct ... ok
test call::domain::foundation_identity::tests::native_identity_rejects_unattested_or_unfenced_projection_data ... ok
test call::domain::hangup::tests::hangup_command_all ... ok
test call::domain::hangup::tests::hangup_command_remote ... ok
test call::domain::hangup::tests::system_hangup_reason_display ... ok
test call::domain::leg::tests::leg_id_display ... ok
test call::domain::leg::tests::leg_state_transitions ... ok
test call::domain::native_call::tests::cancelling_then_observing_late_2xx_never_revives_the_leg ... ok
test call::domain::native_call::tests::durable_fork_winner_cancels_siblings_and_late_non_winner_is_acked_then_ended ... ok
test call::domain::native_call::tests::held_transfer_abort_restores_held_state ... ok
test call::domain::native_call::tests::mailbox_and_timer_pressure_fail_closed_without_losing_existing_work ... ok
test call::domain::native_call::tests::protocol_dialog_history_and_global_ownership_are_bounded ... ok
test call::domain::native_call::tests::revision_overflow_and_invalid_bounds_never_partially_mutate ... ok
test call::domain::native_call::tests::stale_authority_and_dedupe_pressure_fail_without_mutation ... ok
test call::domain::native_call::tests::transfer_selection_and_negotiation_preserve_one_selected_leg ... ok
test call::domain::native_call::tests::transitions_are_fenced_and_identical_events_replay_without_mutation ... ok
test call::domain::policy::tests::media_source_file ... ok
test call::domain::policy::tests::ringback_policy_default ... ok
test call::domain::policy::tests::session_policy_consultation ... ok
test call::domain::policy::tests::session_policy_inbound_sip ... ok
test call::domain::policy::tests::session_policy_rwi_originate ... ok
test call::domain::sip_effect::tests::bounded_ledger_and_retry_after_fail_closed ... ok
test call::domain::sip_effect::tests::conflicting_receipt_and_stale_revision_preserve_existing_state ... ok
test call::domain::sip_effect::tests::durable_effect_transitions_and_receipt_replay_are_fenced ... ok
test call::domain::sip_effect::tests::prepare_validates_wire_identity_and_replays_only_exact_input ... ok
test call::domain::sip_effect::tests::repair_exhaustion_hash_and_claim_token_bounds_are_exact ... ok
test call::domain::sip_effect::tests::semantic_receipts_never_promote_transport_acceptance_to_completion ... ok
test call::domain::sip_effect::tests::unknown_repair_attempts_stop_at_the_hard_ceiling ... ok
test call::domain::sip_effect::tests::unknown_requires_query_claim_and_a_higher_repair_epoch ... ok
test call::domain::state::tests::media_capability_from_path ... ok
test call::domain::state::tests::media_runtime_profile_anchored ... ok
test call::domain::state::tests::media_runtime_profile_bypass ... ok
test call::domain::transfer_event::tests::refer_notify_mailbox_rejects_full_and_closed_without_waiting ... ok
test call::domain::transfer_event::tests::subscriber_limit_is_independent_from_per_subscriber_queue_capacity ... ok
test call::policy::tests::test_check_policy_allows_when_no_limits ... ok
test call::policy::tests::test_check_policy_records_concurrency_hold ... ok
test call::policy::tests::test_check_policy_uses_policy_id_for_concurrency ... ok
test call::policy::tests::test_check_policy_uses_policy_id_for_daily_limit ... ok
test call::policy::tests::test_check_policy_uses_policy_id_for_frequency_limit ... ok
test call::queue_config::tests::test_convert_to_queue_plan ... ok
test call::queue_config::tests::test_parse_toml_parallel_queue ... ok
test call::queue_config::tests::test_parse_toml_sequential_queue ... ok
test call::queue_config::tests::test_roundtrip_toml ... ok
test call::queue_config::tests::test_validate_empty_agents ... ok
test call::queue_config::tests::test_validate_invalid_uri ... ok
test call::runtime::app_runtime::tests::app_descriptor_ivr ... ok
test call::runtime::app_runtime::tests::app_descriptor_signaling ... ok
test call::runtime::app_runtime::tests::app_descriptor_voicemail ... ok
test call::runtime::app_runtime::tests::app_status_display ... ok
test call::runtime::app_runtime::tests::capability_check_missing ... ok
test call::runtime::app_runtime::tests::capability_check_satisfied ... ok
test call::runtime::app_runtime_contract_tests::tests::adaptive_profile_starts_with_limited_capability ... ok
test call::runtime::app_runtime_contract_tests::tests::anchored_mode_supports_all_operations ... ok
test call::runtime::app_runtime_contract_tests::tests::anchored_profile_has_full_capability ... ok
test call::runtime::app_runtime_contract_tests::tests::app_status_display_values ... ok
test call::runtime::app_runtime_contract_tests::tests::app_status_idle_is_default ... ok
test call::runtime::app_runtime_contract_tests::tests::audio_complete_event_contract ... ok
test call::runtime::app_runtime_contract_tests::tests::bypass_mode_identifies_unsupported_operations ... ok
test call::runtime::app_runtime_contract_tests::tests::bypass_profile_has_signaling_only_capability ... ok
test call::runtime::app_runtime_contract_tests::tests::custom_event_contract ... ok
test call::runtime::app_runtime_contract_tests::tests::dtmf_event_parsing_contract ... ok
test call::runtime::app_runtime_contract_tests::tests::full_satisfies_all_requirements ... ok
test call::runtime::app_runtime_contract_tests::tests::hangup_event_contract ... ok
test call::runtime::app_runtime_contract_tests::tests::ivr_denied_in_bypass ... ok
test call::runtime::app_runtime_contract_tests::tests::ivr_requires_full_capability ... ok
test call::runtime::app_runtime_contract_tests::tests::ivr_works_in_anchored ... ok
test call::runtime::app_runtime_contract_tests::tests::limited_satisfies_limited_and_signaling ... ok
test call::runtime::app_runtime_contract_tests::tests::queue_requires_full_capability ... ok
test call::runtime::app_runtime_contract_tests::tests::recording_complete_event_contract ... ok
test call::runtime::app_runtime_contract_tests::tests::signaling_app_works_in_bypass ... ok
test call::runtime::app_runtime_contract_tests::tests::signaling_only_satisfies_only_signaling ... ok
test call::runtime::app_runtime_contract_tests::tests::timeout_event_contract ... ok
test call::runtime::app_runtime_contract_tests::tests::voicemail_requires_full_capability ... ok
test call::runtime::command_executor::tests::command_result_degraded ... ok
test call::runtime::command_executor::tests::command_result_failure ... ok
test call::runtime::command_executor::tests::command_result_success ... ok
test call::runtime::command_executor::tests::execution_context_media_check_play_bypass ... ok
test call::runtime::command_executor::tests::execution_context_media_check_record_anchored ... ok
test call::runtime::command_executor::tests::execution_context_media_check_record_bypass ... ok
test call::runtime::command_executor::tests::execution_context_media_check_signaling ... ok
test call::runtime::conference_manager::tests::test_add_remove_participant_with_audio ... ok
test call::runtime::conference_manager::tests::test_auto_destroy_on_all_leave ... ok
test call::runtime::conference_manager::tests::test_auto_destroy_on_last_participant ... ok
test call::runtime::conference_manager::tests::test_concurrent_participants ... ok
test call::runtime::conference_manager::tests::test_conference_manager_creation ... ok
test call::runtime::conference_manager::tests::test_conference_stats ... ok
test call::runtime::conference_manager::tests::test_conference_timeout_auto_destroy ... ok
test call::runtime::conference_manager::tests::test_create_destroy_conference ... ok
test call::runtime::conference_manager::tests::test_cross_conference_isolation ... ok
test call::runtime::conference_manager::tests::test_duplicate_participant ... ok
test call::runtime::conference_manager::tests::test_get_conference_for_leg ... ok
test call::runtime::conference_manager::tests::test_host_role_and_end_by_host ... ok
test call::runtime::conference_manager::tests::test_list_conferences ... ok
test call::runtime::conference_manager::tests::test_list_conferences_detail ... ok
test call::runtime::conference_manager::tests::test_max_participants_limit ... ok
test call::runtime::conference_manager::tests::test_mute_all_participants ... ok
test call::runtime::conference_manager::tests::test_mute_unmute ... ok
test call::runtime::conference_manager::tests::test_remove_leg_from_all ... ok
test call::runtime::conference_manager::tests::test_remove_leg_from_all_triggers_auto_destroy ... ok
test call::runtime::conference_media_bridge::tests::test_bridge_handle_stop ... ok
test call::runtime::conference_media_bridge::tests::test_conference_bridge_creation ... ok
test call::runtime::conference_media_bridge::tests::test_conference_bridge_handle_drop_cancels_tasks ... ok
test call::runtime::conference_media_bridge::tests::test_forward_loop_audio_encoding ... ok
test call::runtime::conference_media_bridge::tests::test_forward_loop_cancel_immediately ... ok
test call::runtime::conference_media_bridge::tests::test_forward_loop_g722_resamples_from_mixer_8khz ... ok
test call::runtime::conference_media_bridge::tests::test_forward_loop_g722_uses_encoder_sample_rate ... ok
test call::runtime::conference_media_bridge::tests::test_forward_loop_resampling ... ok
test call::runtime::conference_media_bridge::tests::test_forward_loop_sequence_increment ... ok
test call::runtime::conference_media_bridge::tests::test_full_duplex_bridge ... ok
test call::runtime::conference_media_bridge::tests::test_reverse_loop_passthrough_when_rate_matches ... ok
test call::runtime::conference_media_bridge::tests::test_reverse_loop_resamples_opus_48khz_to_mixer_8khz ... ok
test call::runtime::conference_media_bridge::tests::test_reverse_loop_sends_to_mixer ... ok
test call::runtime::conference_media_bridge::tests::test_session_conference_bridge_lifecycle ... ok
test call::runtime::conference_media_bridge::tests::test_session_conference_bridge_stop_on_replace ... ok
test call::runtime::conference_media_bridge::tests::test_start_bridge_requires_output_rx ... ok
test call::runtime::default_app_runtime::tests::test_parse_audio_complete_event ... ok
test call::runtime::default_app_runtime::tests::test_parse_custom_event ... ok
test call::runtime::default_app_runtime::tests::test_parse_dtmf_collected_event ... ok
test call::runtime::default_app_runtime::tests::test_parse_dtmf_event ... ok
test call::runtime::default_app_runtime::tests::test_parse_missing_type ... ok
test call::runtime::default_app_runtime::tests::test_parse_unknown_event ... ok
test call::runtime::integration_tests::tests::call_direction_conversion ... ok
test call::runtime::integration_tests::tests::call_status_conversion_to_legacy ... ok
test call::runtime::integration_tests::tests::registry_adapter_multiple_sessions ... ok
test call::runtime::integration_tests::tests::registry_adapter_remove ... ok
test call::runtime::integration_tests::tests::registry_adapter_update_entry ... ok
test call::runtime::integration_tests::tests::registry_adapter_wraps_active_proxy_call_registry ... ok
test call::runtime::integration_tests::tests::sip_session_bridge_command ... ok
test call::runtime::integration_tests::tests::sip_session_execute_command_updates_state ... ok
test call::runtime::integration_tests::tests::sip_session_handle_commands ... ok
test call::runtime::integration_tests::tests::sip_session_is_default ... ok
test call::runtime::integration_tests::tests::sip_session_media_command ... ok
test call::runtime::integration_tests::tests::sip_session_with_registry ... ok
test call::runtime::queue_manager::tests::test_dequeue_nonexistent_leg ... ok
test call::runtime::queue_manager::tests::test_enqueue_dequeue ... ok
test call::runtime::queue_manager::tests::test_get_position ... ok
test call::runtime::queue_manager::tests::test_priority_ordering ... ok
test call::runtime::queue_manager::tests::test_queue_stats ... ok
test call::runtime::registry_runtime::tests::active_call_view_creation ... ok
test call::runtime::registry_runtime::tests::call_direction_display ... ok
test call::runtime::registry_runtime::tests::call_status_display ... ok
test call::runtime::registry_runtime::tests::registry_adapter_with_registry ... ok
test call::runtime::session_runtime::tests::test_bridge_config ... ok
test call::runtime::session_runtime::tests::test_session_id_display ... ok
test call::tests::all_webrtc_targets_return_true ... ok
test call::tests::application_flow_returns_false ... ok
test call::tests::dialplan_voicemail_enabled_can_be_set ... ok
test call::tests::dialplan_voicemail_enabled_independent_of_call_forwarding ... ok
test call::tests::empty_targets_returns_false_for_all_webrtc ... ok
test call::tests::mixed_targets_return_false ... ok
test call::tests::new_dialplan_has_voicemail_enabled_false_by_default ... ok
test call::tests::queue_fallback_to_next_when_dial_strategy_is_empty ... ok
test call::tests::queue_with_empty_dial_strategy_and_empty_next_returns_false ... ok
test call::tests::queue_with_non_webrtc_targets_in_dial_strategy_returns_false ... ok
test call::tests::queue_with_webrtc_targets_in_dial_strategy_returns_true ... ok
test call::tests::single_non_webrtc_target_returns_false ... ok
test call::tests::single_webrtc_target_returns_true ... ok
test call::user::tests::merge_with_does_not_override_voicemail_disabled_when_true ... ok
test call::user::tests::merge_with_propagates_voicemail_disabled_when_not_yet_set ... ok
test call::user::tests::voicemail_disabled_can_be_set_true ... ok
test call::user::tests::voicemail_disabled_default_is_false ... ok
test callrecord::sipflow_upload::tests::test_hook_runs_inline ... ok
test callrecord::sipflow_upload::tests::test_sipflow_config_default_no_upload ... ok
test callrecord::sipflow_upload::tests::test_sipflow_remote_config_default_no_upload ... ok
test callrecord::sipflow_upload::tests::test_upload_config_parse_http ... ok
test callrecord::sipflow_upload::tests::test_upload_config_parse_remote_http ... ok
test callrecord::sipflow_upload::tests::test_upload_config_parse_s3 ... ok
test callrecord::sipflow_upload::tests::test_upload_config_signaling_default_none ... ok
test callrecord::sipflow_upload::tests::test_upload_config_signaling_enabled_http ... ok
test callrecord::sipflow_upload::tests::test_upload_config_signaling_enabled_s3 ... ok
test callrecord::sipflow_upload::tests::test_upload_config_signaling_remote_s3 ... ok
test callrecord::tests::sink_warning_claim_is_rate_limited ... ok
test callrecord::tests::test_builder_applies_bounded_call_record_channel_capacity ... ok
test callrecord::tests::test_builder_rejects_invalid_call_record_channel_capacity ... ok
test callrecord::tests::test_builder_with_explicit_noop_preserves_bounded_queue ... ok
test callrecord::tests::test_builder_without_callrecord_config_uses_noop_saver ... ok
test callrecord::tests::test_call_record_filename_sanitization ... ok
test callrecord::tests::test_database_saver_requires_database_url ... ok
test callrecord::tests::test_hangup_reason_abandoned_display ... ok
test callrecord::tests::test_hangup_reason_abandoned_distinct_from_canceled ... ok
test callrecord::tests::test_hangup_reason_abandoned_from_str ... ok
test callrecord::tests::test_hangup_reason_abandoned_roundtrip ... ok
test callrecord::tests::test_save_with_http_with_custom_headers ... ok
test callrecord::tests::test_save_with_http_with_media ... ok
test callrecord::tests::test_save_with_http_without_media ... ok
test callrecord::tests::test_save_with_s3_like_memory_store ... ok
test callrecord::tests::test_save_with_s3_like_with_custom_headers ... ok
test callrecord::tests::test_save_with_s3_like_with_media ... ok
test config::tests::callrecord_database_persistence_can_be_disabled ... ok
test config::tests::callrecord_database_persistence_defaults_to_enabled ... ok
test config::tests::callrecord_worker_threads_are_configurable ... ok
test config::tests::test_callrecord_max_concurrent_is_shared_config ... ok
test config::tests::test_config_clone_preserves_all_fields ... ok
test config::tests::test_rtp_config_uses_proxy_addr_for_bind_ip ... ok
test config::tests::test_select_realm ... ok
test config::tests::test_session_timer_mode_defaults_to_supported_when_enabled ... ok
test config::tests::test_session_timer_mode_uses_always_flag ... ok
test console::auth::tests::additional_users_allowed_when_enabled ... ok
test console::auth::tests::first_user_becomes_superuser_and_blocks_when_disabled ... ok
test console::auth::tests::registration_policy_allows_initial_user ... ok
test console::catalog::tests::test_scan_ivr_catalog_with_generated_file ... ok
test console::catalog::tests::test_scan_queue_catalog_with_multi_queue_file ... ok
test console::handlers::call_record::tests::build_record_payload_contains_basic_fields ... ok
test console::handlers::call_record::tests::build_record_payload_includes_outbound_trunk_metadata ... ok
test console::handlers::call_record::tests::delete_call_record_allowed_for_superuser ... ok
test console::handlers::call_record::tests::delete_call_record_denied_without_permission ... ok
test console::handlers::call_record::tests::extract_channel_extracts_left_channel ... ok
test console::handlers::call_record::tests::extract_channel_extracts_right_channel ... ok
test console::handlers::call_record::tests::extract_channel_output_is_valid_wav ... ok
test console::handlers::call_record::tests::extract_channel_rejects_mono_wav ... ok
test console::handlers::call_record::tests::extract_channel_rejects_nonexistent_file ... ok
test console::handlers::call_record::tests::load_filters_returns_defaults ... ok
test console::handlers::call_record::tests::parse_recording_stream_selector_accepts_aliases ... ok
test console::handlers::call_record::tests::parse_recording_stream_selector_defaults_to_a_leg ... ok
test console::handlers::call_record::tests::parse_recording_stream_selector_rejects_unknown_values ... ok
test console::handlers::call_record::tests::recording_payload_no_streams_for_external_url ... ok
test console::handlers::call_record::tests::recording_payload_returns_none_when_no_recording ... ok
test console::handlers::call_record::tests::recording_payload_supports_streams_for_local_file_path ... ok
test console::handlers::call_record::tests::recording_payload_supports_streams_with_inline_url ... ok
test console::handlers::diagnostics::tests::resolve_candidate_ips_accepts_bracketed_uri ... ok
test console::handlers::diagnostics::tests::resolve_candidate_ips_accepts_sip_uri ... ok
test console::handlers::diagnostics::tests::send_options_udp_marks_success ... ok
test console::handlers::extension::tests::create_extension_allowed_for_superuser ... ok
test console::handlers::extension::tests::create_extension_denied_without_permission ... ok
test console::handlers::extension::tests::csv_import_extensions_basic ... ok
test console::handlers::extension::tests::csv_import_extensions_duplicate ... ok
test console::handlers::extension::tests::csv_import_extensions_empty_extension ... ok
test console::handlers::extension::tests::csv_import_extensions_invalid_bool ... ok
test console::handlers::extension::tests::csv_import_extensions_with_departments ... ok
test console::handlers::extension::tests::delete_extension_denied_without_permission ... ok
test console::handlers::extension::tests::query_extensions_filters_by_department ... ok
test console::handlers::extension::tests::update_extension_denied_without_permission ... ok
test console::handlers::routing::tests::create_routing_allowed_for_superuser ... ok
test console::handlers::routing::tests::create_routing_denied_without_permission ... ok
test console::handlers::routing::tests::delete_routing_denied_without_permission ... ok
test console::handlers::routing::tests::forwarding_catalog_queue_has_reference ... ok
test console::handlers::routing::tests::route_document_roundtrip_through_metadata ... ok
test console::handlers::routing::tests::route_document_serialization_preserves_source_trunk_and_trunks ... ok
test console::handlers::routing::tests::update_routing_denied_without_permission ... ok
test console::handlers::setting::tests::assign_and_fetch_user_roles ... ok
test console::handlers::setting::tests::cannot_delete_system_role ... ok
test console::handlers::setting::tests::create_and_delete_custom_role ... ok
test console::handlers::setting::tests::follow_logs_keeps_position_when_truncated ... ok
test console::handlers::setting::tests::follow_logs_resets_on_rotation ... ok
test console::handlers::setting::tests::list_roles_returns_seeded_roles ... ok
test console::handlers::setting::tests::read_recent_log_lines_limits_tail ... ok
test console::handlers::sip_trunk::tests::create_sip_trunk_allowed_for_superuser ... ok
test console::handlers::sip_trunk::tests::create_sip_trunk_denied_without_permission ... ok
test console::handlers::sip_trunk::tests::delete_sip_trunk_denied_without_permission ... ok
test console::handlers::sip_trunk::tests::update_sip_trunk_denied_without_permission ... ok
test console::handlers::tests::pending_reloads_handler_false_initially ... ok
test console::handlers::tests::pending_reloads_handler_true_after_mark ... ok
test console::i18n::tests::detect_locale_defaults_when_unsupported ... ok
test console::i18n::tests::detect_locale_from_accept_language ... ok
test console::i18n::tests::detect_locale_from_cookie ... ok
test console::i18n::tests::fallback_to_default_locale ... ok
test console::i18n::tests::fallback_to_key_when_missing ... ok
test console::i18n::tests::get_translations_json_is_nested ... ok
test console::i18n::tests::lookup_existing_key ... ok
test console::i18n::tests::variable_interpolation ... ok
test console::middleware::tests::resolve_agent_id_returns_none_without_wholesale_feature ... ok
test console::middleware::tests::superuser_has_no_agent_id ... ok
test console::middleware::tests::user_without_agent_record_returns_none ... ok
test console::tests::base_path_and_api_prefix_work_correctly ... ok
test console::tests::build_current_user_ctx_contains_expected_fields ... ok
test console::tests::pending_reload_mark_and_clear ... ok
test console::tests::permission_cache_evicts_lru_entries_beyond_cap ... ok
test console::tests::permission_cache_is_populated ... ok
test console::tests::superuser_has_wildcard_permission ... ok
test console::tests::user_with_viewer_role_has_read_permissions ... ok
test console::tests::user_without_roles_has_no_permissions ... ok
test handler::ami::reload_addon_tests::build_local_reload_map_empty ... ok
test handler::ami::reload_addon_tests::build_local_reload_map_error_result ... ok
test handler::ami::reload_addon_tests::build_local_reload_map_multiple_addons ... ok
test handler::ami::reload_addon_tests::build_local_reload_map_ok_result ... ok
test handler::ami::reload_addon_tests::build_local_reload_map_reports_missing_handler ... ok
test handler::ami::reload_addon_tests::reload_addon_params_defaults_to_no_sync ... ok
test handler::ami::reload_addon_tests::reload_addon_params_parses_sync_cluster_false ... ok
test handler::ami::reload_addon_tests::reload_addon_params_parses_sync_cluster_true ... ok
test handler::middleware::ami_auth::tests::ami_config_allows_localhost_by_default ... ok
test handler::middleware::ami_auth::tests::ami_config_cidr_allows_matching_ipv4_network ... ok
test handler::middleware::ami_auth::tests::ami_config_cidr_allows_matching_ipv6_network ... ok
test handler::middleware::ami_auth::tests::ami_config_denies_remote_ip_by_default ... ok
test handler::middleware::ami_auth::tests::ami_config_empty_allows_list_denies_all ... ok
test handler::middleware::ami_auth::tests::ami_config_explicit_list_allows_only_listed ... ok
test handler::middleware::ami_auth::tests::ami_config_wildcard_allows_any_ip ... ok
test http_util::tests::keepalive_pool_retains_one_connection_per_cdr_save_slot ... ok
test http_util::tests::test_http_fetch_options_builder ... ok
test http_util::tests::test_http_fetch_options_default ... ok
test ivekit_audio_tap::tests::authorization_accepts_only_explicit_routed_header ... ok
test ivekit_audio_tap::tests::full_capture_queue_drops_without_waiting ... ok
test ivekit_audio_tap::tests::oversized_control_envelope_is_rejected ... ok
test ivekit_audio_tap::tests::pcm_envelope_is_bounded_and_self_describing ... ok
test ivekit_audio_tap::tests::pcmu_decoder_normalizes_to_pcm16_16khz ... ok
test ivekit_audio_tap::tests::stream_frame_prefix_is_big_endian_payload_length ... ok
test ivekit_dialog_shadow::tests::recovered_dialog_sides_are_strict_symmetric_and_media_aligned ... ok
test ivekit_dialog_shadow::tests::recovered_terminating_pair_is_finalization_only_and_keeps_recovery_capsules ... ok
test ivekit_dialog_shadow::tests::recovered_update_builds_one_pair_with_shared_takeover_identity ... ok
test ivekit_dialog_shadow::tests::relayed_headers_drop_dialog_transaction_and_authentication_identity ... ok
test ivekit_dual_leg_cdr::tests::bounded_spool_writer_persists_before_acknowledgement ... ok
test ivekit_dual_leg_cdr::tests::concurrent_spool_attempts_use_distinct_temporary_paths ... ok
test ivekit_dual_leg_cdr::tests::durable_receipt_must_match_the_configured_region ... ok
test ivekit_dual_leg_cdr::tests::payload_preserves_real_sip_call_id_and_absent_winning_branch ... ok
test ivekit_dual_leg_cdr::tests::permanent_failure_is_quarantined_without_blocking_the_spool ... ok
test ivekit_dual_leg_cdr::tests::production_cdr_requires_mtls_files ... ok
test ivekit_dual_leg_cdr::tests::projected_service_key_allows_group_read_but_rejects_group_write ... ok
test ivekit_dual_leg_cdr::tests::projected_service_key_symlink_must_resolve_inside_mount ... ok
test ivekit_dual_leg_cdr::tests::recovered_reservations_are_scoped_to_distinct_legs ... ok
test ivekit_dual_leg_cdr::tests::recovered_sequence_is_fenced_by_owner_epoch ... ok
test ivekit_dual_leg_cdr::tests::retry_schedule_is_persistent_and_per_record ... ok
test ivekit_dual_leg_cdr::tests::saturated_spool_writer_backpressure_does_not_block_os_threads ... ok
test ivekit_dual_leg_cdr::tests::spool_records_are_private_and_stale_temporary_files_are_removed ... ok
test ivekit_dual_leg_cdr::tests::spool_scanner_bounds_each_pass_and_eventually_visits_the_cycle ... ok
test ivekit_dual_leg_cdr::tests::spool_writer_retries_failed_batch_without_acknowledging_loss ... ok
test ivekit_dual_leg_cdr::tests::startup_recovers_t1_region_upload_claim_for_background_replay ... ok
test ivekit_dual_leg_cdr::tests::uploader_retries_configuration_and_transient_statuses_only ... ok
test ivekit_media_control::tests::cross_language_command_id_vector ... ok
test ivekit_media_control::tests::inflight_limit_rejects_before_transport ... ok
test ivekit_media_control::tests::malformed_rejection_is_not_projected_as_deterministic ... ok
test ivekit_media_control::tests::media_event_decoder_is_incremental_and_owner_bound ... ok
test ivekit_media_control::tests::media_event_decoder_rejects_invalid_protocol_and_unbounded_lines ... ok
test ivekit_media_control::tests::media_terminal_event_decoder_is_incremental_and_owner_bound ... ok
test ivekit_media_control::tests::media_terminal_event_decoder_rejects_variant_smuggling ... ok
test ivekit_media_control::tests::processing_ivr_payloads_are_strictly_validated ... ok
test ivekit_media_control::tests::production_rejects_plain_http ... ok
test ivekit_media_control::tests::response_limit_is_enforced_incrementally ... ok
test ivekit_media_control::tests::sequence_allocator_is_per_call_and_bounded ... ok
test ivekit_media_control::tests::traceparent_is_stable_per_call_and_bounded_by_sampling ... ok
test ivekit_media_lifecycle::tests::admission_binding_is_bounded_and_requires_owner_epoch ... ok
test ivekit_media_lifecycle::tests::branch_and_leg_limits_are_enforced ... ok
test ivekit_media_lifecycle::tests::cancel_before_offer_does_not_allocate_or_delete ... ok
test ivekit_media_lifecycle::tests::close_after_early_and_final_media_is_idempotent ... ok
test ivekit_media_lifecycle::tests::close_after_early_media_uses_both_dialog_tags ... ok
test ivekit_media_lifecycle::tests::close_reconciles_a_lost_offer_result_before_deleting_media ... ok
test ivekit_media_lifecycle::tests::delete_is_replayed_with_stable_identity_after_unknown ... ok
test ivekit_media_lifecycle::tests::dialog_branch_identity_is_stable_bounded_and_pii_free ... ok
test ivekit_media_lifecycle::tests::disabled_rwi_originate_media_preserves_logical_sdp ... ok
test ivekit_media_lifecycle::tests::early_and_final_answer_return_committed_effective_sdp ... ok
test ivekit_media_lifecycle::tests::execution_profile_keeps_non_relay_workloads_local ... ok
test ivekit_media_lifecycle::tests::fallback_policy_must_be_explicit ... ok
test ivekit_media_lifecycle::tests::mismatched_committed_snapshot_is_treated_as_unknown ... ok
test ivekit_media_lifecycle::tests::non_2xx_ack_does_not_allocate_media ... ok
test ivekit_media_lifecycle::tests::offer_early_and_final_answer_sequences_are_monotonic ... ok
test ivekit_media_lifecycle::tests::offerless_invite_waits_for_late_offer_without_allocating_media ... ok
test ivekit_media_lifecycle::tests::only_one_early_branch_can_win ... ok
test ivekit_media_lifecycle::tests::ordinary_relay_uses_effective_offer_before_outbound_invite ... ok
test ivekit_media_lifecycle::tests::processing_app_answer_commits_single_leg_without_remote_sdp ... ok
test ivekit_media_lifecycle::tests::processing_capacity_and_retryable_failures_require_sip_backoff ... ok
test ivekit_media_lifecycle::tests::processing_ivr_commands_are_owner_fenced_and_sequence_ordered ... ok
test ivekit_media_lifecycle::tests::processing_offer_contains_frozen_media_profile ... ok
test ivekit_media_lifecycle::tests::processing_playback_terminal_event_restores_application_track_id ... ok
test ivekit_media_lifecycle::tests::processing_profile_keeps_supported_ivr_on_external_media ... ok
test ivekit_media_lifecycle::tests::processing_session_routes_sip_info_digit_with_stable_event_identity ... ok
test ivekit_media_lifecycle::tests::processing_terminal_events_require_current_owner_and_media_reservation ... ok
test ivekit_media_lifecycle::tests::recovered_committed_media_resumes_after_takeover_sequence_one ... ok
test ivekit_media_lifecycle::tests::recovered_media_takeover_is_the_first_command_of_the_higher_epoch ... ok
test ivekit_media_lifecycle::tests::recovered_media_takeover_replays_the_exact_command_after_unknown ... ok
test ivekit_media_lifecycle::tests::recovered_media_takeover_resumes_after_a_lost_success_response ... ok
test ivekit_media_lifecycle::tests::runtime_mode_accepts_only_the_ordinary_relay_profile ... ok
test ivekit_media_lifecycle::tests::rwi_originate_media_prepare_is_fail_closed ... ok
test ivekit_media_lifecycle::tests::rwi_originate_processing_chain_uses_effective_sdp_and_closes ... ok
test ivekit_media_lifecycle::tests::sip_tags_follow_rfc_3261_token_grammar ... ok
test ivekit_media_lifecycle::tests::terminal_media_events_project_to_application_completion_events ... ok
test ivekit_media_lifecycle::tests::unknown_freezes_mutations_until_reconcile ... ok
test ivekit_media_lifecycle::tests::unresolved_media_takeover_freezes_without_deleting_the_session ... ok
test ivekit_owner::tests::component_node_identifier_remains_strict ... ok
test ivekit_owner::tests::owner_accepts_standard_sip_call_ids ... ok
test ivekit_owner::tests::owner_contract_rejects_partial_processing_profile ... ok
test ivekit_owner::tests::owner_contract_rejects_unknown_media_profile ... ok
test ivekit_owner::tests::owner_rejects_malformed_or_unsafe_sip_call_ids ... ok
test ivekit_owner::tests::processing_profile_requires_g711_opus_payloads_and_twenty_millisecond_ptime ... ok
test ivekit_recording::tests::spool_discards_empty_segment_created_after_rotation ... ok
test ivekit_recording::tests::spool_publishes_opaque_segment_manifest_and_durable_index ... ok
test media::audio_source::audio_source_predecode_tests::test_mix_stereo_to_mono_identity ... ok
test media::audio_source::audio_source_predecode_tests::test_mix_stereo_to_mono_two_channels ... ok
test media::audio_source::audio_source_predecode_tests::test_predecode_loop_reset ... ok
test media::audio_source::audio_source_predecode_tests::test_predecode_respects_channels ... ok
test media::audio_source::audio_source_predecode_tests::test_predecode_skip_large_file ... ok
test media::audio_source::audio_source_predecode_tests::test_predecode_small_wav ... ok
test media::audio_source::tests::test_audio_source_manager_completion_notify_on_exhaustion ... ok
test media::audio_source::tests::test_audio_source_manager_no_source_returns_silence ... ok
test media::audio_source::tests::test_audio_source_manager_silence ... ok
test media::audio_source::tests::test_estimate_duration_g722 ... ok
test media::audio_source::tests::test_estimate_duration_g729 ... ok
test media::audio_source::tests::test_estimate_duration_missing_file_returns_default ... ok
test media::audio_source::tests::test_estimate_duration_pcmu_raw ... ok
test media::audio_source::tests::test_estimate_duration_unknown_extension_uses_pcm_formula ... ok
test media::audio_source::tests::test_estimate_duration_wav_exact ... ok
test media::audio_source::tests::test_estimate_duration_wav_short ... ok
test media::audio_source::tests::test_resampling_downsample_44100_to_8000 ... ok
test media::audio_source::tests::test_resampling_same_rate_passthrough ... ok
test media::audio_source::tests::test_resampling_upsample_8000_to_16000 ... ok
test media::audio_source::tests::test_silence_source_fills_zeros ... ok
test media::audio_source::tests::test_silence_source_reset ... ok
test media::audio_source::tests::test_wav_file_source_eof_no_loop ... ok
test media::audio_source::tests::test_wav_file_source_loop ... ok
test media::audio_source::tests::test_wav_file_source_missing_file ... ok
test media::audio_source::tests::test_wav_file_source_reads_samples ... ok
test media::bridge::tests::full_audio_tap_queue_does_not_block_bridge_forwarding ... ok
test media::bridge::tests::recorder_capture_counts_samples_seen_before_recorder_start ... ok
test media::bridge::tests::recorder_capture_drain_waits_for_accepted_samples ... ok
test media::bridge::tests::test_bridge_as_webrtc_answerer ... ok
test media::bridge::tests::test_bridge_dtmf_mapping_rewrites_payload_type_and_clock_rate ... ok
test media::bridge::tests::test_bridge_dtmf_mapping_uses_shared_timing_when_available ... ok
test media::bridge::tests::test_bridge_e2e_rtp_to_webrtc_filters_g729_offer ... ok
test media::bridge::tests::test_bridge_e2e_webrtc_to_rtp_pcmu_only ... ok
test media::bridge::tests::test_bridge_file_output_polls_file_track_source ... ok
test media::bridge::tests::test_bridge_file_output_restores_peer_on_eof ... ok
test media::bridge::tests::test_bridge_file_output_restores_peer_on_eof_both_legs ... ok
test media::bridge::tests::test_bridge_file_output_sets_marker_on_first_frame ... ok
test media::bridge::tests::test_bridge_forwarding_passthrough_without_transcoder ... ok
test media::bridge::tests::test_bridge_peer_creation ... ok
test media::bridge::tests::test_bridge_rtp_side_respects_configured_audio_capabilities ... ok
test media::bridge::tests::test_bridge_sdp_format_differences ... ok
test media::bridge::tests::test_bridge_session_id_propagated_from_builder ... ok
test media::bridge::tests::test_bridge_set_transcoder ... ok
test media::bridge::tests::test_bridge_setup_with_external_tracks ... ok
test media::bridge::tests::test_bridge_transcoding_in_forwarding_loop ... ok
test media::bridge::tests::test_bridge_webrtc_side_respects_configured_audio_capabilities ... ok
test media::bridge::tests::test_bridge_with_custom_sender_codecs ... ok
test media::bridge::tests::test_full_rtp_to_webrtc_bridge_flow ... ok
test media::bridge::tests::test_full_webrtc_to_rtp_bridge_flow ... ok
test media::bridge::tests::test_p2p_webrtc_to_rtp_bridge ... ok
test media::bridge::tests::test_sip_to_sip_bridge_has_no_webrtc ... ok
test media::bridge::tests::test_transcoder_opus_to_g722 ... ok
test media::bridge::tests::test_transcoder_opus_to_pcmu ... ok
test media::bridge::tests::test_transcoder_opus_to_pcmu_roundtrip_quality ... ok
test media::bridge::tests::test_video_payload_map_matches_codec_identity_not_payload_number ... ok
test media::conference_mixer::tests::test_add_remove_participant ... ok
test media::conference_mixer::tests::test_audio_mixing ... ok
test media::conference_mixer::tests::test_audio_mixing_with_gains ... ok
test media::conference_mixer::tests::test_concurrent_audio_streams ... ok
test media::conference_mixer::tests::test_conference_mixer_creation ... ok
test media::conference_mixer::tests::test_mixer_drop_without_stop_aborts_task ... ok
test media::conference_mixer::tests::test_mute ... ok
test media::conference_mixer::tests::test_participant_join_mid_conference ... ok
test media::conference_mixer::tests::test_participant_leave_mid_conference ... ok
test media::conference_mixer::tests::test_route_gain_supervisor_listen ... ok
test media::conference_mixer::tests::test_route_gain_supervisor_whisper ... ok
test media::conference_mixer::tests::test_three_participant_conference ... ok
test media::engine::mcu_switch::tests::test_mcu_switch_idempotent_bridge ... ok
test media::engine::mcu_switch::tests::test_mcu_switch_lifecycle ... ok
test media::engine::mcu_switch::tests::test_media_mode_equality ... ok
test media::engine::tests::test_attach_detach_bridge ... ok
test media::engine::tests::test_bridge_legs_events ... ok
test media::engine::tests::test_command_name ... ok
test media::engine::tests::test_command_on_nonexistent_session ... ok
test media::engine::tests::test_delegated_command_events ... ok
test media::engine::tests::test_destroy_session_cleans_up_recorder ... ok
test media::engine::tests::test_engine_add_remove_leg ... ok
test media::engine::tests::test_engine_create_destroy_session ... ok
test media::engine::tests::test_inject_audio_both_stores_two_track_ids ... ok
test media::engine::tests::test_inject_audio_mute_peer ... ok
test media::engine::tests::test_inject_audio_produces_play_started ... ok
test media::engine::tests::test_inject_audio_to_single_leg ... ok
test media::engine::tests::test_media_event_session_id ... ok
test media::engine::tests::test_mute_unmute_leg_bridge_output_mode ... ok
test media::engine::tests::test_pause_recording_flag_visible_after_event ... ok
test media::engine::tests::test_play_event_session_id ... ok
test media::engine::tests::test_play_file_produces_play_started ... ok
test media::engine::tests::test_play_silence_no_event ... ok
test media::engine::tests::test_reaper_evicts_stale_session ... ok
test media::engine::tests::test_reaper_keeps_active_session ... ok
test media::engine::tests::test_recording_codec_fallback_pcmu ... ok
test media::engine::tests::test_recording_codec_from_leg_profile ... ok
test media::engine::tests::test_recording_double_start_fails ... ok
test media::engine::tests::test_recording_pause_resume ... ok
test media::engine::tests::test_recording_pending_start_rejects_duplicate ... ok
test media::engine::tests::test_recording_start_stop_with_reply ... ok
test media::engine::tests::test_recording_stop_does_not_block_engine_on_busy_recorder ... ok
test media::engine::tests::test_send_dtmf_no_bridge_is_noop ... ok
test media::engine::tests::test_send_dtmf_unknown_digit_error ... ok
test media::engine::tests::test_send_dtmf_with_bridge_injects_packets ... ok
test media::engine::tests::test_session_id_extraction ... ok
test media::engine::tests::test_stop_playback_after_inject_both_clears_all_tracks ... ok
test media::engine::tests::test_stop_playback_noop ... ok
test media::engine::transport::tests::test_resolve_audio_path_absolute ... ok
test media::engine::transport::tests::test_resolve_audio_path_http ... ok
test media::file_track_tests::test_audio_frame_timing_g722_splits_pcm_rate_from_rtp_clock ... ok
test media::file_track_tests::test_file_track_cancel_stops_rtp ... ok
test media::file_track_tests::test_file_track_completion_drives_audio_complete_event ... ok
test media::file_track_tests::test_file_track_creation ... ok
test media::file_track_tests::test_file_track_generates_sdp ... ok
test media::file_track_tests::test_file_track_looping_playback ... ok
test media::file_track_tests::test_file_track_missing_file_error ... ok
test media::file_track_tests::test_file_track_multiple_codecs ... ok
test media::file_track_tests::test_file_track_opus_codec_sdp ... ok
test media::file_track_tests::test_file_track_playback_completion ... ok
test media::file_track_tests::test_file_track_playback_completion_accurate ... ok
test media::file_track_tests::test_file_track_playback_starts ... ok
test media::file_track_tests::test_file_track_session_id ... ok
test media::file_track_tests::test_file_track_set_remote_description ... ok
test media::file_track_tests::test_file_track_start_playback_uses_codec_info_payload_type ... ok
test media::file_track_tests::test_file_track_stop_drives_interrupted_audio_complete ... ok
test media::file_track_tests::test_start_playback_on_external_pc_delivers_rtp ... ok
test media::file_track_tests::test_start_playback_on_none_backward_compatible ... ok
test media::forwarding_track::tests::audio_frame_transcoded_to_egress_pt ... ok
test media::forwarding_track::tests::audio_tap_full_channel_does_not_block_media ... ok
test media::forwarding_track::tests::both_recorder_and_sipflow_receive_sample ... ok
test media::forwarding_track::tests::dtmf_frame_bypasses_active_transcoder ... ok
test media::forwarding_track::tests::dtmf_frame_passed_through_when_egress_has_no_dtmf_capability ... ok
test media::forwarding_track::tests::dtmf_pt_remapped_to_egress_pt_when_pts_differ ... ok
test media::forwarding_track::tests::no_recorder_tx_is_noop ... ok
test media::forwarding_track::tests::recorder_full_channel_counts_drop_without_blocking ... ok
test media::forwarding_track::tests::sample_forwarded_to_recorder_channel ... ok
test media::forwarding_track::tests::sipflow_full_channel_does_not_block ... ok
test media::forwarding_track::tests::sipflow_tx_receives_sample ... ok
test media::media_engine_tests::media_engine_tests::bench_audio_mixer_4ch_20ms ... ok
test media::media_engine_tests::media_engine_tests::bench_dtmf_detection ... ok
test media::media_engine_tests::media_engine_tests::bench_engine_dispatch_throughput ... ok
test media::media_engine_tests::media_engine_tests::bench_engine_session_lifecycle ... ok
test media::media_engine_tests::media_engine_tests::bench_parking_lot_mutex_contention ... ok
test media::media_engine_tests::media_engine_tests::test_audio_mixer_different_length_frames ... ok
test media::media_engine_tests::media_engine_tests::test_audio_mixer_full_volume_no_clip ... ok
test media::media_engine_tests::media_engine_tests::test_audio_mixer_mismatched_gains_returns_empty ... ok
test media::media_engine_tests::media_engine_tests::test_audio_mixer_single_frame ... ok
test media::media_engine_tests::media_engine_tests::test_leg_id_creation ... ok
test media::media_engine_tests::media_engine_tests::test_leg_id_equality ... ok
test media::media_engine_tests::media_engine_tests::test_leg_id_from_str ... ok
test media::media_engine_tests::media_engine_tests::test_leg_id_from_string ... ok
test media::media_engine_tests::media_engine_tests::test_leg_id_hash ... ok
test media::media_engine_tests::media_engine_tests::test_leg_id_into_string ... ok
test media::media_engine_tests::media_engine_tests::test_leg_id_serde_roundtrip ... ok
test media::media_engine_tests::media_engine_tests::test_media_command_name ... ok
test media::media_engine_tests::media_engine_tests::test_media_command_session_id ... ok
test media::media_engine_tests::media_engine_tests::test_media_event_dtmf_collected_serde ... ok
test media::media_engine_tests::media_engine_tests::test_media_event_play_started_serde ... ok
test media::media_engine_tests::media_engine_tests::test_media_event_session_created_serde ... ok
test media::media_engine_tests::media_engine_tests::test_media_event_session_id_extraction ... ok
test media::media_engine_tests::media_engine_tests::test_track_map_insert_lookup ... ok
test media::media_engine_tests::media_engine_tests::test_track_map_remove ... ok
test media::media_track_tests::test_file_track_basic ... ok
test media::media_track_tests::test_file_track_handshake ... ok
test media::media_track_tests::test_file_track_rtp_mode ... ok
test media::media_track_tests::test_file_track_with_external_ip ... ok
test media::media_track_tests::test_media_track_codec_preference ... ok
test media::media_track_tests::test_media_track_get_peer_connection ... ok
test media::media_track_tests::test_media_track_handshake ... ok
test media::media_track_tests::test_media_track_multiple_operations ... ok
test media::media_track_tests::test_media_track_preserves_custom_dtmf_rtpmap ... ok
test media::media_track_tests::test_media_track_rtp_mode_basic ... ok
test media::media_track_tests::test_media_track_rtp_with_external_ip ... ok
test media::media_track_tests::test_media_track_stop ... ok
test media::media_track_tests::test_media_track_webrtc_mode_basic ... ok
test media::media_track_tests::test_pcmu_only_preference_excludes_wideband_codecs ... ok
test media::mixer::tests::test_audio_mixer_basic ... ok
test media::mixer::tests::test_audio_mixer_empty ... ok
test media::mixer::tests::test_audio_mixer_mix_frames_with_zero_gain ... ok
test media::mixer::tests::test_audio_mixer_mix_multiple_frames ... ok
test media::mixer::tests::test_audio_mixer_saturation_handling ... ok
test media::mixer::tests::test_audio_mixer_with_gain ... ok
test media::mixer_e2e_tests::mixer_e2e_tests::test_gain_application_in_mixer ... ok
test media::mixer_e2e_tests::mixer_e2e_tests::test_mixer_negative_samples ... ok
test media::mixer_e2e_tests::mixer_e2e_tests::test_mixer_saturation_at_boundary ... ok
test media::mixer_e2e_tests::mixer_e2e_tests::test_mixing_with_different_gains ... ok
test media::negotiate::tests::test_answer_codec_selection_respects_answerer_preference ... ok
test media::negotiate::tests::test_bridge_codecs_empty_allow_codecs_fallback ... ok
test media::negotiate::tests::test_bridge_codecs_ignores_unrecognized_rtpmap_entries ... ok
test media::negotiate::tests::test_bridge_codecs_keep_policy_codecs ... ok
test media::negotiate::tests::test_bridge_codecs_prefer_no_transcode_opus ... ok
test media::negotiate::tests::test_bridge_codecs_preserves_caller_dtmf_payload_types_and_rates ... ok
test media::negotiate::tests::test_bridge_codecs_preserves_caller_payload_type ... ok
test media::negotiate::tests::test_bridge_codecs_rtp_caller_webrtc_callee ... ok
test media::negotiate::tests::test_bridge_codecs_webrtc_caller_rtp_callee_pcmu_only ... ok
test media::negotiate::tests::test_build_callee_offer_g722_preserves_caller_pt ... ok
test media::negotiate::tests::test_build_callee_offer_g722_with_16k_rtpmap ... ok
test media::negotiate::tests::test_build_callee_offer_g729_preserves_caller_pt ... ok
test media::negotiate::tests::test_build_caller_answer_filters_g729_when_not_allowed ... ok
test media::negotiate::tests::test_callee_offer_appends_dtmf_in_final_audio_clock_order ... ok
test media::negotiate::tests::test_callee_offer_generates_dtmf_when_caller_omits_it ... ok
test media::negotiate::tests::test_callee_offer_includes_dtmf_when_allow_codecs_is_audio_only ... ok
test media::negotiate::tests::test_caller_answer_does_not_generate_missing_dtmf ... ok
test media::negotiate::tests::test_caller_answer_falls_back_to_offered_codec_for_transcoding ... ok
test media::negotiate::tests::test_caller_answer_filters_dtmf_by_final_audio_clock_rate ... ok
test media::negotiate::tests::test_caller_answer_includes_dtmf_when_allow_codecs_is_audio_only ... ok
test media::negotiate::tests::test_caller_answer_prefers_peer_answered_codec ... ok
test media::negotiate::tests::test_codec_info_to_audio_capability ... ok
test media::negotiate::tests::test_default_codecs ... ok
test media::negotiate::tests::test_extract_codec_params ... ok
test media::negotiate::tests::test_extract_codec_params_order_preference ... ok
test media::negotiate::tests::test_extract_codec_params_preserves_dtmf_offer_order ... ok
test media::negotiate::tests::test_extract_leg_profile_g722 ... ok
test media::negotiate::tests::test_extract_leg_profile_g729 ... ok
test media::negotiate::tests::test_g722_clock_rate_preserves_sdp_value ... ok
test media::negotiate::tests::test_negotiate_codec ... ok
test media::negotiate::tests::test_negotiate_codec_g722_selected_when_first_in_local ... ok
test media::negotiate::tests::test_negotiate_codec_g729_selected ... ok
test media::negotiate::tests::test_negotiate_codec_no_match ... ok
test media::negotiate::tests::test_offer_constrained_list_is_subset_in_preferred_order ... ok
test media::negotiate::tests::test_offer_constrained_list_uses_policy_order_without_peer_answer ... ok
test media::negotiate::tests::test_parse_dynamic_payload_type_fallback ... ok
test media::negotiate::tests::test_parse_dynamic_payload_type_fallback_111 ... ok
test media::negotiate::tests::test_parse_rtp_map ... ok
test media::negotiate::tests::test_parse_static_payload_types ... ok
test media::negotiate::tests::test_passthrough_offer_never_generates_missing_policy_codecs ... ok
test media::negotiate::tests::test_performance_strategy_keeps_only_caller_codecs ... ok
test media::negotiate::tests::test_policy_order_with_pcma_first_in_allow ... ok
test media::negotiate::tests::test_quality_strategy_appends_and_orders ... ok
test media::negotiate::tests::test_restrict_answer_preserves_rtp_video_attributes_for_rtp_caller ... ok
test media::negotiate::tests::test_restrict_sdp_to_reference_codecs_can_keep_transcoded_audio ... ok
test media::negotiate::tests::test_restrict_sdp_to_reference_codecs_preserves_caller_payload_types ... ok
test media::negotiate::tests::test_rewrite_sdp_codec_list_filters_and_preserves_connection ... ok
test media::negotiate::tests::test_rewrite_sdp_codec_list_uses_dtmf_clock_rate ... ok
test media::negotiate::tests::test_select_best_codec_g722_first_in_remote ... ok
test media::negotiate::tests::test_select_best_codec_g729_allowed ... ok
test media::negotiate::tests::test_select_best_codec_skips_telephone_event ... ok
test media::negotiate::tests::test_select_best_codec_with_preference ... ok
test media::negotiate::tests::test_webrtc_offer_filter_falls_back_when_policy_is_g729_only ... ok
test media::negotiate::tests::test_webrtc_offer_filter_removes_g729 ... ok
test media::recorder::tests::test_channel_selection_mono ... ok
test media::recorder::tests::test_channel_selection_stereo ... ok
test media::recorder::tests::test_interleave_pcmu ... ok
test media::recorder::tests::test_mix_pcmu_both_active ... ok
test media::recorder::tests::test_mix_pcmu_both_silent ... ok
test media::recorder::tests::test_mix_pcmu_one_silent ... ok
test media::recorder::tests::test_mix_prevents_clipping ... ok
test media::recorder_tests::recorder_advanced_tests::repro_recorder_inflates_duration_when_frame_bytes_exceed_rtp_span ... ok
test media::recorder_tests::recorder_advanced_tests::test_dtmf_generator_all_digits ... ok
test media::recorder_tests::recorder_advanced_tests::test_dtmf_generator_different_sample_rates ... ok
test media::recorder_tests::recorder_advanced_tests::test_dtmf_generator_duration_scaling ... ok
test media::recorder_tests::recorder_advanced_tests::test_dtmf_generator_extended_digits ... ok
test media::recorder_tests::recorder_advanced_tests::test_dtmf_generator_invalid_digit ... ok
test media::recorder_tests::recorder_advanced_tests::test_dtmf_recording ... ok
test media::recorder_tests::recorder_advanced_tests::test_dual_leg_recording_stereo ... ok
test media::recorder_tests::recorder_advanced_tests::test_dynamic_opus_payload_type_uses_codec_hint ... ok
test media::recorder_tests::recorder_advanced_tests::test_dynamic_opus_payload_type_uses_stored_leg_payloads ... ok
test media::recorder_tests::recorder_advanced_tests::test_opus_converts_to_pcmu ... ok
test media::recorder_tests::recorder_advanced_tests::test_recorder_alignment_with_gaps ... ok
test media::recorder_tests::recorder_advanced_tests::test_recorder_dtmf_all_digits ... ok
test media::recorder_tests::recorder_advanced_tests::test_recorder_dtmf_event_payload ... ok
test media::recorder_tests::recorder_advanced_tests::test_recorder_dtmf_ignores_duplicate_terminal_packets ... ok
test media::recorder_tests::recorder_advanced_tests::test_recorder_dtmf_invalid_payload ... ok
test media::recorder_tests::recorder_advanced_tests::test_recorder_dtmf_timestamp_uses_event_clock_rate ... ok
test media::recorder_tests::recorder_advanced_tests::test_recorder_dtmf_uses_event_clock_rate ... ok
test media::recorder_tests::recorder_advanced_tests::test_recorder_dual_leg_recording ... ok
test media::recorder_tests::recorder_advanced_tests::test_recorder_empty_finalize ... ok
test media::recorder_tests::recorder_advanced_tests::test_recorder_g729_stereo ... ok
test media::recorder_tests::recorder_advanced_tests::test_recorder_handles_183_early_media_then_200_ok_stream_switch ... ok
test media::recorder_tests::recorder_advanced_tests::test_recorder_high_sample_rate ... ok
test media::recorder_tests::recorder_advanced_tests::test_recorder_multiple_finalize ... ok
test media::recorder_tests::recorder_advanced_tests::test_recorder_nominal_pcmu_packet_size_matches_rtp_duration ... ok
test media::recorder_tests::recorder_advanced_tests::test_recorder_prefers_raw_rtp_payload_over_mutated_frame_data ... ok
test media::recorder_tests::recorder_advanced_tests::test_recorder_resets_timeline_on_rtp_stream_switch ... ok
test media::recorder_tests::recorder_advanced_tests::test_recorder_single_channel_recording ... ok
test media::recorder_tests::recorder_advanced_tests::test_recorder_transcoding ... ok
test media::recorder_tests::recorder_advanced_tests::test_recorder_uses_frame_clock_rate_for_timestamp_alignment ... ok
test media::recorder_tests::recorder_advanced_tests::test_recorder_wav_header_g722 ... ok
test media::recorder_tests::recorder_advanced_tests::test_recorder_wav_header_pcma ... ok
test media::recorder_tests::recorder_advanced_tests::test_recorder_wav_header_pcmu ... ok
test media::recorder_tests::recorder_advanced_tests::test_supported_codecs ... ok
test media::transcoder::tests::test_rewrite_dtmf_duration_48k_to_8k ... ok
test media::transcoder::tests::test_rewrite_dtmf_duration_8k_to_48k ... ok
test media::transcoder::tests::test_rewrite_dtmf_duration_identity ... ok
test media::transcoder::tests::test_rewrite_dtmf_duration_short_payload ... ok
test media::transcoder::tests::test_rtp_timing_cross_clock_rate_48k_to_8k ... ok
test media::transcoder::tests::test_rtp_timing_cross_clock_rate_8k_to_48k ... ok
test media::transcoder::tests::test_rtp_timing_monotonic_sequence ... ok
test media::transcoder::tests::test_rtp_timing_same_clock_rate ... ok
test media::transcoder::tests::test_transcoder_g722_to_pcmu ... ok
test media::transcoder::tests::test_transcoder_g729_to_pcmu ... ok
test media::transcoder::tests::test_transcoder_multiple_frames ... ok
test media::transcoder::tests::test_transcoder_pcma_to_pcmu ... ok
test media::transcoder::tests::test_transcoder_pcmu_to_g722 ... ok
test media::transcoder::tests::test_transcoder_pcmu_to_g729 ... ok
test media::transcoder::tests::test_transcoder_pcmu_to_opus ... ok
test media::transcoder::tests::test_transcoder_pcmu_to_pcma ... ok
test media::transcoder::tests::test_transcoder_preserves_timestamp ... ok
test media::transcoder::tests::test_transcoder_silence_pcmu_to_pcma_roundtrip ... ok
test media::transcoding_pipeline::tests::test_pcmu_roundtrip ... ok
test media::unified_pc_tests::test_audio_source_has_data ... ok
test media::unified_pc_tests::test_audio_source_manager_file_switching ... ok
test media::unified_pc_tests::test_resampling_audio_source_8k_to_16k ... ok
test media::unified_pc_tests::test_unified_pc_no_reinvite_needed ... ok
test media::wav_reader::tests::test_data_before_fmt ... ok
test media::wav_reader::tests::test_duration_pcm ... ok
test media::wav_reader::tests::test_duration_pcmu ... ok
test media::wav_reader::tests::test_empty_data ... ok
test media::wav_reader::tests::test_fmt_extra_bytes ... ok
test media::wav_reader::tests::test_g722_multiple_frames ... ok
test media::wav_reader::tests::test_g722_single_frame ... ok
test media::wav_reader::tests::test_g729_multiple_frames ... ok
test media::wav_reader::tests::test_g729_partial_frame_padded ... ok
test media::wav_reader::tests::test_g729_single_frame ... ok
test media::wav_reader::tests::test_ieee_float_32bit ... ok
test media::wav_reader::tests::test_ieee_float_64bit ... ok
test media::wav_reader::tests::test_into_inner ... ok
test media::wav_reader::tests::test_junk_chunk_skipped ... ok
test media::wav_reader::tests::test_list_and_fact_chunks ... ok
test media::wav_reader::tests::test_missing_riff_tag ... ok
test media::wav_reader::tests::test_missing_wave_tag ... ok
test media::wav_reader::tests::test_no_data_chunk ... ok
test media::wav_reader::tests::test_no_fmt_chunk ... ok
test media::wav_reader::tests::test_open_from_file ... ok
test media::wav_reader::tests::test_open_missing_file ... ok
test media::wav_reader::tests::test_partial_read ... ok
test media::wav_reader::tests::test_pcm_16bit_mono ... ok
test media::wav_reader::tests::test_pcm_16bit_stereo ... ok
test media::wav_reader::tests::test_pcm_24bit ... ok
test media::wav_reader::tests::test_pcm_32bit_roundtrip ... ok
test media::wav_reader::tests::test_pcm_8bit_roundtrip ... ok
test media::wav_reader::tests::test_pcma_large ... ok
test media::wav_reader::tests::test_pcma_wav_decode ... ok
test media::wav_reader::tests::test_pcmu_large ... ok
test media::wav_reader::tests::test_pcmu_wav_decode ... ok
test media::wav_reader::tests::test_roundtrip_pcma ... ok
test media::wav_reader::tests::test_roundtrip_pcmu ... ok
test media::wav_reader::tests::test_single_sample ... ok
test media::wav_reader::tests::test_wav_format_roundtrip_tag ... ok
test media::wav_reader::tests::test_wav_spec_byte_rate ... ok
test media::wav_reader::tests::test_wav_spec_format_tag ... ok
test media::wav_reader::tests::test_writer_create_file_roundtrip ... ok
test media::wav_reader::tests::test_writer_reader_roundtrip_mono ... ok
test media::wav_reader::tests::test_writer_reader_roundtrip_stereo ... ok
test metrics::tests::test_metrics_macros_compile ... ok
test models::call_record::tests::extract_sip_username_empty_and_whitespace ... ok
test models::call_record::tests::extract_sip_username_full_uri ... ok
test models::call_record::tests::extract_sip_username_plain_number ... ok
test models::call_record::tests::extract_sip_username_tel_uri ... ok
test models::call_record::tests::extract_sip_username_with_whitespace_trim ... ok
test models::extension::tests::extension_can_map_to_multiple_departments ... ok
test models::rbac::tests::admin_has_no_system_write ... ok
test models::rbac::tests::roles_are_seeded ... ok
test models::rbac::tests::roles_are_system ... ok
test models::rbac::tests::superadmin_has_ami_access ... ok
test models::rbac::tests::user_role_assignment ... ok
test models::rbac::tests::viewer_has_no_write_permissions ... ok
test models::routing::tests::selection_strategy_accepts_aliases ... ok
test models::routing::tests::selection_strategy_serializes_with_canonical_names ... ok
test proxy::acl::tests::runtime_trunk_index_matches_cidr_and_invite_prefix ... ok
test proxy::acl::tests::test_acl_rules ... ok
test proxy::acl::tests::test_default_rules ... ok
test call::app::queue_test::tests::test_cumulative_escalation_does_not_crash ... ok
test proxy::acl::tests::test_dos_concurrent_limit_and_release ... ok
test proxy::acl::tests::test_dos_cps_limit ... ok
test proxy::acl::tests::test_dos_independent_per_ip ... ok
test proxy::acl::tests::test_dos_scan_detection ... ok
test proxy::acl::tests::test_parse_network ... ok
test proxy::acl::tests::trunk_context_does_not_match_inbound_dest_only ... ok
test proxy::acl::tests::trunk_context_ignores_outbound_dest_same_ip ... ok
test proxy::active_call_registry::tests::admission_lease_owns_call_and_dialog_indexes_until_drop ... ok
test proxy::active_call_registry::tests::authoritative_identity_is_indexed_by_business_call_id ... ok
test proxy::active_call_registry::tests::authoritative_registration_composes_native_call_leg_and_dialog_authority ... ok
test proxy::active_call_registry::tests::authoritative_registration_rejects_provider_identity_confusion ... ok
test proxy::active_call_registry::tests::capacity_rejects_new_work_without_mutating_existing_call ... ok
test proxy::active_call_registry::tests::concurrent_capacity_admission_never_exceeds_the_hard_ceiling ... ok
test proxy::active_call_registry::tests::concurrent_same_call_leg_publication_and_close_leave_no_orphan_cell ... ok
test proxy::active_call_registry::tests::conflicting_native_call_authority_cannot_add_a_second_provider_leg ... ok
test proxy::active_call_registry::tests::dialog_history_is_deduplicated_and_bounded ... ok
test proxy::active_call_registry::tests::failed_dialog_admission_rolls_back_the_new_call_slot ... ok
test proxy::active_call_registry::tests::invalid_native_leg_direction_rolls_back_every_registry_index ... ok
test proxy::active_call_registry::tests::native_authority_accepts_projection_revision_drift_but_rejects_owner_change ... ok
test proxy::active_call_registry::tests::native_dialog_capacity_failure_preserves_both_index_layers ... ok
test proxy::active_call_registry::tests::native_leg_capacity_failure_rolls_back_all_secondary_indexes ... ok
test proxy::active_call_registry::tests::new_call_admission_rejects_duplicate_provider_ids_without_replacing_the_handle ... ok
test proxy::active_call_registry::tests::one_business_call_indexes_multiple_provider_legs_and_removes_them_independently ... ok
test proxy::active_call_registry::tests::poisoned_native_call_isolated_from_other_call_authority ... ok
test proxy::active_call_registry::tests::test_multiple_sessions_independent ... ok
test proxy::active_call_registry::tests::test_remove_cleans_all_dialog_handles ... ok
test proxy::active_call_registry::tests::test_single_trunk_call_no_leak ... ok
test proxy::active_call_registry::tests::test_unregister_dialog_partial ... ok
test proxy::call::tests::default_resolve_always_forwarding_queue_missing_returns_480 ... ok
test proxy::call::tests::default_resolve_always_forwarding_uri_bypasses_offline_locator ... ok
test proxy::call::tests::default_resolve_application_carries_routed_headers ... ok
test proxy::call::tests::default_resolve_applies_source_trunk_codecs_from_trunk_context ... ok
test proxy::call::tests::default_resolve_does_not_set_marker_for_external_callee ... ok
test proxy::call::tests::default_resolve_does_not_set_marker_for_online_user ... ok
test proxy::call::tests::default_resolve_falls_through_external_callee_to_locs ... ok
test proxy::call::tests::default_resolve_partial_recording_policy_inherits_global_policy_fields ... ok
test proxy::call::tests::default_resolve_preserves_rewritten_route_uris_in_dialplan ... ok
test proxy::call::tests::default_resolve_recording_enable_hint_false_disables_global_policy ... ok
test proxy::call::tests::default_resolve_sets_offline_marker_for_empty_locator ... ok
test proxy::call::tests::default_resolve_uses_request_uri_for_same_realm_detection ... ok
test proxy::call::tests::default_resolve_wholesale_trunk_gets_marker_and_empty_targets ... ok
test proxy::call::tests::default_route_uses_acl_context_for_source_trunk ... ok
test proxy::call::tests::loop_guard_external_callee_falls_through_offline_flag_ignored ... ok
test proxy::call::tests::loop_guard_external_callee_falls_through_to_locs ... ok
test proxy::call::tests::loop_guard_same_realm_offline_returns_empty_targets ... ok
test proxy::call::tests::loop_guard_same_realm_online_user_passes ... ok
test proxy::call::tests::resolve_callee_uri_falls_back_to_to_header ... ok
test proxy::call::tests::resolve_callee_uri_prefers_request_uri ... ok
test proxy::call::tests::resolve_unhandled_targets_external_callee_retains_locs ... ok
test proxy::call::tests::resolve_unhandled_targets_same_realm_offline_returns_empty ... ok
test proxy::call::tests::test_build_dialplan_resolves_same_realm_target_destination ... ok
test proxy::call::tests::test_build_dialplan_skips_external_realm_targets ... ok
test proxy::call::tests::test_parse_refer_to_with_replaces ... ok
test proxy::call::tests::test_parse_refer_to_without_replaces ... ok
test proxy::call::tests::test_parse_replaces_header_basic ... ok
test proxy::call::tests::test_parse_replaces_header_missing ... ok
test proxy::capability_headers::tests::adds_allow_to_invite_requests ... ok
test proxy::capability_headers::tests::adds_allow_to_method_not_allowed_responses ... ok
test proxy::capability_headers::tests::adds_allow_to_successful_invite_responses ... ok
test proxy::capability_headers::tests::filters_non_call_methods_from_allow ... ok
test proxy::capability_headers::tests::skips_allow_for_non_invite_requests ... ok
test proxy::capability_headers::tests::skips_allow_for_non_invite_success_responses ... ok
test proxy::cluster_event::tests::test_agent_status_message_round_trip ... ok
test proxy::cluster_event::tests::test_agent_status_message_tagged_correctly ... ok
test proxy::cluster_event::tests::test_cluster_message_unknown_type_deserialize ... ok
test proxy::cluster_event::tests::test_event_source_local ... ok
test proxy::cluster_event::tests::test_event_source_local_clone ... ok
test proxy::cluster_event::tests::test_event_source_remote ... ok
test proxy::cluster_event::tests::test_handler_default_impls_compile ... ok
test proxy::cluster_event::tests::test_hub_local_does_not_double_update ... ok
test proxy::cluster_event::tests::test_hub_multiple_handlers ... ok
test proxy::cluster_event::tests::test_hub_notify_presence ... ok
test proxy::cluster_event::tests::test_hub_register_and_notify_locator ... ok
test proxy::cluster_event::tests::test_hub_remote_locator_updates_presence ... ok
test proxy::cluster_event::tests::test_hub_remote_presence_does_not_write_db ... ok
test proxy::cluster_event::tests::test_locator_event_full_round_trip ... ok
test proxy::cluster_event::tests::test_locator_event_offline_to_message ... ok
test proxy::cluster_event::tests::test_locator_event_to_message_registered ... ok
test proxy::cluster_event::tests::test_locator_event_to_message_unregistered ... ok
test proxy::cluster_event::tests::test_locator_message_empty_strings ... ok
test proxy::cluster_event::tests::test_locator_message_json_has_type_field ... ok
test proxy::cluster_event::tests::test_locator_message_round_trip_registered ... ok
test proxy::cluster_event::tests::test_locator_message_round_trip_unregistered ... ok
test proxy::cluster_event::tests::test_locator_message_to_event_invalid_aor ... ok
test proxy::cluster_event::tests::test_locator_message_to_event_invalid_event_type ... ok
test proxy::cluster_event::tests::test_locator_message_to_event_registered ... ok
test proxy::cluster_event::tests::test_locator_message_to_event_unregistered ... ok
test proxy::acl::tests::test_dos_block_clears_after_window ... ok
test proxy::cluster_event::tests::test_presence_message_empty_status ... ok
test proxy::cluster_event::tests::test_presence_message_json_has_type_field ... ok
test proxy::cluster_event::tests::test_presence_message_round_trip_available ... ok
test proxy::cluster_event::tests::test_presence_message_round_trip_busy ... ok
test proxy::cluster_event::tests::test_presence_message_to_state_available_backcompat ... ok
test proxy::cluster_event::tests::test_presence_message_to_state_away ... ok
test proxy::cluster_event::tests::test_presence_message_to_state_busy ... ok
test proxy::cluster_event::tests::test_presence_message_to_state_custom_falls_to_away ... ok
test proxy::cluster_event::tests::test_presence_message_to_state_idle ... ok
test proxy::cluster_event::tests::test_presence_message_to_state_offline ... ok
test proxy::cluster_event::tests::test_presence_message_to_state_ringing_wrapup ... ok
test proxy::cluster_event::tests::test_presence_state_full_round_trip ... ok
test proxy::cluster_event::tests::test_presence_state_to_message ... ok
test proxy::cluster_event::tests::test_presence_state_to_message_busy ... ok
test proxy::cluster_event::tests::test_queue_event_assign_message ... ok
test proxy::cluster_event::tests::test_queue_event_message_round_trip ... ok
test proxy::data::tests::acl_module_presence_check ... ok
test proxy::data::tests::convert_trunk_merges_sbc_ringback ... ok
test proxy::data::tests::convert_trunk_no_ringback_without_sbc_metadata ... ok
test proxy::data::tests::route_metadata_sets_ivr_fields ... ok
test proxy::data::tests::route_metadata_sets_queue_fields ... ok
test proxy::data::tests::route_metadata_sets_voicemail_fields ... ok
test proxy::data::tests::sbc_config_extracts_ringback_from_metadata ... ok
test proxy::data::tests::sbc_config_ringback_absent_when_not_in_metadata ... ok
test proxy::data::tests::slugify_queue_name_strips_whitespace ... ok
test proxy::data::tests::trunk_with_inbound_hosts_detected ... ok
test proxy::dialog_auth_cache::tests::test_cache_hit ... ok
test proxy::dialog_auth_cache::tests::test_cache_lru_eviction ... ok
test proxy::dialog_auth_cache::tests::test_cache_miss_different_source ... ok
test proxy::dialog_auth_cache::tests::test_cache_miss_unknown_dialog ... ok
test proxy::dialog_auth_cache::tests::test_cache_remove ... ok
test proxy::cluster_event::tests::test_offline_event_no_double_notification ... ok
test proxy::emergency::tests::test_emergency_disabled ... ok
test proxy::emergency::tests::test_emergency_matches_911 ... ok
test proxy::emergency::tests::test_emergency_no_config ... ok
test proxy::emergency::tests::test_emergency_no_match ... ok
test proxy::emergency::tests::test_emergency_not_invite ... ok
test proxy::locator::tests::dialog_target_locator_fallback_never_leaks_remote_destination ... ok
test proxy::locator::tests::dialog_target_locator_fallback_to_destination ... ok
test proxy::locator::tests::dialog_target_locator_keeps_contact_destination_for_non_registered_aor ... ok
test proxy::locator::tests::dialog_target_locator_routes_canonical_aor_via_home_proxy ... ok
test proxy::locator::tests::dialog_target_locator_routes_invalid_contact_via_remote_home_proxy ... ok
test proxy::locator::tests::dialog_target_locator_routes_local_registered_aor_to_destination ... ok
test proxy::locator::tests::dialog_target_locator_routes_registered_aor_via_home_proxy ... ok
test proxy::locator::tests::memory_locator_matches_localhost_alias ... ok
test proxy::locator::tests::memory_locator_orders_by_last_modified ... ok
test proxy::locator::tests::sort_locations_prefers_home_proxy_binding ... ok
test proxy::locator::tests::test_aor_like_pattern_format ... ok
test proxy::locator::tests::test_custom_realm_checker ... ok
test proxy::locator::tests::test_invalid_host_fallback_extracts_params ... ok
test proxy::locator::tests::test_invalid_host_fallback_matches_aor_ignores_params ... ok
test proxy::locator::tests::test_invalid_host_fallback_returns_none_for_no_user ... ok
test proxy::locator::tests::test_invalid_host_fallback_returns_none_for_non_invalid ... ok
test proxy::locator::tests::test_is_local_realm_logic ... ok
test proxy::locator::tests::test_is_location_expired ... ok
test proxy::locator::tests::test_is_webrtc_invalid_host ... ok
test proxy::locator::tests::test_is_within_unregister_grace ... ok
test proxy::locator::tests::test_lookup_with_invalid_host_but_registered_with_real_domain ... ok
test proxy::locator::tests::test_realm_matches_logic ... ok
test proxy::locator::tests::test_uri_matches_relaxed ... ok
test proxy::locator_db::tests::invalid_host_lookup_finds_binding_when_contact_user_differs_from_auth_username ... ok
test proxy::locator_db::tests::invalid_host_lookup_returns_empty_for_unknown_contact ... ok
test proxy::locator_db::tests::invalid_host_lookup_username_fallback_still_works ... ok
test proxy::locator_db::tests::invalid_host_lookup_with_ob_param_finds_exact_aor_without_ob ... ok
test proxy::locator_db::tests::register_prefers_destination_transport_for_websocket_connections ... ok
test proxy::nat::tests::test_nat_fix_rewritten_contact_should_not_duplicate_header_name ... ok
test proxy::number_pool::tests::usage_cache_is_bounded_and_increments ... ok
test proxy::pre_auth_registry::tests::lookup_and_remove_round_trip ... ok
test proxy::pre_auth_registry::tests::register_guard_cleans_up_on_drop ... ok
test proxy::pre_auth_registry::tests::register_replaces_existing_entry_for_same_addr ... ok
test proxy::pre_auth_registry::tests::ten_thousand_entries_have_constant_keyed_lookup ... ok
test proxy::presence::tests::test_locator_events ... ok
test proxy::presence::tests::test_presence_manager_state ... ok
test proxy::presence::tests::test_subscriber_management ... ok
test proxy::proxy_call::media_state::tests::test_anchored_mode_defaults_to_relay_only ... ok
test proxy::proxy_call::media_state::tests::test_bridge_playback_track_ids_tracks_both_legs_independently ... ok
test proxy::proxy_call::media_state::tests::test_needs_fast_path_downgrade_truth_table ... ok
test proxy::proxy_call::media_state::tests::test_only_forwarding_track_counts_as_slow_path ... ok
test proxy::proxy_call::media_state::tests::test_recording_phase_elapsed ... ok
test proxy::proxy_call::media_state::tests::test_recording_phase_idle_default ... ok
test proxy::proxy_call::media_state::tests::test_recording_phase_max_duration_not_expired ... ok
test proxy::proxy_call::media_state::tests::test_recording_phase_no_max_duration ... ok
test proxy::proxy_call::media_state::tests::test_recording_phase_paused ... ok
test proxy::proxy_call::media_state::tests::test_recording_phase_recording ... ok
test proxy::proxy_call::reporter::tests::missing_callee_terminal_data_stays_independent_from_the_caller ... ok
test proxy::proxy_call::reporter::tests::test_build_sip_leg_roles_uses_callee_call_ids ... ok
test proxy::proxy_call::reporter::tests::test_call_reporter_handles_closed_channel ... ok
test proxy::proxy_call::reporter::tests::test_resolve_user_info_mixed ... ok
test proxy::proxy_call::reporter::tests::test_resolve_user_info_normal ... ok
test proxy::proxy_call::reporter::tests::test_resolve_user_info_wholesale ... ok
test proxy::proxy_call::reporter::tests::test_resolve_user_info_with_empty_username ... ok
test proxy::proxy_call::reporter::tests::test_resolve_user_info_without_user ... ok
test proxy::proxy_call::session_registry::tests::test_add_remove_participant ... ok
test proxy::proxy_call::session_registry::tests::test_conference_mixer ... ok
test proxy::proxy_call::session_registry::tests::test_create_supervisor_mixer ... ok
test proxy::proxy_call::session_registry::tests::test_remove_mixer ... ok
test proxy::proxy_call::session_timer::session_timer_tests::tests::test_apply_refresh_response_disables_timer_without_session_expires ... ok
test proxy::proxy_call::session_timer::session_timer_tests::tests::test_apply_refresh_response_keeps_local_uac_without_session_expires_in_always_mode ... ok
test proxy::proxy_call::session_timer::session_timer_tests::tests::test_apply_refresh_response_keeps_local_uas_without_session_expires_in_always_mode ... ok
test proxy::proxy_call::session_timer::session_timer_tests::tests::test_apply_refresh_response_keeps_timer_active_with_session_expires ... ok
test proxy::proxy_call::session_timer::session_timer_tests::tests::test_build_default_session_timer_headers_include_supported_timer ... ok
test proxy::proxy_call::session_timer::session_timer_tests::tests::test_build_min_se_header ... ok
test proxy::proxy_call::session_timer::session_timer_tests::tests::test_build_session_expires_header ... ok
test proxy::proxy_call::session_timer::session_timer_tests::tests::test_build_session_timer_response_headers_do_not_require_timer_for_uac_refresher ... ok
test proxy::proxy_call::session_timer::session_timer_tests::tests::test_build_session_timer_response_headers_no_require_for_uas_refresher ... ok
test proxy::proxy_call::session_timer::session_timer_tests::tests::test_build_session_timer_response_headers_no_require_without_peer_support ... ok
test proxy::proxy_call::session_timer::session_timer_tests::tests::test_build_session_timer_response_headers_omit_min_se ... ok
test proxy::proxy_call::session_timer::session_timer_tests::tests::test_complete_refresh ... ok
test proxy::proxy_call::session_timer::session_timer_tests::tests::test_concurrent_timer_access ... ok
test proxy::proxy_call::session_timer::session_timer_tests::tests::test_deactivate ... ok
test proxy::proxy_call::session_timer::session_timer_tests::tests::test_expiration_time_when_active ... ok
test proxy::proxy_call::session_timer::session_timer_tests::tests::test_expiration_time_when_inactive ... ok
test proxy::proxy_call::session_timer::session_timer_tests::tests::test_fail_refresh ... ok
test proxy::proxy_call::session_timer::session_timer_tests::tests::test_full_refresh_cycle ... ok
test proxy::proxy_call::session_timer::session_timer_tests::tests::test_get_header_value_min_se ... ok
test proxy::proxy_call::session_timer::session_timer_tests::tests::test_get_header_value_not_found ... ok
test proxy::proxy_call::session_timer::session_timer_tests::tests::test_get_header_value_session_expires ... ok
test proxy::proxy_call::session_timer::session_timer_tests::tests::test_get_header_value_supported ... ok
test proxy::proxy_call::session_timer::session_timer_tests::tests::test_get_header_value_typed_min_se ... ok
test proxy::proxy_call::session_timer::session_timer_tests::tests::test_get_header_value_typed_session_expires ... ok
test proxy::proxy_call::session_timer::session_timer_tests::tests::test_get_min_se_value ... ok
test proxy::proxy_call::session_timer::session_timer_tests::tests::test_get_session_expires_value ... ok
test proxy::proxy_call::session_timer::session_timer_tests::tests::test_has_timer_support_no_supported_header ... ok
test proxy::proxy_call::session_timer::session_timer_tests::tests::test_has_timer_support_with_other_header ... ok
test proxy::proxy_call::session_timer::session_timer_tests::tests::test_has_timer_support_with_supported_header ... ok
test proxy::proxy_call::session_timer::session_timer_tests::tests::test_has_timer_support_without_timer ... ok
test proxy::proxy_call::session_timer::session_timer_tests::tests::test_is_expired_after_full_interval ... ok
test proxy::proxy_call::session_timer::session_timer_tests::tests::test_is_expired_at_interval ... ok
test proxy::proxy_call::session_timer::session_timer_tests::tests::test_is_expired_before_interval ... ok
test proxy::proxy_call::session_timer::session_timer_tests::tests::test_is_expired_when_inactive ... ok
test proxy::proxy_call::session_timer::session_timer_tests::tests::test_is_not_expired_before_full_interval ... ok
test proxy::proxy_call::session_timer::session_timer_tests::tests::test_is_not_expired_when_inactive ... ok
test proxy::proxy_call::session_timer::session_timer_tests::tests::test_is_timer_required_with_other_header ... ok
test proxy::proxy_call::session_timer::session_timer_tests::tests::test_is_timer_required_with_require_header ... ok
test proxy::proxy_call::session_timer::session_timer_tests::tests::test_is_timer_required_without_timer ... ok
test proxy::proxy_call::session_timer::session_timer_tests::tests::test_negotiate_session_interval_exact_min ... ok
test proxy::proxy_call::session_timer::session_timer_tests::tests::test_negotiate_session_interval_success ... ok
test proxy::proxy_call::session_timer::session_timer_tests::tests::test_negotiate_session_interval_too_small ... ok
test proxy::proxy_call::session_timer::session_timer_tests::tests::test_next_refresh_time_when_active ... ok
test proxy::proxy_call::session_timer::session_timer_tests::tests::test_next_refresh_time_when_inactive ... ok
test proxy::proxy_call::session_timer::session_timer_tests::tests::test_parse_min_se ... ok
test proxy::proxy_call::session_timer::session_timer_tests::tests::test_parse_min_se_invalid ... ok
test proxy::proxy_call::session_timer::session_timer_tests::tests::test_parse_session_expires_invalid ... ok
test proxy::proxy_call::session_timer::session_timer_tests::tests::test_parse_session_expires_with_refresher ... ok
test proxy::proxy_call::session_timer::session_timer_tests::tests::test_parse_session_expires_with_uas_refresher ... ok
test proxy::proxy_call::session_timer::session_timer_tests::tests::test_parse_session_expires_without_refresher ... ok
test proxy::proxy_call::session_timer::session_timer_tests::tests::test_refresh_failure_recovery ... ok
test proxy::proxy_call::session_timer::session_timer_tests::tests::test_remote_refresh_update ... ok
test proxy::proxy_call::session_timer::session_timer_tests::tests::test_require_timer ... ok
test proxy::proxy_call::session_timer::session_timer_tests::tests::test_reset ... ok
test proxy::proxy_call::session_timer::session_timer_tests::tests::test_rfc4028_refresh_at_half_interval ... ok
test proxy::proxy_call::session_timer::session_timer_tests::tests::test_rfc4028_session_expires_if_no_refresh ... ok
test proxy::proxy_call::session_timer::session_timer_tests::tests::test_select_client_timer_refresher_defaults_to_uac ... ok
test proxy::proxy_call::session_timer::session_timer_tests::tests::test_select_server_timer_refresher_defaults_to_uas_without_session_expires ... ok
test proxy::proxy_call::session_timer::session_timer_tests::tests::test_select_server_timer_refresher_defaults_to_uas_without_timer_support ... ok
test proxy::proxy_call::session_timer::session_timer_tests::tests::test_select_server_timer_refresher_uses_request_when_peer_supports_timer ... ok
test proxy::proxy_call::session_timer::session_timer_tests::tests::test_session_duration ... ok
test proxy::proxy_call::session_timer::session_timer_tests::tests::test_session_expires_various_intervals ... ok
test proxy::proxy_call::session_timer::session_timer_tests::tests::test_session_refresher_display ... ok
test proxy::proxy_call::session_timer::session_timer_tests::tests::test_session_refresher_from_str ... ok
test proxy::proxy_call::session_timer::session_timer_tests::tests::test_session_timer_expiration_logic ... ok
test proxy::proxy_call::session_timer::session_timer_tests::tests::test_session_timer_methods ... ok
test proxy::proxy_call::session_timer::session_timer_tests::tests::test_session_timer_refresh_logic ... ok
test proxy::proxy_call::session_timer::session_timer_tests::tests::test_session_timer_state_default ... ok
test proxy::proxy_call::session_timer::session_timer_tests::tests::test_session_timer_state_memory ... ok
test proxy::proxy_call::session_timer::session_timer_tests::tests::test_session_timer_state_new ... ok
test proxy::proxy_call::session_timer::session_timer_tests::tests::test_should_not_refresh_before_half_interval ... ok
test proxy::proxy_call::session_timer::session_timer_tests::tests::test_should_not_refresh_when_inactive ... ok
test proxy::proxy_call::session_timer::session_timer_tests::tests::test_should_not_refresh_when_refreshing_flag_is_set ... ok
test proxy::proxy_call::session_timer::session_timer_tests::tests::test_should_refresh_at_half_interval ... ok
test proxy::proxy_call::session_timer::session_timer_tests::tests::test_should_refresh_before_half_interval ... ok
test proxy::proxy_call::session_timer::session_timer_tests::tests::test_should_refresh_just_past_half_interval ... ok
test proxy::proxy_call::session_timer::session_timer_tests::tests::test_should_refresh_regardless_of_refresher_role ... ok
test proxy::proxy_call::session_timer::session_timer_tests::tests::test_should_refresh_when_disabled ... ok
test proxy::proxy_call::session_timer::session_timer_tests::tests::test_should_refresh_when_inactive ... ok
test proxy::proxy_call::session_timer::session_timer_tests::tests::test_should_refresh_when_refreshing ... ok
test proxy::proxy_call::session_timer::session_timer_tests::tests::test_should_refresh_with_uac_refresher ... ok
test proxy::proxy_call::session_timer::session_timer_tests::tests::test_should_refresh_with_uas_refresher ... ok
test proxy::proxy_call::session_timer::session_timer_tests::tests::test_start_refresh ... ok
test proxy::proxy_call::session_timer::session_timer_tests::tests::test_stats ... ok
test proxy::proxy_call::session_timer::session_timer_tests::tests::test_time_until_expiration ... ok
test proxy::proxy_call::session_timer::session_timer_tests::tests::test_time_until_expiration_when_expired ... ok
test proxy::proxy_call::session_timer::session_timer_tests::tests::test_time_until_refresh ... ok
test proxy::proxy_call::session_timer::session_timer_tests::tests::test_update_refresh ... ok
test proxy::proxy_call::session_timer::session_timer_tests::tests::test_update_refresh_sets_last_refresh_to_now ... ok
test proxy::proxy_call::sip_session::queue::tests::test_caller_headers_accessible ... ok
test proxy::proxy_call::sip_session::queue::tests::test_enricher_context_fields_available ... ok
test proxy::proxy_call::sip_session::queue::tests::test_enricher_trait_basic ... ok
test proxy::proxy_call::sip_session::tests::processing_pool_failures_never_fallback_to_local_media ... ok
test proxy::proxy_call::sip_session::tests::processing_single_leg_is_reserved_for_the_existing_ivr_application ... ok
test proxy::proxy_call::sip_session::tests::sip_info_dtmf_parser_accepts_one_digit_and_rejects_ambiguous_payloads ... ok
test proxy::proxy_call::sip_session::tests::test_apply_video_caps_from_source_keeps_source_order_with_target_payload_types ... ok
test proxy::proxy_call::sip_session::tests::test_build_telephone_event_payload_all_digits ... ok
test proxy::proxy_call::sip_session::tests::test_build_telephone_event_payload_digit_1 ... ok
test proxy::proxy_call::sip_session::tests::test_build_telephone_event_payload_digit_end_bit ... ok
test proxy::proxy_call::sip_session::tests::test_build_telephone_event_payload_duration_max ... ok
test proxy::proxy_call::sip_session::tests::test_build_telephone_event_payload_duration_zero ... ok
test proxy::proxy_call::sip_session::tests::test_build_telephone_event_payload_hash ... ok
test proxy::proxy_call::sip_session::tests::test_build_telephone_event_payload_invalid ... ok
test proxy::proxy_call::sip_session::tests::test_build_telephone_event_payload_star ... ok
test proxy::proxy_call::sip_session::tests::test_callee_event_channel_closed ... ok
test proxy::proxy_call::sip_session::tests::test_cancel_token_propagation ... ok
test proxy::proxy_call::sip_session::tests::test_filter_video_caps_case_insensitive_matching ... ok
test proxy::proxy_call::sip_session::tests::test_filter_video_caps_default_does_not_fallback_when_no_match ... ok
test proxy::proxy_call::sip_session::tests::test_filter_video_caps_default_keeps_h264_only ... ok
test proxy::proxy_call::sip_session::tests::test_filter_video_caps_empty_input ... ok
test proxy::proxy_call::sip_session::tests::test_filter_video_caps_explicit_allowlist ... ok
test proxy::proxy_call::sip_session::tests::test_filter_video_caps_fmtp_preserved ... ok
test proxy::proxy_call::sip_session::tests::test_filter_video_caps_multiple_h264_profiles_all_kept ... ok
test proxy::proxy_call::sip_session::tests::test_filter_video_caps_rtcp_fb_always_cleared ... ok
test proxy::proxy_call::sip_session::tests::test_get_local_reinvite_pc_uses_bridge_only_for_bridge_backed_leg ... ok
test proxy::proxy_call::sip_session::tests::test_handle_blind_transfer_queue_not_found ... ok
test proxy::proxy_call::sip_session::tests::test_handle_blind_transfer_queue_prefix ... ok
test proxy::proxy_call::sip_session::tests::test_handle_lifecycle ... ok
test proxy::proxy_call::sip_session::tests::test_handle_play_both_legs_creates_two_tracks ... ok
test proxy::proxy_call::sip_session::tests::test_handle_play_callee_uses_callee_codec_not_callers ... ok
test proxy::proxy_call::sip_session::tests::test_handle_reinvite_command ... ok
test proxy::proxy_call::sip_session::tests::test_init_callee_timer_disabled_without_session_expires ... ok
test proxy::proxy_call::sip_session::tests::test_is_local_home_proxy_compares_addr_string_not_transport ... ok
test proxy::proxy_call::sip_session::tests::test_is_local_home_proxy_detects_matching_address ... ok
test proxy::proxy_call::sip_session::tests::test_is_local_home_proxy_detects_non_matching_address ... ok
test proxy::proxy_call::sip_session::tests::test_is_local_home_proxy_matches_any_local_address ... ok
test proxy::proxy_call::sip_session::tests::test_is_local_home_proxy_rejects_port_mismatch ... ok
test proxy::proxy_call::sip_session::tests::test_mute_track_command ... ok
test proxy::proxy_call::sip_session::tests::test_parse_defaults_to_file ... ok
test proxy::proxy_call::sip_session::tests::test_parse_file_source ... ok
test proxy::proxy_call::sip_session::tests::test_parse_files_source_uses_first_uri ... ok
test proxy::proxy_call::sip_session::tests::test_parse_silence_source ... ok
test proxy::proxy_call::sip_session::tests::test_parse_unknown_source_type ... ok
test proxy::proxy_call::sip_session::tests::test_parse_url_source ... ok
test proxy::proxy_call::sip_session::tests::test_prepare_app_caller_media_bridge_routes_playback_through_bridge ... ok
test proxy::proxy_call::sip_session::tests::test_prepare_app_caller_media_bridge_webrtc_caller_uses_webrtc_output_endpoint ... ok
test proxy::proxy_call::sip_session::tests::test_priority_dialplan_with_opus ... ok
test proxy::proxy_call::sip_session::tests::test_priority_falls_back_to_proxy_when_dialplan_empty ... ok
test proxy::proxy_call::sip_session::tests::test_priority_filters_invalid_codec_names ... ok
test proxy::proxy_call::sip_session::tests::test_priority_ignores_empty_proxy_config ... ok
test proxy::proxy_call::sip_session::tests::test_priority_returns_empty_when_no_sources ... ok
test proxy::proxy_call::sip_session::tests::test_priority_uses_dialplan_first ... ok
test proxy::proxy_call::sip_session::tests::test_queue_dequeue_command ... ok
test proxy::proxy_call::sip_session::tests::test_queue_enqueue_command ... ok
test proxy::proxy_call::sip_session::tests::test_reject_command ... ok
test proxy::proxy_call::sip_session::tests::test_resolve_outbound_callee_uri_falls_back_to_contact_when_no_registered_aor ... ok
test proxy::proxy_call::sip_session::tests::test_resolve_outbound_callee_uri_prefers_registered_aor_via_home_proxy ... ok
test proxy::proxy_call::sip_session::tests::test_resolve_outbound_callee_uri_uses_contact_when_not_via_home_proxy ... ok
test proxy::proxy_call::sip_session::tests::test_ring_command ... ok
test proxy::proxy_call::sip_session::tests::test_route_via_home_proxy_detects_remote_home_proxy ... ok
test proxy::proxy_call::sip_session::tests::test_route_via_home_proxy_does_not_add_self_referencing_record_route ... ok
test proxy::proxy_call::sip_session::tests::test_route_via_home_proxy_false_without_home_proxy ... ok
test proxy::proxy_call::sip_session::tests::test_route_via_home_proxy_ignores_local_home_proxy ... ok
test proxy::proxy_call::sip_session::tests::test_route_via_home_proxy_local_home_proxy_no_via_flag ... ok
test proxy::proxy_call::sip_session::tests::test_route_via_home_proxy_remote_home_proxy_sets_via_flag ... ok
test proxy::proxy_call::sip_session::tests::test_rtp_dtmf_detector_deduplicates_same_event ... ok
test proxy::proxy_call::sip_session::tests::test_rtp_dtmf_detector_extended_tone_recognition ... ok
test proxy::proxy_call::sip_session::tests::test_rtp_dtmf_detector_handles_short_payload ... ok
test proxy::proxy_call::sip_session::tests::test_rtp_dtmf_detector_maps_special_digits ... ok
test proxy::proxy_call::sip_session::tests::test_rtp_dtmf_detector_rapidly_repeated_digit ... ok
test proxy::proxy_call::sip_session::tests::test_rtp_dtmf_detector_receives_all_digits_0_to_9 ... ok
test proxy::proxy_call::sip_session::tests::test_rtp_dtmf_detector_sequence_of_different_digits ... ok
test proxy::proxy_call::sip_session::tests::test_sdp_transport_mode_classification ... ok
test proxy::proxy_call::sip_session::tests::test_send_dtmf_command ... ok
test proxy::proxy_call::sip_session::tests::test_session_drop_releases_resources ... ok
test proxy::proxy_call::sip_session::tests::test_sip_session_handle ... ok
test proxy::proxy_call::sip_session::tests::test_trunk_host_port_bare_host_only ... ok
test proxy::proxy_call::sip_session::tests::test_trunk_host_port_bare_host_port ... ok
test proxy::proxy_call::sip_session::tests::test_trunk_host_port_bare_ipv6 ... ok
test proxy::proxy_call::sip_session::tests::test_trunk_host_port_empty ... ok
test proxy::proxy_call::sip_session::tests::test_trunk_host_port_sip_uri_with_port ... ok
test proxy::proxy_call::sip_session::tests::test_trunk_host_port_sip_uri_with_user_and_port ... ok
test proxy::proxy_call::sip_session::tests::test_trunk_host_port_sip_uri_without_port ... ok
test proxy::proxy_call::sip_session::tests::test_unmute_track_command ... ok
test proxy::proxy_call::sip_session::tests::test_update_fallback_only_for_unsupported_methods ... ok
test proxy::proxy_call::sip_session::transfer::tests::test_dropped_sender_channel_returns_none_immediately ... ok
test proxy::proxy_call::sip_session::transfer::tests::test_live_sender_channel_can_deliver_state ... ok
test proxy::proxy_call::sip_session::transfer::tests::test_parse_transfer_target_bare_extension_gets_sip_prefix ... ok
test proxy::proxy_call::sip_session::transfer::tests::test_parse_transfer_target_empty_ivr_suffix_falls_through_to_sip ... ok
test proxy::proxy_call::sip_session::transfer::tests::test_parse_transfer_target_empty_queue_suffix_falls_through_to_sip ... ok
test proxy::proxy_call::sip_session::transfer::tests::test_parse_transfer_target_empty_voicemail_suffix_falls_through_to_sip ... ok
test proxy::proxy_call::sip_session::transfer::tests::test_parse_transfer_target_ivr ... ok
test proxy::proxy_call::sip_session::transfer::tests::test_parse_transfer_target_ivr_whitespace_trimmed ... ok
test proxy::proxy_call::sip_session::transfer::tests::test_parse_transfer_target_queue_whitespace_trimmed ... ok
test proxy::proxy_call::sip_session::transfer::tests::test_parse_transfer_target_queue_with_multiple_targets ... ok
test proxy::proxy_call::sip_session::transfer::tests::test_parse_transfer_target_queue_with_multiple_targets_and_return_ivr ... ok
test proxy::proxy_call::sip_session::transfer::tests::test_parse_transfer_target_queue_with_return_ivr ... ok
test proxy::proxy_call::sip_session::transfer::tests::test_parse_transfer_target_queue_with_target_and_return_ivr ... ok
test proxy::proxy_call::sip_session::transfer::tests::test_parse_transfer_target_queue_with_target_sip_uri ... ok
test proxy::proxy_call::sip_session::transfer::tests::test_parse_transfer_target_queue_with_target_skillgroup ... ok
test proxy::proxy_call::sip_session::transfer::tests::test_parse_transfer_target_queue_without_return_ivr ... ok
test proxy::proxy_call::sip_session::transfer::tests::test_parse_transfer_target_sip_uri_passthrough ... ok
test proxy::proxy_call::sip_session::transfer::tests::test_parse_transfer_target_tel_uri_passthrough ... ok
test proxy::proxy_call::sip_session::transfer::tests::test_parse_transfer_target_voicemail ... ok
test proxy::proxy_call::sip_session::transfer::tests::test_parse_transfer_target_voicemail_whitespace_trimmed ... ok
test proxy::proxy_call::sip_session::transfer::tests::test_parse_voip_bridge ... ok
test proxy::proxy_call::sip_session::transfer::tests::test_parse_voip_bridge_with_pct_encoded_headers ... ok
test proxy::proxy_call::sip_session::transfer::tests::test_parse_voip_bridge_with_query_params ... ok
test proxy::proxy_call::sip_session::transfer::tests::test_parse_voip_bridge_with_timeout ... ok
test proxy::proxy_call::sip_session::transfer::tests::test_voip_bridge_echo_integration ... ok
test proxy::proxy_call::sip_session::transfer::tests::test_voip_bridge_empty_endpoint_falls_through ... ok
test proxy::proxy_call::sip_session::transfer::tests::test_voip_bridge_precedence_over_sip ... ok
test proxy::proxy_call::sip_session::transfer::tests::test_voip_bridge_resample_linear_16k_to_8k ... ok
test proxy::proxy_call::sip_session::transfer::tests::test_voip_bridge_resample_linear_8k_to_16k ... ok
test proxy::proxy_call::state::tests::test_command_channel_closed_on_drop ... ok
test proxy::proxy_call::state::tests::test_command_queue_ordering ... ok
test proxy::proxy_call::state::tests::test_event_sender_setup ... ok
test proxy::proxy_call::state::tests::test_handle_drop_releases_resources ... ok
test proxy::proxy_call::state::tests::test_multiple_handles_no_leak ... ok
test proxy::proxy_call::state::tests::test_registry_cleanup ... ok
test proxy::proxy_call::state::tests::test_send_bridge_to_via_handle ... ok
test proxy::proxy_call::state::tests::test_send_fails_after_receiver_dropped ... ok
test proxy::proxy_call::state::tests::test_send_stop_playback_via_handle ... ok
test proxy::proxy_call::state::tests::test_send_unbridge_via_handle ... ok
test proxy::proxy_call::state::tests::test_session_action_bridge_to_serde ... ok
test proxy::proxy_call::state::tests::test_session_action_stop_playback_serde ... ok
test proxy::proxy_call::state::tests::test_session_action_unbridge_serde ... ok
test proxy::proxy_call::state::tests::test_snapshot_no_reference_leak ... ok
test proxy::proxy_call::test_util::tests::mock_media_peer_tests::test_mock_media_peer_cancel_token_works ... ok
test proxy::proxy_call::test_util::tests::mock_media_peer_tests::test_mock_media_peer_get_tracks_increments_counter ... ok
test proxy::proxy_call::test_util::tests::mock_media_peer_tests::test_mock_media_peer_stop_increments_counter ... ok
test proxy::proxy_call::test_util::tests::mock_media_peer_tests::test_mock_media_peer_update_track_increments_counter ... ok
test proxy::registrar::tests::parse_contact_wildcard ... ok
test proxy::registrar::tests::parse_contact_with_gruu_and_instance ... ok
test proxy::registrar::tests::parse_contact_without_angle_brackets ... ok
test proxy::routing::http::snapshot_tests::audio_tap_snapshot_token_is_attached_to_trusted_route_headers ... ok
test proxy::routing::http::snapshot_tests::audio_tap_snapshot_token_validation_degrades_closed ... ok
test proxy::routing::http::snapshot_tests::signed_snapshot_rejects_tampering ... ok
test proxy::routing::http::snapshot_tests::signed_snapshot_routes_without_an_http_request ... ok
test proxy::routing::http::snapshot_tests::snapshot_admission_derives_native_identity_without_promoting_sip_call_id ... ok
test proxy::routing::http::snapshot_tests::voice_address_lookup_matches_ivekit_node_contract ... ok
test proxy::routing::http_tests::tests::test_http_router_abort_preserves_extensions ... ok
test proxy::routing::http_tests::tests::test_http_router_abort_without_extensions ... ok
test proxy::routing::http_tests::tests::test_http_router_applies_rtp_config_to_dialplan ... ok
test proxy::routing::http_tests::tests::test_http_router_enhanced ... ok
test proxy::routing::http_tests::tests::test_http_router_forward ... ok
test proxy::routing::http_tests::tests::test_http_router_forward_parallel_multi_target ... ok
test proxy::routing::http_tests::tests::test_http_router_record_false_sets_policy_disable ... ok
test proxy::routing::http_tests::tests::test_http_router_reject ... ok
test proxy::routing::http_tests::tests::test_http_router_reject_preserves_extensions ... ok
test proxy::routing::tests::test_apply_trunk_config_adds_p_asserted_identity ... ok
test proxy::routing::tests::test_apply_trunk_config_originate_auth_trunk_stamps_dest_and_credential ... ok
test proxy::routing::tests::test_apply_trunk_config_originate_ip_auth_trunk_sets_no_credential ... ok
test proxy::routing::tests::test_apply_trunk_config_preserves_callee_user ... ok
test proxy::routing::tests::test_apply_trunk_config_rewrite_hostport_default ... ok
test proxy::routing::tests::test_apply_trunk_config_rewrite_hostport_false ... ok
test proxy::routing::tests::test_apply_trunk_config_rewrite_hostport_preserves_user ... ok
test proxy::routing::tests::test_apply_trunk_config_rewrite_hostport_true ... ok
test proxy::routing::tests::test_apply_trunk_config_rewrites_callee_host ... ok
test proxy::routing::tests::test_apply_trunk_config_with_ipv6_dest ... ok
test proxy::routing::tests::test_dest_trunk_concurrent_limit_rejects ... ok
test proxy::routing::tests::test_dest_trunk_reject_releases_source_slot ... ok
test proxy::routing::tests::test_match_invite_advanced_rewrite_patterns ... ok
test proxy::routing::tests::test_match_invite_application_action ... ok
test proxy::routing::tests::test_match_invite_application_auto_answer_false ... ok
test proxy::routing::tests::test_match_invite_application_inferred_from_app_field ... ok
test proxy::routing::tests::test_match_invite_application_with_rewrite_headers ... ok
test proxy::routing::tests::test_match_invite_default_route ... ok
test proxy::routing::tests::test_match_invite_exact_match ... ok
test proxy::routing::tests::test_match_invite_forward_with_trunk_rewrites_callee ... ok
test proxy::routing::tests::test_match_invite_header_matching ... ok
test proxy::routing::tests::test_match_invite_inbound_respects_source_trunk ... ok
test proxy::routing::tests::test_match_invite_load_balancing ... ok
test proxy::routing::tests::test_match_invite_no_routes ... ok
test proxy::routing::tests::test_match_invite_queue_action_builds_hold_and_fallback ... ok
test proxy::routing::tests::test_match_invite_queue_with_trunk_rewrites_callee ... ok
test proxy::routing::tests::test_match_invite_regex_match ... ok
test proxy::routing::tests::test_match_invite_reject_rule ... ok
test proxy::routing::tests::test_match_invite_rewrite_from_host_uses_match_capture ... ok
test proxy::routing::tests::test_match_invite_rewrite_rules ... ok
test proxy::routing::tests::test_no_limits_means_no_holds ... ok
test proxy::routing::tests::test_queue_busy_prompt_maps_to_failure_audio ... ok
test proxy::routing::tests::test_queue_fallback_play_then_hangup_action ... ok
test proxy::routing::tests::test_queue_fallback_to_named_queue ... ok
test proxy::routing::tests::test_queue_fallback_with_skill_group ... ok
test proxy::routing::tests::test_queue_plan_preserves_missing_hold_section ... ok
test proxy::routing::tests::test_queue_strategy_builds_dial_targets ... ok
test proxy::routing::tests::test_queue_strategy_builds_skill_group_targets ... ok
test proxy::routing::tests::test_route_action_get_action_type_application ... ok
test proxy::routing::tests::test_route_codecs_override_selected_trunk_codecs ... ok
test proxy::routing::tests::test_rule_without_source_trunks_matches_any_source ... ok
test proxy::routing::tests::test_selected_trunk_codecs_override_source_trunk_codecs ... ok
test proxy::routing::tests::test_source_addr_candidate_matches_ip_and_cidr ... ok
test proxy::routing::tests::test_source_trunk_codecs_apply_when_no_route_handles_call ... ok
test proxy::routing::tests::test_source_trunk_concurrent_limit_rejects ... ok
test proxy::routing::tests::test_source_trunk_concurrent_releases_on_reject_action ... ok
test proxy::routing::tests::test_source_trunk_cps_limit_rejects ... ok
test proxy::routing::tests::test_source_trunks_filters_by_trunk_name ... ok
test proxy::routing::tests::test_source_trunks_must_match_inbound ... ok
test proxy::routing::tests::test_trunk_config_accepts_allow_codecs_alias ... ok
test proxy::routing::tests::test_trunk_holds_attached_to_forward_hints ... ok
test proxy::routing::tests::test_trunk_incoming_user_prefix_invalid_regex ... ok
test proxy::routing::tests::test_trunk_incoming_user_prefix_mismatch_q850_reason_format ... ok
test proxy::routing::tests::test_trunk_incoming_user_prefix_plain ... ok
test proxy::routing::tests::test_trunk_incoming_user_prefix_regex ... ok
test proxy::routing::tests::test_trunk_matches_inbound_ip_with_cidr ... ok
test proxy::routing::tests::test_trunk_matches_inbound_ip_with_hostname ... ok
test proxy::routing::tests::test_trunk_transport_preserved_in_destination ... ok
test proxy::server::invite_owner_tests::ivekit_max_concurrency_rejection_retains_owner_until_cancelled ... ok
test proxy::server::invite_owner_tests::ivekit_server_invite_owner_survives_module_return_until_cancelled ... ok
test proxy::tests::cdr_capture::tests::test_cdr_capture ... ok
test proxy::tests::cdr_capture::tests::test_validate_cdr_failure ... ok
test proxy::tests::cdr_capture::tests::test_validate_cdr_success ... ok
test proxy::tests::e2e_test_server::tests::test_create_ua ... ok
test proxy::dialog_auth_cache::tests::test_cache_ttl_expiration ... ok
test proxy::tests::locator_db_test::test_cross_cluster_invalid_bye_delivers_to_local_ws ... ok
test proxy::tests::locator_db_test::test_cross_cluster_invalid_bye_routes_to_remote_home_proxy ... ok
test proxy::tests::locator_db_test::test_cross_cluster_multi_node_same_user_routes_correctly ... ok
test proxy::tests::locator_db_test::test_db_locator ... ok
test proxy::tests::locator_db_test::test_db_locator_home_proxy_crud ... ok
test proxy::tests::locator_db_test::test_db_locator_localhost_alias ... ok
test proxy::tests::locator_db_test::test_db_locator_lookup_by_domain_when_registered_with_ip ... ok
test proxy::tests::locator_db_test::test_db_locator_lookup_with_invalid_host ... ok
test proxy::tests::locator_db_test::test_db_locator_multiple_lookups ... ok
test proxy::tests::locator_db_test::test_db_locator_rewrites_legacy_registered_aor_contact_to_canonical_aor ... ok
test proxy::tests::locator_db_test::test_db_locator_unregister_with_address_protects_fresh_registration ... ok
test proxy::tests::locator_db_test::test_db_locator_with_custom_table ... ok
test proxy::tests::rtp_utils::tests::test_create_sequence ... ok
test proxy::tests::rtp_utils::tests::test_extract_media_endpoint ... ok
test proxy::tests::rtp_utils::tests::test_rtp_packet_encode_decode ... ok
test proxy::tests::e2e_test_server::tests::test_e2e_server_start ... ok
test proxy::tests::test_acl::test_acl_invalid_rules ... ok
test proxy::tests::test_acl::test_acl_ipv6 ... ok
test proxy::tests::test_acl::test_acl_module_allow_normal_request ... ok
test proxy::tests::test_acl::test_uri_normalization_allows_short_from ... ok
test proxy::tests::test_acl::test_uri_normalization_disabled_allows_long ... ok
test proxy::tests::test_acl::test_uri_normalization_rejects_long_from ... ok
test proxy::tests::test_auth::test_auth_bypass_for_non_invite_register ... ok
test proxy::tests::test_auth::test_auth_disabled_user ... ok
test proxy::tests::test_auth::test_auth_module_bypass_other_methods ... ok
test proxy::tests::test_auth::test_auth_module_disabled_user ... ok
test proxy::tests::test_auth::test_auth_module_invite_success ... ok
test proxy::tests::test_auth::test_auth_module_register_success ... ok
test proxy::tests::test_auth::test_auth_module_unknown_user ... ok
test proxy::tests::test_auth::test_auth_no_credentials ... ok
test proxy::tests::test_auth::test_authenticate_request_accepts_authorization_uri_when_request_uri_differs ... ok
test proxy::tests::test_auth::test_authenticate_request_preserves_authorization_uri_transport_case ... ok
test proxy::tests::test_auth::test_dialog_auth_cache_skips_in_dialog_reinvite ... ok
test proxy::tests::test_auth::test_guest_call_allowed_extension ... ok
test proxy::tests::test_auth::test_http_token_auth_cache_hit ... ok
test proxy::tests::test_auth::test_http_token_auth_cache_lru_eviction ... ok
test proxy::tests::test_auth::test_http_token_auth_cache_ttl_expiry ... ok
test proxy::tests::test_auth::test_http_token_auth_invalid_token_falls_through ... ok
test proxy::tests::test_auth::test_http_token_auth_no_token_falls_through ... ok
test proxy::tests::test_auth::test_http_token_auth_retry_on_failure ... ok
test proxy::tests::test_auth::test_http_token_auth_valid_token ... ok
test proxy::tests::test_auth::test_jwt_auth_backend_invalid_token_falls_through ... ok
test proxy::tests::test_auth::test_jwt_auth_backend_no_token_falls_through ... ok
test proxy::tests::test_auth::test_jwt_auth_backend_valid_token ... ok
test proxy::tests::test_auth::test_jwt_auth_backend_with_check_local_user ... ok
test proxy::tests::test_auth::test_jwt_auth_module_integration_invalid_falls_back_to_401 ... ok
test proxy::tests::test_auth::test_jwt_auth_module_integration_no_401 ... ok
test proxy::tests::test_auth::test_proxy_auth_invite_success ... ok
test proxy::tests::test_auth::test_proxy_auth_no_credentials ... ok
test proxy::tests::test_auth::test_proxy_auth_wrong_credentials ... ok
test proxy::tests::test_183_early_media_regression::test_early_media_183_then_same_sdp_200ok_rtp_flow ... ok
test proxy::tests::test_b2bua_flow::test_b2bua_full_flow ... ok
test proxy::tests::test_b2bua_flow::test_callee_reject_passthrough_486_busy_here ... ok
test proxy::tests::test_b2bua_flow::test_rtp_to_webrtc_bridge ... ok
test proxy::tests::test_b2bua_flow::test_webrtc_to_rtp_bridge ... ok
test proxy::tests::test_call_e2e::test_callee_hangup_cdr ... ok
test proxy::tests::test_call_e2e::test_auto_start_recording_creates_file ... ok
test proxy::tests::test_call_e2e::test_caller_hangup_cdr ... ok
test proxy::tests::test_call_e2e::test_cancel_during_ringing ... ok
test proxy::tests::test_call_e2e::test_forced_media_proxy_all_mode ... ok
test proxy::tests::test_call_e2e::test_mid_dialog_passthrough_none_mode ... ok
test proxy::tests::test_call_e2e::test_media_proxy_none_mode ... ok
test proxy::tests::test_call_e2e::test_multiple_calls_cdr ... ok
test proxy::tests::test_call_e2e::test_reinvite_codec_change ... ok
test proxy::tests::test_call_e2e::test_rtp_data_integrity ... ok
test proxy::tests::test_call_e2e::test_reinvite_hold_resume ... ok
test proxy::tests::test_call_e2e::test_rtp_to_rtp_same_codec_no_transcoding ... ok
test proxy::tests::test_call_e2e::test_webrtc_to_rtp_with_transcoding ... ok
test proxy::tests::test_cluster_home_proxy_e2e::test_cluster_home_proxy_request_shape_e2e ... ok
test proxy::tests::test_caller_gate_regression::test_webrtc_rtp_caller_gate_opens_on_same_sdp_200ok ... ok
test proxy::tests::test_ivr_queue_e2e::test_ivr_queue_e2e ... ignored, Requires running PBX infrastructure
test proxy::tests::test_media_e2e::test_p2p_callee_hangup_rtp_and_cdr ... ok
test proxy::tests::test_media_e2e::test_p2p_callee_reject_486_cdr ... ok
test proxy::tests::test_media_e2e::test_p2p_caller_cancel_cdr ... ok
test proxy::tests::test_media_e2e::test_p2p_caller_hangup_rtp_and_cdr ... ok
test proxy::tests::test_media_e2e::test_p2p_direct_media_none_mode ... ok
test proxy::tests::test_media_e2e::test_p2p_g722_bidirectional_integrity ... ok
test proxy::tests::test_media_e2e::test_p2p_g722_codec_through_proxy ... ok
test proxy::tests::test_media_e2e::test_p2p_g729_codec_through_proxy ... ok
test proxy::tests::test_media_e2e::test_p2p_multi_codec_offer_call_establishes ... ok
test proxy::tests::test_inbound_refer::test_inbound_refer_success ... ok
test proxy::tests::test_media_e2e::test_p2p_opus_dynamic_pt_sdp_negotiation ... ok
test proxy::tests::test_media_e2e::test_p2p_no_answer_cdr ... ok
test proxy::tests::test_media_e2e::test_p2p_pcma_codec_through_proxy ... ok
test proxy::tests::test_media_e2e::test_p2p_pcmu_codec_through_proxy ... ok
test proxy::tests::test_media_e2e::test_p2p_two_concurrent_calls_rtp_cdr ... ok
test proxy::tests::test_media_e2e::test_p2p_unidirectional_rtp_caller_only ... ok
test proxy::tests::test_media_e2e::test_rtp_payload_integrity_through_proxy ... ok
test proxy::tests::test_media_e2e::test_sdp_answer_filters_to_offered_codecs ... ok
test proxy::tests::test_media_proxy::test_codec_negotiation_optimization ... ok
test proxy::tests::test_media_proxy::test_rtp_to_webrtc_sdp_bridge ... ok
test proxy::tests::test_media_proxy::test_webrtc_to_rtp_media_proxy_auto ... ok
test proxy::tests::test_presence::test_presence_locator_sync ... ok
test proxy::tests::test_presence::test_presence_workflow ... ok
test proxy::tests::test_media_proxy::test_webrtc_to_rtp_sdp_bridge ... ok
test proxy::tests::test_proxy::test_proxy_full_flow ... ok
test proxy::tests::test_proxy_integration::test_call_rejection ... ok
test proxy::tests::test_proxy_integration::test_call_hangup_flow ... ok
test proxy::tests::test_proxy_integration::test_call_to_different_realm ... ok
test proxy::tests::test_proxy_integration::test_call_success ... ok
test proxy::tests::test_proxy_integration::test_call_to_nonexistent_user ... ok
test proxy::tests::test_proxy_integration::test_failed_registration_disabled_user ... ok
test proxy::tests::test_proxy_integration::test_failed_registration_wrong_password ... ok
test proxy::tests::test_proxy_integration::test_multiple_user_registration ... ok
test proxy::tests::test_proxy_integration::test_successful_registration ... ok
test proxy::tests::test_proxy_integration::test_locator_lookup ... ok
test proxy::tests::test_registrar::test_registrar_non_register_method ... ok
test proxy::tests::test_registrar::test_registrar_register_success ... ok
test proxy::tests::test_registrar::test_registrar_unregister ... ok
test proxy::tests::test_registrar::test_registrar_with_custom_expires ... ok
test proxy::tests::test_reinvite::test_reinvite_audio_hold_unhold ... ok
test proxy::tests::test_queue::test_call_queue_routing ... ok
test proxy::tests::test_reinvite::test_reinvite_audio_to_video_add_via_bridge ... ok
test proxy::tests::test_reinvite::test_reinvite_audio_only_no_video ... ok
test proxy::tests::test_rtp_e2e::test_rtp_different_codecs ... ok
test proxy::tests::test_rtp_e2e::test_full_call_with_rtp_verification ... ok
test proxy::tests::test_rtp_e2e::test_rtp_high_packet_rate ... ok
test proxy::tests::test_rtp_e2e::test_rtp_packet_integrity ... ok
test proxy::tests::test_rtp_e2e::test_rtp_sequence_validation ... ok
test proxy::tests::test_rtp_e2e::test_rtp_through_proxy ... ok
test proxy::tests::test_rtp_e2e::test_rtp_various_payload_sizes ... ok
test proxy::tests::test_session_hook_e2e::test_hook_on_call_connected ... ok
test proxy::tests::test_session_hook_e2e::test_hook_on_call_ended ... ok
test proxy::tests::test_session_hook_e2e::test_hook_on_hold_unhold ... ok
test proxy::tests::test_session_hook_e2e::test_hook_wholesale_caller_not_registered ... ok
test proxy::tests::test_rtp_e2e::test_rtp_direct_flow_no_proxy ... ok
test proxy::tests::test_sip_info_dtmf_e2e::test_sip_info_dtmf_bidirectional ... ok
test proxy::tests::test_sip_info_dtmf_e2e::test_sip_info_dtmf_forwarded_callee_to_caller ... ok
test proxy::tests::test_sip_session_regressions::test_accept_call_for_bridge_wholesale_flow_sets_connected_callee ... ok
test proxy::tests::test_sip_session_regressions::test_accept_call_guard_prevents_duplicate_dtmf_setup ... ok
test proxy::tests::test_sip_session_regressions::test_accept_call_sets_connected_callee_for_application_ivr_flow ... ok
test proxy::tests::test_sip_session_regressions::test_accept_call_sets_connected_callee_for_p2p_targets_flow ... ok
test proxy::tests::test_sip_session_regressions::test_media_proxy_auto_anchors_application_flow ... ok
test proxy::tests::test_sip_session_regressions::test_media_proxy_auto_anchors_queue_flow ... ok
test proxy::tests::test_sip_session_regressions::test_media_proxy_auto_keeps_plain_targets_bypass_without_recording ... ok
test proxy::tests::test_sip_session_regressions::test_queue_fallback_with_prompt_maps_to_play_then_hangup ... ok
test proxy::tests::test_sip_session_regressions::test_queue_fallback_without_prompt_maps_to_hangup ... ok
test proxy::tests::test_sip_session_regressions::test_queue_transfer_return_ivr_overrides_hangup_fallback_when_no_agents ... ok
test proxy::tests::test_sip_session_regressions::test_queue_transfer_without_return_ivr_keeps_hangup_fallback_when_no_agents ... ok
test proxy::tests::test_sip_info_dtmf_e2e::test_sip_info_dtmf_forwarded_caller_to_callee ... ok
test proxy::tests::test_sip_session_regressions::test_session_captures_rewritten_dialplan_uris_for_call_record ... ok
test proxy::tests::test_sip_session_regressions::test_start_ivr_app_propagates_non_retryable_start_error ... ok
test proxy::tests::test_sip_session_regressions::test_start_ivr_app_reports_restart_failure_when_second_start_fails ... ok
test proxy::tests::test_sip_session_regressions::test_start_ivr_app_restarts_after_already_running ... ok
test proxy::tests::test_sip_session_regressions::test_start_ivr_app_restarts_even_if_stop_reports_not_running ... ok
test proxy::tests::test_trunk_b2bua_e2e::test_trunk_b2bua_basic_call_cdr_roundtrip ... ok
test proxy::tests::test_trunk_b2bua_e2e::test_trunk_b2bua_dtmf_info_passthrough ... ok
test proxy::tests::test_trunk_b2bua_e2e::test_trunk_b2bua_cdr_duration_accuracy ... ok
test proxy::tests::test_trunk_b2bua_e2e::test_trunk_b2bua_early_media_183 ... ok
test proxy::tests::test_trunk_b2bua_e2e::test_trunk_b2bua_inbound_caller_hangup_rtp_cdr ... ok
test proxy::tests::test_trunk_b2bua_e2e::test_trunk_b2bua_inbound_user_hangup_rtp_cdr ... ok
test proxy::tests::test_trunk_b2bua_e2e::test_trunk_b2bua_mid_call_reinvite ... ok
test proxy::tests::test_trunk_b2bua_e2e::test_trunk_b2bua_no_answer ... ok
test proxy::tests::test_trunk_b2bua_e2e::test_trunk_b2bua_pcma_rtp_cdr ... ok
test proxy::tests::test_trunk_b2bua_e2e::test_trunk_b2bua_reject_486_cdr ... ok
test proxy::tests::test_trunk_b2bua_e2e::test_trunk_b2bua_two_concurrent_calls ... ok
test proxy::tests::test_trunk_e2e::tests::test_trunk_config_injection_server_starts ... ok
test proxy::tests::test_trunk_b2bua_e2e::test_trunk_b2bua_rtp_payload_integrity ... ok
test proxy::tests::test_trunk_e2e::tests::test_trunk_config_p2p_call_still_works ... ok
test proxy::tests::test_trunk_e2e::tests::test_trunk_route_config_loaded ... ok
test proxy::tests::test_trunk_e2e::tests::test_trunk_route_multiple_destinations ... ok
test proxy::tests::test_trunk_e2e::tests::test_trunk_snapshot_multiple_trunks ... ok
test proxy::tests::test_trunk_options::test_options_from_trunk_ip_gets_200_ok ... ok
test proxy::tests::test_trunk_e2e::tests::test_trunk_inbound_ip_matching ... ok
test proxy::tests::test_trunk_options::test_options_from_unknown_ip_gets_no_response ... ok
test proxy::tests::test_ua::tests::test_audio_playback_code_reuse ... ok
test proxy::tests::test_ua::tests::test_authentication_failures_and_recovery ... ok
test proxy::tests::test_ua::tests::test_basic_registration ... ok
test proxy::tests::test_ua::tests::test_call_flow_comprehensive ... ok
test proxy::tests::test_ua::tests::test_call_transfer_scenarios ... ok
test proxy::tests::test_ua::tests::test_callee_hangup_scenarios ... ok
test proxy::tests::test_ua::tests::test_call_rejection_scenarios ... ok
test proxy::tests::test_ua::tests::test_caller_cancel_scenarios ... ok
test proxy::tests::test_ua::tests::test_concurrent_operations ... ok
test proxy::tests::test_ua::tests::test_dialog_state_monitoring ... ok
test proxy::tests::test_ua::tests::test_dtmf_and_info_messages ... ok
test proxy::tests::test_ua::tests::test_error_handling_and_edge_cases ... ok
test proxy::tests::test_ua::tests::test_codec_negotiation ... ok
test proxy::tests::test_ua::tests::test_hold_unhold_scenarios ... ok
test proxy::tests::test_ua::tests::test_ipv6_and_mixed_ip_scenarios ... ok
test proxy::tests::test_ua::tests::test_media_proxy_nat_scenarios ... ok
test proxy::tests::test_ua::tests::test_message_retransmission ... ok
test proxy::tests::test_ua::tests::test_play_then_hangup_sends_183_session_progress ... ok
test proxy::tests::test_ua::tests::test_network_timeout_scenarios ... ok
test proxy::tests::test_ua::tests::test_resource_cleanup ... ok
test proxy::tests::test_ua::tests::test_sdp_processing_modes ... ok
test proxy::tests::test_ua::tests::test_ringtone_functionality ... ok
test proxy::tests::test_voip_bridge_e2e::test_voip_bridge_e2e_transfer_command ... ok
test proxy::tests::user_db_test::test_db_backend ... ok
test proxy::tests::user_http_test::test_http_backend_creation ... ok
test proxy::tests::user_http_test::test_http_backend_get_user ... ok
test proxy::tests::user_http_test::test_http_backend_with_custom_headers ... ok
test proxy::tests::user_http_test::test_http_backend_with_defaults ... ok
test proxy::tests::user_http_test::test_http_backend_with_post_method ... ok
test proxy::trunk_health::tests::test_dest_name_handles_edge_cases ... ok
test proxy::trunk_health::tests::test_dest_name_preserves_plain_host ... ok
test proxy::trunk_health::tests::test_dest_name_strips_sip_prefix ... ok
test proxy::trunk_health::tests::test_health_loop_cleans_stale_entries_on_reload ... ok
test proxy::trunk_health::tests::test_health_loop_disabled_trunk_skipped ... ok
test proxy::trunk_health::tests::test_health_loop_healthy ... ok
test proxy::tests::test_ua::tests::test_webrtc_rtp_media_proxy ... ok
test proxy::trunk_health::tests::test_health_loop_per_ip_mode ... ok
test proxy::trunk_health::tests::test_health_loop_threshold_boundary ... ok
test proxy::trunk_health::tests::test_health_loop_unhealthy_after_failures ... ok
test proxy::trunk_health::tests::test_probe_trunk_failure ... ok
test proxy::trunk_health::tests::test_probe_trunk_invalid_dest ... ok
test proxy::trunk_health::tests::test_health_loop_recovery ... ok
test proxy::trunk_health::tests::test_snapshot_empty ... ok
test proxy::trunk_health::tests::test_snapshot_sorted ... ok
test proxy::trunk_rate_limiter::tests::clear_resets_all_state ... ok
test proxy::trunk_rate_limiter::tests::concurrent_limit_rejects ... ok
test proxy::trunk_rate_limiter::tests::cps_limit_rejects_within_window ... ok
test proxy::trunk_health::tests::test_probe_trunk_success ... ok
test proxy::trunk_rate_limiter::tests::no_limits_always_acquires ... ok
test proxy::trunk_rate_limiter::tests::release_concurrent_frees_slot ... ok
test proxy::trunk_rate_limiter::tests::release_is_idempotent ... ok
test proxy::trunk_rate_limiter::tests::status_code_mapping ... ok
test proxy::trunk_rate_limiter::tests::trunks_are_isolated ... ok
test proxy::trunk_registrar::tests::test_parse_server_uri ... ok
test proxy::trunk_registrar::tests::test_reconcile_before_set_endpoint_then_after ... ok
test proxy::trunk_registrar::tests::test_reconcile_disabled_trunk_is_skipped ... ok
test proxy::trunk_registrar::tests::test_reconcile_without_endpoint_is_noop ... ok
test proxy::trunk_registrar::tests::test_trunk_registrar_creation ... ok
test proxy::trunk_registrar::tests::test_update_status ... ok
test proxy::trunk_registrar::tests::test_update_status_error ... ok
test proxy::user::tests::test_memory_user_backend_realm ... ok
test proxy::user_extension::tests::get_user_returns_extension ... ok
test proxy::user_extension::tests::missing_user_returns_none ... ok
test proxy::user_extension::tests::voicemail_disabled_false_by_default ... ok
test proxy::user_extension::tests::voicemail_disabled_true_is_mapped_from_db ... ok
test proxy::user_extension::tests::voicemail_enabled_extension_returns_false_disabled ... ok
test proxy::user_http::tests::test_http_backend_creation ... ok
test rwi::app::tests::test_on_enter_without_session_id_no_call_answered ... ok
test rwi::auth::tests::test_rwi_auth_get_context ... ok
test rwi::auth::tests::test_rwi_auth_is_enabled ... ok
test rwi::auth::tests::test_rwi_auth_validate_token_invalid ... ok
test rwi::auth::tests::test_rwi_auth_validate_token_valid ... ok
test rwi::auth::tests::test_rwi_config_defaults ... ok
test rwi::auth::tests::test_rwi_identity_has_any_scope ... ok
test rwi::auth::tests::test_rwi_identity_has_scope ... ok
test rwi::event::tests::dtmf_event_serialize_extra_field ... ok
test rwi::event::tests::ivr_events_serialize_extra_field ... ok
test rwi::gateway::tests::session_event_mailbox_rejects_overflow_without_growing ... ok
test rwi::gateway::tests::test_broadcast_generic ... ok
test rwi::gateway::tests::test_send_to_owner_generic ... ok
test rwi::handler::ivekit_owner_cleanup_tests::only_a_synchronously_failed_originate_closes_its_owner ... ok
test rwi::processor::ivekit_media_cleanup_handoff_tests::unresolved_rwi_media_cleanup_is_retained_for_retry ... ok
test rwi::processor::tests::normalize_originate_caller_id_shapes ... ok
test rwi::processor::tests::test_answer_call_not_found ... ok
test rwi::processor::tests::test_answer_existing_call ... ok
test rwi::processor::tests::test_attach_call_not_found ... ok
test rwi::processor::tests::test_bridge_both_legs_exist_sends_bridgeto ... ok
test rwi::processor::tests::test_bridge_emits_event_to_gateway ... ok
test rwi::processor::tests::test_bridge_not_found_leg_a ... ok
test rwi::processor::tests::test_bridge_not_found_leg_b ... ok
test rwi::processor::tests::test_bridge_sends_bridge_to_to_leg_a ... ok
test rwi::processor::tests::test_call_direction_filtering ... ok
test rwi::processor::tests::test_call_hold_success ... ok
test rwi::processor::tests::test_call_unhold_success ... ok
test rwi::processor::tests::test_command_dedup_cache_evicts_expired_entries_above_soft_cap ... ok
test rwi::processor::tests::test_conference_add_not_found_fails ... ok
test rwi::processor::tests::test_conference_add_with_max_members ... ok
test rwi::processor::tests::test_conference_create_duplicate_fails ... ok
test rwi::processor::tests::test_conference_create_external_requires_mcu_uri ... ok
test rwi::processor::tests::test_conference_create_success ... ok
test rwi::processor::tests::test_conference_destroy_not_found_fails ... ok
test rwi::processor::tests::test_conference_destroy_success ... ok
test rwi::processor::tests::test_conference_mute_not_in_conference_fails ... ok
test rwi::processor::tests::test_conference_seat_replace_failure_emits_failed_event ... ok
test rwi::processor::tests::test_conference_seat_replace_failure_rolls_back_old_member ... ok
test rwi::processor::tests::test_conference_seat_replace_success ... ok
test rwi::processor::tests::test_detach_call_not_found ... ok
test rwi::processor::tests::test_detach_call_success ... ok
test rwi::processor::tests::test_find_matching_agent_with_capacity ... ok
test rwi::processor::tests::test_get_var_returns_none_for_missing_key ... ok
test rwi::processor::tests::test_get_var_returns_value_after_set ... ok
test rwi::processor::tests::test_hangup_call_not_found ... ok
test rwi::processor::tests::test_hangup_existing_call ... ok
test rwi::processor::tests::test_list_calls_empty ... ok
test rwi::processor::tests::test_list_calls_with_multiple_calls ... ok
test rwi::processor::tests::test_media_inject_start_success ... ok
test rwi::processor::tests::test_media_inject_stop_success ... ok
test rwi::processor::tests::test_media_play_not_found ... ok
test rwi::processor::tests::test_media_stop_existing_call_sends_stop_playback ... ok
test rwi::processor::tests::test_media_stop_not_found ... ok
test rwi::processor::tests::test_media_stream_start_not_found ... ok
test rwi::processor::tests::test_media_stream_start_success ... ok
test rwi::processor::tests::test_media_stream_stop_success ... ok
test rwi::processor::tests::test_originate_invalid_destination_returns_error ... ok
test rwi::processor::tests::test_originate_no_server_returns_error ... ok
test rwi::processor::tests::test_queue_assign_agent_success ... ok
test rwi::processor::tests::test_queue_dequeue_not_found ... ok
test rwi::processor::tests::test_queue_dequeue_success ... ok
test rwi::processor::tests::test_queue_enqueue_not_found ... ok
test rwi::processor::tests::test_queue_enqueue_success ... ok
test rwi::processor::tests::test_queue_hold_not_in_queue ... ok
test rwi::processor::tests::test_queue_hold_success ... ok
test rwi::processor::tests::test_queue_overflow_transfer ... ok
test rwi::processor::tests::test_queue_requeue_success ... ok
test rwi::processor::tests::test_queue_set_priority_not_in_queue_fails ... ok
test rwi::processor::tests::test_queue_set_priority_success ... ok
test rwi::processor::tests::test_queue_stats ... ok
test rwi::processor::tests::test_queue_unhold_not_in_queue ... ok
test rwi::processor::tests::test_queue_unhold_success ... ok
test rwi::processor::tests::test_record_pause_no_recording ... ok
test rwi::processor::tests::test_record_pause_success ... ok
test rwi::processor::tests::test_record_resume_no_recording ... ok
test rwi::processor::tests::test_record_resume_success ... ok
test rwi::processor::tests::test_record_start_not_found ... ok
test rwi::processor::tests::test_record_start_success ... ok
test rwi::processor::tests::test_record_stop_no_recording ... ok
test rwi::processor::tests::test_record_stop_success ... ok
test rwi::processor::tests::test_reject_call_not_found ... ok
test rwi::processor::tests::test_ring_call_not_found ... ok
test rwi::processor::tests::test_set_ringback_source_evicts_stale_entries_above_soft_cap ... ok
test rwi::processor::tests::test_set_ringback_source_source_not_found ... ok
test rwi::processor::tests::test_set_ringback_source_success ... ok
test rwi::processor::tests::test_set_ringback_source_target_not_found ... ok
test rwi::processor::tests::test_set_var_overwrites_existing ... ok
test rwi::processor::tests::test_set_var_returns_success ... ok
test rwi::processor::tests::test_sip_message_no_server ... ok
test rwi::processor::tests::test_sip_message_send ... ok
test rwi::processor::tests::test_sip_notify_no_server ... ok
test rwi::processor::tests::test_sip_notify_send ... ok
test rwi::processor::tests::test_sip_options_ping ... ok
test rwi::processor::tests::test_sip_options_ping_no_server ... ok
test rwi::processor::tests::test_skill_based_routing ... ok
test rwi::processor::tests::test_subscribe_success ... ok
test rwi::processor::tests::test_supervisor_barge_success ... ok
test rwi::processor::tests::test_supervisor_listen_not_found ... ok
test rwi::processor::tests::test_supervisor_listen_success ... ok
test rwi::processor::tests::test_supervisor_stop_success ... ok
test rwi::processor::tests::test_supervisor_whisper_success ... ok
test rwi::processor::tests::test_transfer_attended_returns_consultation_call_id ... ok
test rwi::processor::tests::test_transfer_call_not_found ... ok
test rwi::processor::tests::test_unbridge_emits_call_unbridged_event_to_gateway ... ok
test rwi::processor::tests::test_unbridge_existing_call_sends_unbridge ... ok
test rwi::processor::tests::test_unbridge_not_found ... ok
test rwi::processor::tests::test_unsubscribe_success ... ok
test rwi::processor::tests::test_vars_are_isolated_per_call ... ok
test rwi::session::tests::test_can_control_call ... ok
test rwi::session::tests::test_can_listen_to_call ... ok
test rwi::session::tests::test_claim_call ... ok
test rwi::session::tests::test_claim_call_in_mode ... ok
test rwi::session::tests::test_list_owned_calls ... ok
test rwi::session::tests::test_release_call ... ok
test rwi::session::tests::test_session_creation ... ok
test rwi::session::tests::test_subscribe ... ok
test rwi::session::tests::test_supervisor_targets ... ok
test rwi::session::tests::test_unsubscribe ... ok
test rwi::transfer::tests::test_cancel_all_transfers_for_call_cancels_pending ... ok
test rwi::transfer::tests::test_cancel_all_transfers_for_call_empty ... ok
test rwi::transfer::tests::test_cancel_attended_transfer_invalid_leg ... ok
test rwi::transfer::tests::test_cancel_attended_transfer_valid ... ok
test rwi::transfer::tests::test_cleanup_terminal_transactions ... ok
test rwi::transfer::tests::test_complete_attended_transfer_after_hangup_returns_invalid_state ... ok
test rwi::transfer::tests::test_complete_attended_transfer_invalid_leg ... ok
test rwi::transfer::tests::test_complete_attended_transfer_valid ... ok
test rwi::transfer::tests::test_execute_blind_transfer_after_hangup_returns_invalid_state ... ok
test rwi::transfer::tests::test_execute_blind_transfer_call_not_found ... ok
test rwi::transfer::tests::test_execute_blind_transfer_dispatches_command ... ok
test rwi::transfer::tests::test_execute_blind_transfer_wrong_state ... ok
test rwi::transfer::tests::test_execute_replace_transfer_dispatches_attended_transfer_command ... ok
test rwi::transfer::tests::test_fallback_to_3pcc_disabled_marks_failed ... ok
test rwi::transfer::tests::test_fallback_to_3pcc_mode_transition ... ok
test rwi::transfer::tests::test_fallback_to_3pcc_unknown_id ... ok
test rwi::transfer::tests::test_handle_notify_100_trying ... ok
test rwi::transfer::tests::test_handle_notify_180_progress ... ok
test rwi::transfer::tests::test_handle_notify_183_progress ... ok
test rwi::transfer::tests::test_handle_notify_200_completes ... ok
test rwi::transfer::tests::test_handle_notify_4xx_no_3pcc_fails ... ok
test rwi::transfer::tests::test_handle_notify_4xx_with_3pcc_triggers_fallback ... ok
test rwi::transfer::tests::test_handle_notify_by_call_id_routes_correctly ... ok
test rwi::transfer::tests::test_handle_notify_unknown_id ... ok
test rwi::transfer::tests::test_handle_refer_response_1xx_is_noop ... ok
test rwi::transfer::tests::test_handle_refer_response_4xx_with_3pcc_stays_trying ... ok
test rwi::transfer::tests::test_handle_refer_response_5xx_fails ... ok
test rwi::transfer::tests::test_handle_refer_response_accepted ... ok
test rwi::transfer::tests::test_handle_refer_response_by_call_id_not_found ... ok
test rwi::transfer::tests::test_handle_refer_response_by_call_id_routes_correctly ... ok
test rwi::transfer::tests::test_handle_refer_response_rejected_no_3pcc ... ok
test rwi::transfer::tests::test_handle_refer_response_replace_rejected_marks_failed ... ok
test rwi::transfer::tests::test_handle_refer_response_unknown_id ... ok
test rwi::transfer::tests::test_initiate_attended_transfer_disabled ... ok
test rwi::transfer::tests::test_initiate_attended_transfer_no_block ... ok
test rwi::transfer::tests::test_transfer_config_default ... ok
test rwi::transfer::tests::test_transfer_failure_reason_as_str ... ok
test rwi::transfer::tests::test_transfer_transaction_duration ... ok
test rwi::transfer::tests::test_transfer_transaction_new ... ok
test rwi::transfer::tests::test_transfer_transaction_sip_status ... ok
test rwi::transfer::tests::test_transfer_transaction_terminal_states ... ok
test rwi::transfer::tests::test_transfer_transaction_update_status ... ok
test rwi::webhook::tests::test_webhook_receives_agent_and_recording_events ... ok
test rwi::webhook::tests::test_webhook_receives_call_ringing ... ok
test sipflow::backend::local::bounded_queue_tests::local_backend_rejects_a_full_queue_without_allocating_more_backlog ... ok
test sipflow::backend::remote::tests::test_jump_hash_deterministic ... ok
test sipflow::backend::remote::tests::test_jump_hash_different_keys ... ok
test sipflow::backend::remote::tests::test_jump_hash_distribution ... ok
test sipflow::backend::remote::tests::test_jump_hash_minimal_disruption ... ok
test sipflow::backend::remote::tests::test_jump_hash_single_bucket ... ok
test sipflow::flowdb_backend::tests::test_flowdb_empty_query ... ok
test sipflow::flowdb_backend::tests::test_flowdb_flush_no_error ... ok
test proxy::trunk_rate_limiter::tests::cps_window_expires ... ok
test sipflow::flowdb_backend::tests::test_flowdb_isolation_between_calls ... ok
test sipflow::flowdb_backend::tests::test_flowdb_media_stream_leg_filter ... ok
test sipflow::flowdb_backend::tests::test_flowdb_query_flow_time_range ... ok
test sipflow::flowdb_backend::tests::test_flowdb_query_media_stats ... ok
test sipflow::flowdb_backend::tests::test_flowdb_query_media_stats_with_loss ... ok
test sipflow::flowdb_backend::tests::test_flowdb_record_and_query_flow ... ok
test sipflow::flowdb_backend::tests::test_flowdb_record_rtp_and_query_media ... ok
test sipflow::flowdb_backend::tests::test_flowdb_skip_empty_call_id ... ok
test sipflow::flowdb_backend::tests::test_flowdb_subdirs_daily_no_leakage_into_other_day_bucket ... ok
test sipflow::flowdb_backend::tests::test_flowdb_recovery_after_restart ... ok
test sipflow::flowdb_backend::tests::test_flowdb_subdirs_daily_query_same_day ... ok
test sipflow::flowdb_backend::tests::test_flowdb_subdirs_hourly_query_aggregates_buckets ... ok
test sipflow::flowdb_backend::tests::test_flowdb_subdirs_daily_recovery_after_restart ... ok
test sipflow::flowdb_codec::tests::test_decode_corrupt_rtp_value ... ok
test sipflow::flowdb_codec::tests::test_decode_corrupt_sip_value ... ok
test sipflow::flowdb_codec::tests::test_key_uniqueness ... ok
test sipflow::flowdb_codec::tests::test_prefix_correctness ... ok
test sipflow::flowdb_codec::tests::test_rtp_value_roundtrip ... ok
test sipflow::flowdb_codec::tests::test_sip_value_roundtrip ... ok
test sipflow::protocol::tests::test_batch_max_count_allowed ... ok
test sipflow::protocol::tests::test_batch_roundtrip_multiple_packets ... ok
test sipflow::protocol::tests::test_batch_single_packet_roundtrip ... ok
test sipflow::protocol::tests::test_batch_too_large_rejected ... ok
test sipflow::protocol::tests::test_batch_wire_format_header ... ok
test sipflow::protocol::tests::test_encode_batch_into_appends_without_clearing ... ok
test sipflow::protocol::tests::test_encode_packet_into_matches_encode_packet ... ok
test sipflow::protocol::tests::test_packet_ipv6_wire_format_uses_big_endian ... ok
test sipflow::protocol::tests::test_packet_rtp_metadata_roundtrip ... ok
test sipflow::protocol::tests::test_packet_wire_format_uses_big_endian ... ok
test sipflow::protocol::tests::test_parse_batch_rejects_bad_version ... ok
test sipflow::protocol::tests::test_parse_batch_rejects_trailing_bytes ... ok
test sipflow::protocol::tests::test_parse_batch_rejects_truncated_frame ... ok
test sipflow::protocol::tests::test_parse_datagram_dispatches_single_packet ... ok
test sipflow::protocol::tests::test_parse_datagram_rejects_short_input ... ok
test sipflow::protocol::tests::test_parse_datagram_rejects_unknown_magic ... ok
test sipflow::protocol::tests::test_parse_packet_rejects_unsupported_version ... ok
test sipflow::rtp_stats::tests::test_media_stats_reordered_packet_clears_pending_loss ... ok
test sipflow::rtp_stats::tests::test_media_stats_unfilled_gap_counts_as_loss ... ok
test sipflow::sdp_utils::tests::test_extract_call_id ... ok
test sipflow::sdp_utils::tests::test_extract_rtp_addr ... ok
test sipflow::sdp_utils::tests::test_extract_rtp_addr_rejected ... ok
test sipflow::sdp_utils::tests::test_extract_sdp ... ok
test sipflow::flowdb_backend::tests::test_flowdb_subdirs_hourly_writes_to_current_hour_bucket ... ok
test sipflow::storage::tests::test_extract_callid ... ok
test sipflow::storage::tests::test_process_packet_applies_rtp_metadata ... ok
test sipflow::storage::tests::test_query_flow_respects_time_range_inclusive ... ok
test sipflow::storage::tests::test_query_media_and_stats_filter_receive_timestamp_within_selected_folders ... ok
test sipflow::storage::tests::repro_query_flow_in_range_loads_all_calls ... ok
test sipflow::tests::tests::test_config_default_engine_is_sqlite ... ok
test sipflow::tests::tests::test_config_parse_flowdb_engine ... ok
test sipflow::tests::tests::test_config_parse_sqlite_engine ... ok
test sipflow::tests::tests::test_flowdb_backend_default_engine ... ok
test sipflow::storage::tests::test_rtp_metadata_writes_queryable_media ... ok
test sipflow::tests::tests::test_local_backend_flush_no_error ... ok
test sipflow::tests::tests::test_local_backend_flush_writes_to_disk ... ok
test sipflow::tests::tests::test_remote_backend_batch_size_zero_disables_batching ... ok
test sipflow::tests::tests::test_remote_backend_batches_on_the_wire ... ok
test sipflow::tests::tests::test_remote_backend_domain_udp_addr ... ok
test sipflow::tests::tests::test_remote_backend_legacy_format ... ok
test sipflow::tests::tests::test_remote_backend_missing_config ... ok
test sipflow::tests::tests::test_flowdb_backend_factory_record_and_query ... ok
test sipflow::tests::tests::test_remote_config_batch_defaults ... ok
test sipflow::wav_utils::tests::repro_different_ssrcs_cause_enormous_max_duration ... ok
test sipflow::wav_utils::tests::test_build_payload_type_map_by_leg_matches_media_ports ... ok
test sipflow::wav_utils::tests::test_build_payload_type_map_extracts_telephone_event ... ok
test sipflow::wav_utils::tests::test_generate_wav_detects_unmapped_rfc4733_payloads ... ok
test sipflow::wav_utils::tests::test_generate_wav_from_packets_regenerates_telephone_event_without_stretching ... ok
test sipflow::wav_utils::tests::test_generate_wav_keeps_full_dtmf_when_audio_resumes_on_same_leg ... ok
test sipflow::wav_utils::tests::test_wav_generation_handles_mismatched_timestamps ... ok
test sipflow::wav_utils::tests::test_wav_generation_multiple_ssrcs_same_leg ... ok
test sipflow::wav_utils::tests::test_wav_generation_ssrc_change_large_gap ... ok
test storage::tests::test_archive_scenario ... ok
test storage::tests::test_cdr_scenario ... ok
test storage::tests::test_local_storage ... ok
test storage::tests::test_recorder_scenario ... ok
test storage::tests::test_sipflow_scenario ... ok
test storage::tests::test_upload_file_local ... ok
test tts::cli_driver::tests::test_cli_tts ... ok
test sipflow::tests::tests::test_remote_backend_multi_node_format ... ok
test tts::tests::test_tts_cache_hit ... ok
test utils::tests::test_sanitize_id ... ok
test tts::tests::test_tts_http_synthesize_get ... ok

test result: ok. 1964 passed; 0 failed; 5 ignored; 0 measured; 0 filtered out; finished in 231.14s

