Cloning into '/tmp/converact-rustpbx-build.y9lm5L/rustpbx'...
HEAD is now at 6c49ee76 merge: upstream main + submodule updates [latest]
Cloning into '/tmp/converact-rustpbx-build.y9lm5L/rsipstack'...
HEAD is now at 8318e97 exclude examples from package to reduce crate size
Cloning into '/tmp/converact-rustpbx-build.y9lm5L/rustrtc'...
HEAD is now at 166c6d2 perf: skip DTLS cert generation in RTP mode (0.3.90) [latest]
info: downloading component rustfmt
info: downloading component clippy
   Compiling proc-macro2 v1.0.106
   Compiling unicode-ident v1.0.24
   Compiling quote v1.0.46
   Compiling libc v0.2.186
   Compiling syn v2.0.118
    Checking cfg-if v1.0.4
   Compiling serde_core v1.0.228
   Compiling serde v1.0.228
   Compiling version_check v0.9.5
    Checking zeroize v1.9.0
    Checking memchr v2.8.3
    Checking getrandom v0.2.17
    Checking scopeguard v1.2.0
    Checking lock_api v0.4.14
    Checking typenum v1.20.1
   Compiling autocfg v1.5.1
   Compiling serde_derive v1.0.228
   Compiling synstructure v0.13.2
   Compiling parking_lot_core v0.9.12
   Compiling portable-atomic v1.13.1
   Compiling shlex v2.0.1
   Compiling find-msvc-tools v0.1.9
    Checking pin-project-lite v0.2.17
   Compiling cc v1.2.67
   Compiling zerofrom-derive v0.1.7
    Checking smallvec v1.15.2
    Checking critical-section v1.2.0
    Checking once_cell v1.21.4
    Checking bytes v1.12.1
   Compiling yoke-derive v0.8.2
    Checking rand_core v0.6.4
    Checking subtle v2.6.1
   Compiling displaydoc v0.2.6
   Compiling generic-array v0.14.7
   Compiling thiserror v2.0.18
   Compiling zerovec-derive v0.11.3
   Compiling thiserror-impl v2.0.18
    Checking log v0.4.33
    Checking futures-core v0.3.32
    Checking itoa v1.0.18
    Checking parking_lot v0.12.5
   Compiling tracing-attributes v0.1.31
    Checking equivalent v1.0.2
    Checking crypto-common v0.1.7
   Compiling libm v0.2.16
   Compiling num-traits v0.2.19
    Checking errno v0.3.14
    Checking futures-sink v0.3.32
    Checking allocator-api2 v0.2.21
    Checking signal-hook-registry v1.4.8
   Compiling tokio-macros v2.7.0
    Checking mio v1.2.2
    Checking socket2 v0.6.5
    Checking slab v0.4.12
    Checking tokio v1.52.3
    Checking tracing-core v0.1.36
    Checking const-oid v0.9.6
    Checking futures-channel v0.3.32
   Compiling futures-macro v0.3.32
    Checking futures-task v0.3.32
    Checking futures-io v0.3.32
    Checking futures-util v0.3.32
    Checking tracing v0.1.44
    Checking foldhash v0.2.0
   Compiling icu_properties_data v2.2.0
   Compiling icu_normalizer_data v2.2.0
    Checking stable_deref_trait v1.2.1
    Checking block-buffer v0.10.4
    Checking percent-encoding v2.3.2
    Checking digest v0.10.7
    Checking hashbrown v0.17.1
    Checking zerofrom v0.1.8
    Checking yoke v0.8.3
   Compiling ring v0.17.14
    Checking rustls-pki-types v1.15.0
   Compiling zmij v1.0.23
    Checking indexmap v2.14.0
    Checking zerovec v0.11.6
   Compiling crossbeam-utils v0.8.22
    Checking foldhash v0.1.5
   Compiling serde_json v1.0.150
    Checking untrusted v0.9.0
    Checking hashbrown v0.15.5
    Checking tinystr v0.8.3
    Checking form_urlencoded v1.2.2
    Checking litemap v0.8.2
    Checking writeable v0.6.3
    Checking base64 v0.22.1
    Checking icu_locale_core v2.2.0
    Checking potential_utf v0.1.5
    Checking zerotrie v0.2.4
    Checking cpufeatures v0.2.17
   Compiling rustls v0.23.42
    Checking utf8_iter v1.0.4
    Checking icu_collections v2.2.0
    Checking icu_provider v2.2.0
    Checking rustls-webpki v0.103.13
    Checking spin v0.9.9
   Compiling zerocopy v0.8.54
   Compiling getrandom v0.4.3
    Checking icu_properties v2.2.0
    Checking icu_normalizer v2.2.0
    Checking idna_adapter v1.2.2
    Checking bitflags v2.13.0
    Checking idna v1.1.0
    Checking url v2.5.8
   Compiling time-core v0.1.9
   Compiling num-conv v0.2.2
   Compiling time-macros v0.2.31
    Checking ppv-lite86 v0.2.21
    Checking deranged v0.5.8
    Checking num_threads v0.1.7
    Checking powerfmt v0.2.0
    Checking rand_core v0.10.1
    Checking time v0.3.53
    Checking http v1.4.2
    Checking either v1.16.0
    Checking tokio-util v0.7.18
   Compiling httparse v1.10.1
    Checking fnv v1.0.7
   Compiling ident_case v1.0.1
    Checking byteorder v1.5.0
    Checking tower-service v0.3.3
   Compiling strsim v0.11.1
    Checking base64ct v1.8.3
   Compiling getrandom v0.3.4
    Checking iana-time-zone v0.1.65
    Checking http-body v1.1.0
    Checking chrono v0.4.45
    Checking tokio-stream v0.1.18
    Checking num-integer v0.1.46
    Checking ipnet v2.12.0
    Checking hybrid-array v0.4.13
    Checking tinyvec_macros v0.1.1
    Checking httpdate v1.0.3
    Checking try-lock v0.2.5
    Checking want v0.3.1
    Checking tinyvec v1.12.0
    Checking pem-rfc7468 v0.7.0
    Checking lazy_static v1.5.0
    Checking sha2 v0.10.9
   Compiling crc32fast v1.5.0
   Compiling pkg-config v0.3.33
   Compiling vcpkg v0.2.15
    Checking der v0.7.10
    Checking simd-adler32 v0.3.9
    Checking crypto-common v0.2.2
    Checking spki v0.7.3
    Checking block-buffer v0.12.1
    Checking uuid v1.23.5
    Checking sha1 v0.10.7
    Checking concurrent-queue v2.5.0
    Checking webpki-roots v1.0.8
    Checking hmac v0.12.1
    Checking atomic-waker v1.1.2
    Checking ryu v1.0.23
    Checking data-encoding v2.11.0
    Checking cpufeatures v0.3.0
    Checking crc-catalog v2.5.0
    Checking adler2 v2.0.1
    Checking parking v2.2.1
    Checking miniz_oxide v0.8.9
    Checking event-listener v5.4.1
   Compiling darling_core v0.20.11
    Checking crc v3.4.0
    Checking h2 v0.4.15
    Checking pkcs8 v0.10.2
    Checking rand_core v0.9.5
    Checking num-bigint v0.4.8
    Checking crossbeam-queue v0.3.13
    Checking futures-intrusive v0.5.0
   Compiling semver v1.0.28
   Compiling heck v0.5.0
    Checking openssl-probe v0.2.1
    Checking rustls-native-certs v0.8.4
   Compiling rustc_version v0.4.1
    Checking hyper v1.10.1
   Compiling darling_macro v0.20.11
    Checking flate2 v1.1.9
    Checking serde_urlencoded v0.7.1
    Checking tokio-rustls v0.26.4
   Compiling async-trait v0.1.89
    Checking cmov v0.5.4
    Checking ctutils v0.4.2
   Compiling darling v0.20.11
    Checking hyper-util v0.1.20
    Checking rand_chacha v0.9.0
    Checking hkdf v0.12.4
    Checking http-body-util v0.1.4
    Checking rand_chacha v0.3.1
    Checking futures-executor v0.3.32
   Compiling bigdecimal v0.4.10
    Checking aho-corasick v1.1.4
   Compiling anyhow v1.0.103
    Checking const-oid v0.10.2
    Checking regex-syntax v0.8.11
   Compiling rust_decimal v1.42.1
    Checking digest v0.11.3
    Checking regex-automata v0.4.15
    Checking rand v0.8.7
    Checking rand v0.9.5
    Checking atoi v2.0.0
    Checking mime v0.3.17
    Checking dotenvy v0.15.7
    Checking tower-layer v0.3.3
    Checking minimal-lexical v0.2.1
   Compiling heck v0.4.1
    Checking arrayvec v0.7.8
    Checking nom v7.1.3
    Checking chacha20 v0.10.1
   Compiling libsqlite3-sys v0.30.1
    Checking unicode-normalization v0.1.25
    Checking signature v2.2.0
    Checking sync_wrapper v1.0.2
    Checking unicode-bidi v0.3.18
    Checking unicode-properties v0.1.4
    Checking stringprep v0.1.5
    Checking rand v0.10.2
    Checking webpki-roots v0.26.11
    Checking crossbeam-channel v0.5.16
    Checking hashlink v0.10.0
    Checking hex v0.4.3
   Compiling num-bigint-dig v0.8.6
   Compiling crossbeam-epoch v0.9.20
   Compiling hashbrown v0.16.1
    Checking sqlx-core v0.8.6
    Checking tower v0.5.3
   Compiling heapless v0.7.17
    Checking num-iter v0.1.46
    Checking encoding_rs v0.8.35
   Compiling rustversion v1.0.23
    Checking utf8parse v0.2.2
    Checking anstyle-parse v1.0.0
   Compiling hashlink v0.11.1
    Checking tungstenite v0.29.0
    Checking matchers v0.2.0
    Checking pkcs1 v0.7.5
    Checking sharded-slab v0.1.7
    Checking md-5 v0.10.6
    Checking tracing-log v0.2.0
   Compiling multer v3.1.0
    Checking thread_local v1.1.10
    Checking is_terminal_polyfill v1.70.2
    Checking anstyle v1.0.14
    Checking nu-ansi-term v0.50.3
    Checking whoami v1.6.1
    Checking colorchoice v1.0.5
    Checking anstyle-query v1.1.5
    Checking tracing-subscriber v0.3.23
    Checking anstream v1.0.0
   Compiling sqlx-core v0.9.0
    Checking tokio-tungstenite v0.29.0
    Checking rsa v0.9.10
    Checking prefix-trie v0.8.4
   Compiling itertools v0.14.0
    Checking http v0.2.12
    Checking flume v0.11.1
    Checking ff v0.13.1
   Compiling proc-macro2-diagnostics v0.10.1
    Checking clap_lex v1.1.0
    Checking compression-core v0.4.32
    Checking home v0.5.12
    Checking base16ct v0.2.0
   Compiling unicase v2.9.0
    Checking clap_builder v4.6.0
   Compiling mime_guess v2.0.5
    Checking sec1 v0.7.3
   Compiling prost-derive v0.14.4
    Checking sqlx-postgres v0.8.6
    Checking compression-codecs v0.4.38
    Checking group v0.13.0
    Checking sqlx-sqlite v0.8.6
    Checking hickory-proto v0.26.1
    Checking sqlx-mysql v0.8.6
   Compiling sha2 v0.11.0
    Checking axum-core v0.5.6
    Checking rusticata-macros v4.1.0
   Compiling hmac v0.13.0
   Compiling sea-query-derive v0.4.3
   Compiling hash32 v0.2.1
    Checking md-5 v0.11.0
    Checking futures v0.3.32
   Compiling derive_builder_core v0.20.2
    Checking rustls-platform-verifier v0.7.0
   Compiling clap_derive v4.6.1
    Checking ordered-float v4.6.0
    Checking serde_path_to_error v0.1.20
    Checking inout v0.1.4
    Checking crypto-bigint v0.5.5
   Compiling asn1-rs-derive v0.6.0
   Compiling pin-project-internal v1.1.13
   Compiling inherent v1.0.13
   Compiling asn1-rs-impl v0.2.0
   Compiling proc-macro-error-attr2 v2.0.0
   Compiling yansi v1.0.1
    Checking matchit v0.8.4
    Checking tagptr v0.2.0
    Checking moka v0.12.15
    Checking axum v0.8.9
   Compiling proc-macro-error2 v2.0.1
    Checking asn1-rs v0.7.2
    Checking pin-project v1.1.13
    Checking sea-query v0.32.7
    Checking elliptic-curve v0.13.8
    Checking cipher v0.4.4
    Checking clap v4.6.1
    Checking hyper-rustls v0.27.9
   Compiling derive_builder_macro v0.20.2
   Compiling hkdf v0.13.0
    Checking sqlx v0.8.6
    Checking hickory-net v0.26.1
    Checking async-compression v0.4.42
    Checking prost v0.14.4
   Compiling sha1 v0.11.0
   Compiling flume v0.12.0
    Checking regex v1.13.0
    Checking hyper-timeout v0.5.2
    Checking fdeflate v0.3.7
    Checking inout v0.2.2
   Compiling cobs v0.3.0
   Compiling darling_core v0.23.0
    Checking universal-hash v0.5.1
   Compiling cfg_aliases v0.2.1
    Checking opaque-debug v0.3.1
    Checking resolv-conf v0.7.6
    Checking pxfm v0.1.30
   Compiling unicode-xid v0.2.6
    Checking winnow v1.0.4
   Compiling whoami v2.1.2
   Compiling oid-registry v0.8.1
   Compiling sqlx-postgres v0.9.0
    Checking toml_parser v1.1.2+spec-1.1.0
   Compiling darling_macro v0.23.0
   Compiling derive_more-impl v2.1.1
    Checking moxcms v0.8.1
    Checking hickory-resolver v0.26.1
    Checking polyval v0.6.2
   Compiling nix v0.31.3
    Checking png v0.18.1
   Compiling postcard v1.1.3
    Checking cipher v0.5.2
    Checking tonic v0.14.6
   Compiling sqlx-sqlite v0.9.0
   Compiling sqlx-mysql v0.9.0
    Checking sea-query-binder v0.7.0
    Checking derive_builder v0.20.2
   Compiling sea-bae v0.2.1
   Compiling ouroboros_macro v0.18.5
    Checking http-body v0.4.6
    Checking h2 v0.3.27
    Checking rapidhash v4.5.1
   Compiling crc32c v0.6.8
    Checking rfc6979 v0.4.0
   Compiling quick-xml v0.41.0
   Compiling neli-proc-macros v0.2.2
    Checking yasna v0.6.0
    Checking raw-cpuid v11.6.0
    Checking pem v3.0.6
   Compiling minimp3-sys v0.6.0
   Compiling fs-err v3.3.1
   Compiling async-stream-impl v0.3.6
   Compiling getset v0.1.7
   Compiling ahash v0.8.12
    Checking serde_spanned v1.1.1
    Checking toml_datetime v1.1.1+spec-1.1.0
    Checking socket2 v0.5.10
    Checking static_assertions v1.1.0
    Checking wildmatch v1.1.0
    Checking base64 v0.21.7
    Checking aliasable v0.1.3
    Checking twox-hash v2.1.2
    Checking xml-rs v0.8.28
    Checking toml_writer v1.1.1+spec-1.1.0
   Compiling rustix v1.1.4
    Checking bytemuck v1.25.1
    Checking byteorder-lite v0.1.0
    Checking siphasher v1.0.3
    Checking linked-hash-map v0.5.6
    Checking phf_shared v0.12.1
    Checking lru-cache v0.1.2
    Checking image v0.25.10
    Checking xmltree v0.10.3
    Checking hdrhistogram v7.5.4
    Checking ouroboros v0.18.5
    Checking hyper v0.14.32
    Checking attohttpc v0.16.3
    Checking quanta v0.12.6
    Checking neli v0.7.4
    Checking async-stream v0.3.6
    Checking rcgen v0.14.8
   Compiling phonenumber v0.3.10+9.0.33
    Checking ecdsa v0.16.9
    Checking metrics v0.24.6
   Compiling sea-orm-macros v1.1.20
   Compiling sqlx-macros-core v0.9.0
    Checking tonic-prost v0.14.6
    Checking ghash v0.5.1
    Checking derive_more v2.1.1
   Compiling darling v0.23.0
    Checking prost-types v0.14.4
    Checking tower-http v0.6.11
    Checking ctr v0.9.2
    Checking aes v0.8.4
    Checking primeorder v0.13.6
    Checking der-parser v10.0.0
   Compiling sea-schema-derive v0.3.0
   Compiling strum_macros v0.27.2
    Checking rand_xoshiro v0.7.0
    Checking left-right v0.11.7
    Checking aead v0.5.2
    Checking humantime v2.4.0
    Checking hashbrown v0.14.5
   Compiling metrics-exporter-prometheus v0.18.3
    Checking hashbag v0.1.13
    Checking strum v0.26.3
    Checking glob v0.3.3
    Checking same-file v1.0.6
   Compiling chrono-tz v0.10.4
    Checking oncemutex v0.1.1
    Checking cpubits v0.1.1
    Checking linux-raw-sys v0.12.1
    Checking sketches-ddsketch v0.3.1
    Checking spin v0.10.1
    Checking regex-syntax v0.6.29
    Checking qrcodegen v1.8.0
    Checking qrcodegen-image v1.5.2
    Checking regex-cache v0.2.1
    Checking crc-fast v1.10.0
    Checking metrics-util v0.20.4
    Checking aes v0.9.1
    Checking strum v0.27.2
    Checking walkdir v2.5.0
    Checking sea-orm-cli v1.1.20
    Checking sea-orm v1.1.20
    Checking evmap v11.0.0
    Checking dashmap v6.2.1
    Checking aes-gcm v0.10.3
    Checking x509-parser v0.18.1
    Checking sea-schema v0.16.2
    Checking p256 v0.13.2
    Checking console-api v0.9.0
    Checking reqwest v0.13.4
   Compiling serde_with_macros v3.21.0
   Compiling sqlx-macros v0.9.0
    Checking local-ip-address v0.6.13
    Checking igd v0.12.1
    Checking phf v0.12.1
    Checking toml v1.1.2+spec-1.1.0
    Checking lz4_flex v0.13.1
    Checking g729-sys v0.1.2
    Checking ctr v0.10.1
    Checking arc-swap v1.9.2
   Compiling rustpbx v0.4.11 (/build/rustpbx)
    Checking password-hash v0.5.0
    Checking itertools v0.15.0
    Checking lru v0.18.1
    Checking blake2 v0.10.6
    Checking quick-xml v0.40.1
   Compiling flowdb-derive v0.7.6
    Checking csv-core v0.1.13
    Checking if-addrs v0.14.0
    Checking memmap2 v0.9.11
    Checking slice-ring-buffer v0.3.4
    Checking fastrand v2.4.1
    Checking opus-rs v0.1.23
    Checking urlencoding v2.1.3
    Checking http-range-header v0.4.2
    Checking constant_time_eq v0.3.1
    Checking base32 v0.5.1
    Checking symlink v0.1.0
    Checking memo-map v0.3.3
    Checking minijinja v2.21.0
    Checking audio-codec v0.3.40
    Checking tracing-appender v0.2.5
    Checking totp-rs v5.7.2
    Checking tower-http v0.7.0
    Checking minimp3 v0.6.1
    Checking tempfile v3.27.0
    Checking flowdb v0.7.8
    Checking rsipstack v0.5.18 (/build/rsipstack)
    Checking csv v1.4.0
    Checking object_store v0.14.0
    Checking argon2 v0.5.3
    Checking sqlx v0.9.0
    Checking axum-server v0.8.0
    Checking rustrtc v0.3.90 (/build/rustrtc)
    Checking serde_with v3.21.0
    Checking console-subscriber v0.5.0
    Checking sea-orm-migration v1.1.20
    Checking instant-acme v0.8.5
    Checking toml_edit v0.25.12+spec-1.1.0
    Checking ruzstd v0.8.3
    Checking converact-component-hook v0.1.0 (/build/rustpbx/vendor/converact-component-hook)
warning: unused imports: `SipEffectReceiptLevel` and `SipEffectReceipt`
 --> src/call/adapters/rsipstack_sip_effect_gate.rs:6:43
  |
6 |     PreparedSipEffect, SipEffectIdentity, SipEffectReceipt, SipEffectReceiptLevel, SipEffectRecord,
  |                                           ^^^^^^^^^^^^^^^^  ^^^^^^^^^^^^^^^^^^^^^
  |
  = note: `#[warn(unused_imports)]` (part of `#[warn(unused)]`) on by default

warning: `rustpbx` (lib) generated 1 warning (run `cargo fix --lib -p rustpbx` to apply 1 suggestion)
    Finished `dev` profile [unoptimized + debuginfo] target(s) in 6m 40s
   Compiling rustpbx v0.4.11 (/build/rustpbx)
warning: unused imports: `SipEffectReceiptLevel` and `SipEffectReceipt`
 --> src/call/adapters/rsipstack_sip_effect_gate.rs:6:43
  |
6 |     PreparedSipEffect, SipEffectIdentity, SipEffectReceipt, SipEffectReceiptLevel, SipEffectRecord,
  |                                           ^^^^^^^^^^^^^^^^  ^^^^^^^^^^^^^^^^^^^^^
  |
  = note: `#[warn(unused_imports)]` (part of `#[warn(unused)]`) on by default

warning: empty line after doc comment
   --> src/call/app/controller.rs:337:5
    |
337 | /     /// Collect DTMF digits with timeout and inter-digit gap detection.
338 | |
    | |_^
...
350 |       pub async fn collect_dtmf(&mut self, config: DtmfCollectConfig) -> anyhow::Result<String> {
    |       ------------------------- the comment documents this function
    |
    = help: for further information visit https://rust-lang.github.io/rust-clippy/rust-1.94.0/index.html#empty_line_after_doc_comments
    = note: `#[warn(clippy::empty_line_after_doc_comments)]` on by default
    = help: if the empty line is unintentional, remove it
help: if the documentation should include the empty line include it in the comment
    |
338 |     ///
    |

warning: redundant field names in struct initialization
   --> src/call/runtime/conference_media_bridge.rs:292:29
    |
292 | ...                   clock_rate: clock_rate,
    |                       ^^^^^^^^^^^^^^^^^^^^^^ help: replace it with: `clock_rate`
    |
    = help: for further information visit https://rust-lang.github.io/rust-clippy/rust-1.94.0/index.html#redundant_field_names
    = note: `#[warn(clippy::redundant_field_names)]` on by default

warning: called `Iterator::last` on a `DoubleEndedIterator`; this will needlessly iterate the entire iterator
   --> src/addons/queue/console/handlers.rs:770:24
    |
770 |     let url_basename = url.split('/').last().unwrap_or("audio.wav").split('?').next().unwrap_or("audio.wav");
    |                        ^^^^^^^^^^^^^^^------
    |                                       |
    |                                       help: try: `next_back()`
    |
    = help: for further information visit https://rust-lang.github.io/rust-clippy/rust-1.94.0/index.html#double_ended_iterator_last
    = note: `#[warn(clippy::double_ended_iterator_last)]` on by default

warning: the borrowed expression implements the required traits
   --> src/addons/queue/console/handlers.rs:824:31
    |
824 |     if !canonical.starts_with(&sounds_dir.canonicalize().unwrap_or(sounds_dir)) {
    |                               ^^^^^^^^^^^^^^^^^^^^^^^^^^^^^^^^^^^^^^^^^^^^^^^^ help: change this to: `sounds_dir.canonicalize().unwrap_or(sounds_dir)`
    |
    = help: for further information visit https://rust-lang.github.io/rust-clippy/rust-1.94.0/index.html#needless_borrows_for_generic_args
    = note: `#[warn(clippy::needless_borrows_for_generic_args)]` on by default

warning: this expression creates a reference which is immediately dereferenced by the compiler
  --> src/api/mod.rs:54:45
   |
54 |             .get_console_api_routes(&state, &config)
   |                                             ^^^^^^^ help: change this to: `config`
   |
   = help: for further information visit https://rust-lang.github.io/rust-clippy/rust-1.94.0/index.html#needless_borrow
   = note: `#[warn(clippy::needless_borrow)]` on by default

warning: this expression creates a reference which is immediately dereferenced by the compiler
  --> src/api/mod.rs:84:44
   |
84 |         .get_phone_auth_validator(console, &config)
   |                                            ^^^^^^^ help: change this to: `config`
   |
   = help: for further information visit https://rust-lang.github.io/rust-clippy/rust-1.94.0/index.html#needless_borrow

warning: this `if` statement can be collapsed
   --> src/api/mod.rs:108:9
    |
108 | /         if let Some(ref validator) = auth_state.phone_auth {
109 | |             if let Some(_agent_id) = validator.validate_token(&bearer) {
110 | |                 let user = make_synthetic_user();
111 | |                 req.extensions_mut().insert(ApiTokenAuth(user));
...   |
114 | |         }
    | |_________^
    |
    = help: for further information visit https://rust-lang.github.io/rust-clippy/rust-1.94.0/index.html#collapsible_if
    = note: `#[warn(clippy::collapsible_if)]` on by default
help: collapse nested if block
    |
108 ~         if let Some(ref validator) = auth_state.phone_auth
109 ~             && let Some(_agent_id) = validator.validate_token(&bearer) {
110 |                 let user = make_synthetic_user();
111 |                 req.extensions_mut().insert(ApiTokenAuth(user));
112 |                 return next.run(req).await;
113 ~             }
    |

warning: this `if` statement can be collapsed
   --> src/api/mod.rs:128:5
    |
128 | /     if let Some(session_token) = crate::console::middleware::extract_session_cookie(&headers) {
129 | |         if let Ok(Some(user)) = auth_state.console.current_user(Some(&session_token)).await {
130 | |             req.extensions_mut().insert(ApiTokenAuth(user));
131 | |             return next.run(req).await;
132 | |         }
133 | |     }
    | |_____^
    |
    = help: for further information visit https://rust-lang.github.io/rust-clippy/rust-1.94.0/index.html#collapsible_if
help: collapse nested if block
    |
128 ~     if let Some(session_token) = crate::console::middleware::extract_session_cookie(&headers)
129 ~         && let Ok(Some(user)) = auth_state.console.current_user(Some(&session_token)).await {
130 |             req.extensions_mut().insert(ApiTokenAuth(user));
131 |             return next.run(req).await;
132 ~         }
    |

warning: this `map_or` can be simplified
   --> src/app.rs:310:48
    |
310 |           let persist_call_records_to_database = config
    |  ________________________________________________^
311 | |             .callrecord
312 | |             .as_ref()
313 | |             .map_or(true, |callrecord| callrecord.persist_to_database);
    | |______________________________________________________________________^
    |
    = help: for further information visit https://rust-lang.github.io/rust-clippy/rust-1.94.0/index.html#unnecessary_map_or
    = note: `#[warn(clippy::unnecessary_map_or)]` on by default
help: use is_none_or instead
    |
313 -             .map_or(true, |callrecord| callrecord.persist_to_database);
313 +             .is_none_or(|callrecord| callrecord.persist_to_database);
    |

warning: use of `default` to create a unit struct
   --> src/app.rs:455:21
    |
455 |                     crate::proxy::number_pool::NumberPoolInspector::default(),
    |                     ^^^^^^^^^^^^^^^^^^^^^^^^^^^^^^^^^^^^^^^^^^^^^^-----------
    |                                                                   |
    |                                                                   help: remove this call to `default`
    |
    = help: for further information visit https://rust-lang.github.io/rust-clippy/rust-1.94.0/index.html#default_constructed_unit_structs
    = note: `#[warn(clippy::default_constructed_unit_structs)]` on by default

warning: this `if` statement can be collapsed
   --> src/auth/http_token_auth_backend.rs:101:13
    |
101 | /             if let Header::Other(name, val) = h {
102 | |                 if name.eq_ignore_ascii_case(&self.token_header) {
103 | |                     return Some(val.clone());
104 | |                 }
105 | |             }
    | |_____________^
    |
    = help: for further information visit https://rust-lang.github.io/rust-clippy/rust-1.94.0/index.html#collapsible_if
help: collapse nested if block
    |
101 ~             if let Header::Other(name, val) = h
102 ~                 && name.eq_ignore_ascii_case(&self.token_header) {
103 |                     return Some(val.clone());
104 ~                 }
    |

warning: this `if` statement can be collapsed
   --> src/auth/http_token_auth_backend.rs:125:9
    |
125 | /         if let Some(ref cache) = self.cache {
126 | |             if let Some(user) = cache.get(&cache_key).await {
127 | |                 return Ok(Some(user));
128 | |             }
129 | |         }
    | |_________^
    |
    = help: for further information visit https://rust-lang.github.io/rust-clippy/rust-1.94.0/index.html#collapsible_if
help: collapse nested if block
    |
125 ~         if let Some(ref cache) = self.cache
126 ~             && let Some(user) = cache.get(&cache_key).await {
127 |                 return Ok(Some(user));
128 ~             }
    |

warning: this `if` statement can be collapsed
  --> src/auth/jwt_auth_backend.rs:41:13
   |
41 | /             if let Header::Other(name, val) = h {
42 | |                 if name.eq_ignore_ascii_case(&self.sip_header_name) {
43 | |                     return Some(val.clone());
44 | |                 }
45 | |             }
   | |_____________^
   |
   = help: for further information visit https://rust-lang.github.io/rust-clippy/rust-1.94.0/index.html#collapsible_if
help: collapse nested if block
   |
41 ~             if let Header::Other(name, val) = h
42 ~                 && name.eq_ignore_ascii_case(&self.sip_header_name) {
43 |                     return Some(val.clone());
44 ~                 }
   |

warning: this `if` statement can be collapsed
  --> src/auth/phone_auth.rs:94:17
   |
94 | /                 if t.token == raw {
95 | |                     if Instant::now() < t.expires_at {
96 | |                         return Some(t.agent_id.clone());
97 | |                     }
98 | |                 }
   | |_________________^
   |
   = help: for further information visit https://rust-lang.github.io/rust-clippy/rust-1.94.0/index.html#collapsible_if
help: collapse nested if block
   |
94 ~                 if t.token == raw
95 ~                     && Instant::now() < t.expires_at {
96 |                         return Some(t.agent_id.clone());
97 ~                     }
   |

warning: this function has too many arguments (8/7)
    --> src/call/adapters/rsipstack_sip_effect_gate.rs:1182:5
     |
1182 | /     async fn prepare_derived_inner(
1183 | |         &self,
1184 | |         parent_permit: &EgressEffectPermit,
1185 | |         kind: EgressDerivedEffectKind,
...    |
1190 | |         canonical_wire_bytes: &[u8],
1191 | |     ) -> Result<EgressEffectPermit, SipEffectGateError> {
     | |_______________________________________________________^
     |
     = help: for further information visit https://rust-lang.github.io/rust-clippy/rust-1.94.0/index.html#too_many_arguments
     = note: `#[warn(clippy::too_many_arguments)]` on by default

warning: very complex type used. Consider factoring parts into `type` definitions
   --> src/call/app/app_context.rs:118:24
    |
118 |       pub app_factories: Arc<
    |  ________________________^
119 | |         Vec<(
120 | |             &'static str,
121 | |             Arc<
...   |
130 | |         )>,
131 | |     >,
    | |_____^
    |
    = help: for further information visit https://rust-lang.github.io/rust-clippy/rust-1.94.0/index.html#type_complexity
    = note: `#[warn(clippy::type_complexity)]` on by default

warning: this `if` statement can be collapsed
   --> src/call/app/controller.rs:266:13
    |
266 | /             if !was_cancelled {
267 | |                 if tx.send(id_task).await.is_err() {
268 | |                     crate::metrics::call_control::mailbox_rejected("timer", "closed");
269 | |                 }
270 | |             }
    | |_____________^
    |
    = help: for further information visit https://rust-lang.github.io/rust-clippy/rust-1.94.0/index.html#collapsible_if
help: collapse nested if block
    |
266 ~             if !was_cancelled
267 ~                 && tx.send(id_task).await.is_err() {
268 |                     crate::metrics::call_control::mailbox_rejected("timer", "closed");
269 ~                 }
    |

warning: consider using `sort_by_key`
   --> src/call/app/agent_registry.rs:418:13
    |
418 |             candidates.sort_by(|a, b| b.idle_duration().cmp(&a.idle_duration()));
    |             ^^^^^^^^^^^^^^^^^^^^^^^^^^^^^^^^^^^^^^^^^^^^^^^^^^^^^^^^^^^^^^^^^^^^ help: try: `candidates.sort_by_key(|b| std::cmp::Reverse(b.idle_duration()))`
    |
    = help: for further information visit https://rust-lang.github.io/rust-clippy/rust-1.94.0/index.html#unnecessary_sort_by
    = note: `#[warn(clippy::unnecessary_sort_by)]` on by default

warning: large size difference between variants
  --> src/call/app/ivr/common.rs:12:1
   |
12 | / pub enum ActionResult {
13 | |     Terminal(TerminalAction),
14 | |     ChainedTo(ActionNode),
   | |     --------------------- the largest variant contains at least 288 bytes
15 | |     WaitFor(WaitEvent),
   | |     ------------------ the second-largest variant contains at least 40 bytes
16 | | }
   | |_^ the entire enum is at least 288 bytes
   |
   = help: for further information visit https://rust-lang.github.io/rust-clippy/rust-1.94.0/index.html#large_enum_variant
   = note: `#[warn(clippy::large_enum_variant)]` on by default
help: consider boxing the large fields or introducing indirection in some other way to reduce the total size of the enum
   |
14 -     ChainedTo(ActionNode),
14 +     ChainedTo(Box<ActionNode>),
   |

warning: this `if` statement can be collapsed
   --> src/call/app/ivr/common.rs:180:13
    |
180 | /             if let Some(s) = obj.get(*key).and_then(|v| v.as_str()) {
181 | |                 if !s.is_empty() {
182 | |                     return Some(s.to_string());
183 | |                 }
184 | |             }
    | |_____________^
    |
    = help: for further information visit https://rust-lang.github.io/rust-clippy/rust-1.94.0/index.html#collapsible_if
help: collapse nested if block
    |
180 ~             if let Some(s) = obj.get(*key).and_then(|v| v.as_str())
181 ~                 && !s.is_empty() {
182 |                     return Some(s.to_string());
183 ~                 }
    |

warning: this `if` statement can be collapsed
   --> src/call/app/ivr/common.rs:186:9
    |
186 | /         if let Some(data) = obj.get("data") {
187 | |             if let Some(s) = extract_tts_text(data) {
188 | |                 return Some(s);
189 | |             }
190 | |         }
    | |_________^
    |
    = help: for further information visit https://rust-lang.github.io/rust-clippy/rust-1.94.0/index.html#collapsible_if
help: collapse nested if block
    |
186 ~         if let Some(data) = obj.get("data")
187 ~             && let Some(s) = extract_tts_text(data) {
188 |                 return Some(s);
189 ~             }
    |

warning: this `if` statement can be collapsed
   --> src/call/app/ivr/common.rs:191:9
    |
191 | /         if let Some(rd) = obj.get("response_data") {
192 | |             if let Some(s) = extract_tts_text(rd) {
193 | |                 return Some(s);
194 | |             }
195 | |         }
    | |_________^
    |
    = help: for further information visit https://rust-lang.github.io/rust-clippy/rust-1.94.0/index.html#collapsible_if
help: collapse nested if block
    |
191 ~         if let Some(rd) = obj.get("response_data")
192 ~             && let Some(s) = extract_tts_text(rd) {
193 |                 return Some(s);
194 ~             }
    |

warning: this `if` statement can be collapsed
   --> src/call/app/ivr/common.rs:197:5
    |
197 | /     if let Some(s) = value.as_str() {
198 | |         if !s.is_empty() {
199 | |             return Some(s.to_string());
200 | |         }
201 | |     }
    | |_____^
    |
    = help: for further information visit https://rust-lang.github.io/rust-clippy/rust-1.94.0/index.html#collapsible_if
help: collapse nested if block
    |
197 ~     if let Some(s) = value.as_str()
198 ~         && !s.is_empty() {
199 |             return Some(s.to_string());
200 ~         }
    |

warning: this `if` statement can be collapsed
   --> src/call/app/ivr/common.rs:366:13
    |
366 | /             if let Some(p) = prompt {
367 | |                 if let Some(a) = resolve_audio(Some(p), None, None, tts_service).await {
368 | |                     ctrl.play_audio(a, false).await?;
369 | |                 }
370 | |             }
    | |_____________^
    |
    = help: for further information visit https://rust-lang.github.io/rust-clippy/rust-1.94.0/index.html#collapsible_if
help: collapse nested if block
    |
366 ~             if let Some(p) = prompt
367 ~                 && let Some(a) = resolve_audio(Some(p), None, None, tts_service).await {
368 |                     ctrl.play_audio(a, false).await?;
369 ~                 }
    |

warning: this `if` statement can be collapsed
   --> src/call/app/ivr/common.rs:557:13
    |
557 | /             if let Some(p) = prompt {
558 | |                 if let Some(a) = resolve_audio(Some(p), None, None, tts_service).await {
559 | |                     ctrl.play_audio(a, false).await?;
560 | |                 }
561 | |             }
    | |_____________^
    |
    = help: for further information visit https://rust-lang.github.io/rust-clippy/rust-1.94.0/index.html#collapsible_if
help: collapse nested if block
    |
557 ~             if let Some(p) = prompt
558 ~                 && let Some(a) = resolve_audio(Some(p), None, None, tts_service).await {
559 |                     ctrl.play_audio(a, false).await?;
560 ~                 }
    |

warning: this `if` statement can be collapsed
   --> src/call/app/ivr/config.rs:571:9
    |
571 | /         if let Some(EntryAction::Menu { menu: ref target }) = menu.max_retries_action {
572 | |             if target != "root" && !menus.contains_key(target) {
573 | |                 return Err(format!(
574 | |                     "menu '{}' max_retries_action references unknown menu '{}'",
...   |
578 | |         }
    | |_________^
    |
    = help: for further information visit https://rust-lang.github.io/rust-clippy/rust-1.94.0/index.html#collapsible_if
help: collapse nested if block
    |
571 ~         if let Some(EntryAction::Menu { menu: ref target }) = menu.max_retries_action
572 ~             && target != "root" && !menus.contains_key(target) {
573 |                 return Err(format!(
...
576 |                 ));
577 ~             }
    |

warning: unneeded `return` statement
   --> src/call/app/ivr/executor.rs:595:17
    |
595 |                 return Err(e);
    |                 ^^^^^^^^^^^^^
    |
    = help: for further information visit https://rust-lang.github.io/rust-clippy/rust-1.94.0/index.html#needless_return
    = note: `#[warn(clippy::needless_return)]` on by default
help: remove `return`
    |
595 -                 return Err(e);
595 +                 Err(e)
    |

warning: this `if` statement can be collapsed
    --> src/call/app/ivr/executor.rs:1122:9
     |
1122 | /         if was_menu && track_id == "ivr_menu_greeting" {
1123 | |             if let Some(ref menu) = self.pending_menu {
1124 | |                 self.awaiting_dtmf = true;
1125 | |                 ctrl.set_timeout(
...    |
1131 | |         }
     | |_________^
     |
     = help: for further information visit https://rust-lang.github.io/rust-clippy/rust-1.94.0/index.html#collapsible_if
help: collapse nested if block
     |
1122 ~         if was_menu && track_id == "ivr_menu_greeting"
1123 ~             && let Some(ref menu) = self.pending_menu {
1124 |                 self.awaiting_dtmf = true;
 ...
1129 |                 return Ok(AppAction::Continue);
1130 ~             }
     |

warning: this `if` statement can be collapsed
    --> src/call/app/ivr/executor.rs:1133:9
     |
1133 | /         if let Some(ref node) = self.current_node {
1134 | |             if let Some(ref next) = node.next {
1135 | |                 self.current_trigger = Some(crate::rwi::TriggerInfo::new("audio_complete"));
1136 | |                 self.current_node = Some(*next.clone());
...    |
1139 | |         }
     | |_________^
     |
     = help: for further information visit https://rust-lang.github.io/rust-clippy/rust-1.94.0/index.html#collapsible_if
help: collapse nested if block
     |
1133 ~         if let Some(ref node) = self.current_node
1134 ~             && let Some(ref next) = node.next {
1135 |                 self.current_trigger = Some(crate::rwi::TriggerInfo::new("audio_complete"));
1136 |                 self.current_node = Some(*next.clone());
1137 |                 return self.__exec_node(ctrl, context).await;
1138 ~             }
     |

warning: this `if` statement can be collapsed
   --> src/call/app/ivr/third_party.rs:645:17
    |
645 | /                 if current.controltype == "getDynamicTree" {
646 | |                     if let Some(obj) = body.as_object() {
647 | |                         let parsed: HashMap<String, ThirdPartyNode> = obj
648 | |                             .iter()
...   |
687 | |                 }
    | |_________________^
    |
    = help: for further information visit https://rust-lang.github.io/rust-clippy/rust-1.94.0/index.html#collapsible_if
help: collapse nested if block
    |
645 ~                 if current.controltype == "getDynamicTree"
646 ~                     && let Some(obj) = body.as_object() {
647 |                         let parsed: HashMap<String, ThirdPartyNode> = obj
...
685 |                         }
686 ~                     }
    |

warning: this `if` statement can be collapsed
   --> src/call/app/ivr/third_party.rs:664:29
    |
664 | / ...                   if let Some(nid) = next_id {
665 | | ...                       if let Some(next) = tree.nodes.get(&nid).cloned() {
666 | | ...                           state.current_node_id = Some(nid.clone());
667 | | ...                           if Self::is_menu_nodetype(&next.nodetype) {
...   |
679 | | ...                   }
    | |_______________________^
    |
    = help: for further information visit https://rust-lang.github.io/rust-clippy/rust-1.94.0/index.html#collapsible_if
help: collapse nested if block
    |
664 ~                             if let Some(nid) = next_id
665 ~                                 && let Some(next) = tree.nodes.get(&nid).cloned() {
666 |                                     state.current_node_id = Some(nid.clone());
...
677 |                                     return Ok(Self::build_linear_chain(&tree, &next));
678 ~                                 }
    |

warning: this `impl` can be derived
   --> src/call/app/queue.rs:183:1
    |
183 | / impl Default for EscalationMode {
184 | |     fn default() -> Self {
185 | |         Self::Replace
186 | |     }
187 | | }
    | |_^
    |
    = help: for further information visit https://rust-lang.github.io/rust-clippy/rust-1.94.0/index.html#derivable_impls
    = note: `#[warn(clippy::derivable_impls)]` on by default
help: replace the manual implementation with a derive attribute and mark the default variant
    |
176 + #[derive(Default)]
177 | pub enum EscalationMode {
178 |     /// Replace current skill group with the next one.
179 ~     #[default]
180 ~     Replace,
    |

warning: this `if` statement can be collapsed
   --> src/call/app/queue.rs:826:9
    |
826 | /         if let Some(comfort_list) = prompts.map(|p| &p.comfort_prompts) {
827 | |             if !comfort_list.is_empty() {
828 | |                 let elapsed = self.last_comfort_played.map(|t| now.duration_since(t));
829 | |                 let idx = self.comfort_index % comfort_list.len();
...   |
848 | |         }
    | |_________^
    |
    = help: for further information visit https://rust-lang.github.io/rust-clippy/rust-1.94.0/index.html#collapsible_if
help: collapse nested if block
    |
826 ~         if let Some(comfort_list) = prompts.map(|p| &p.comfort_prompts)
827 ~             && !comfort_list.is_empty() {
828 |                 let elapsed = self.last_comfort_played.map(|t| now.duration_since(t));
...
846 |                 }
847 ~             }
    |

warning: this `if` statement can be collapsed
   --> src/call/app/queue.rs:856:9
    |
856 | /         if let Some(qs) = stats.get(&self.config.name) {
857 | |             if qs.available_agents > 0 && qs.current_waiting > 0 {
858 | |                 let avg = if qs.calls_answered > 0 {
859 | |                     qs.total_wait_secs / qs.calls_answered.max(1)
...   |
868 | |         }
    | |_________^
    |
    = help: for further information visit https://rust-lang.github.io/rust-clippy/rust-1.94.0/index.html#collapsible_if
help: collapse nested if block
    |
856 ~         if let Some(qs) = stats.get(&self.config.name)
857 ~             && qs.available_agents > 0 && qs.current_waiting > 0 {
858 |                 let avg = if qs.calls_answered > 0 {
...
866 |                 return rounded.min(self.config.ewt_max_secs);
867 ~             }
    |

warning: this `impl` can be derived
  --> src/call/runtime/conference_manager.rs:29:1
   |
29 | / impl Default for ParticipantRole {
30 | |     fn default() -> Self {
31 | |         Self::Member
32 | |     }
33 | | }
   | |_^
   |
   = help: for further information visit https://rust-lang.github.io/rust-clippy/rust-1.94.0/index.html#derivable_impls
help: replace the manual implementation with a derive attribute and mark the default variant
   |
24 + #[derive(Default)]
25 | pub enum ParticipantRole {
26 |     Host,
27 ~     #[default]
28 ~     Member,
   |

warning: casting to the same type is unnecessary (`u32` -> `u32`)
   --> src/call/runtime/conference_media_bridge.rs:247:26
    |
247 |         let clock_rate = codec.clock_rate() as u32;
    |                          ^^^^^^^^^^^^^^^^^^^^^^^^^ help: try: `codec.clock_rate()`
    |
    = help: for further information visit https://rust-lang.github.io/rust-clippy/rust-1.94.0/index.html#unnecessary_cast
    = note: `#[warn(clippy::unnecessary_cast)]` on by default

warning: this `if` statement can be collapsed
   --> src/call/runtime/default_app_runtime.rs:466:5
    |
466 | /     if let Some(runtime) = app_runtime.as_any().downcast_ref::<DefaultAppRuntime>() {
467 | |         if let Some(ref hook) = runtime.context.post_call_hook {
468 | |             return hook
469 | |                 .on_agent_disconnected(session_id, caller, agent_id, queue_name, app_runtime)
...   |
472 | |     }
    | |_____^
    |
    = help: for further information visit https://rust-lang.github.io/rust-clippy/rust-1.94.0/index.html#collapsible_if
help: collapse nested if block
    |
466 ~     if let Some(runtime) = app_runtime.as_any().downcast_ref::<DefaultAppRuntime>()
467 ~         && let Some(ref hook) = runtime.context.post_call_hook {
468 |             return hook
469 |                 .on_agent_disconnected(session_id, caller, agent_id, queue_name, app_runtime)
470 |                 .await;
471 ~         }
    |

warning: very complex type used. Consider factoring parts into `type` definitions
   --> src/call/mod.rs:299:23
    |
299 |         let prefixes: &[(&str, fn(String) -> TransferEndpoint)] = &[
    |                       ^^^^^^^^^^^^^^^^^^^^^^^^^^^^^^^^^^^^^^^^^
    |
    = help: for further information visit https://rust-lang.github.io/rust-clippy/rust-1.94.0/index.html#type_complexity

warning: this `if` statement can be collapsed
   --> src/callrecord/sipflow.rs:346:17
    |
346 | /                 if let Ok(via) = msg.via_header() {
347 | |                     if let Ok(typed_via) = via.typed() {
348 | |                         src.push_str(&typed_via.uri.host_with_port.to_string());
349 | |                     }
350 | |                 }
    | |_________________^
    |
    = help: for further information visit https://rust-lang.github.io/rust-clippy/rust-1.94.0/index.html#collapsible_if
help: collapse nested if block
    |
346 ~                 if let Ok(via) = msg.via_header()
347 ~                     && let Ok(typed_via) = via.typed() {
348 |                         src.push_str(&typed_via.uri.host_with_port.to_string());
349 ~                     }
    |

warning: this `if` statement can be collapsed
   --> src/callrecord/sipflow.rs:363:13
    |
363 | /             if dst.is_empty() {
364 | |                 if let SipMessage::Response(resp) = msg {
365 | |                     if let Some(via_addr) = resp.via_received() {
366 | |                         dst.push_str(&via_addr.to_string());
...   |
373 | |             }
    | |_____________^
    |
    = help: for further information visit https://rust-lang.github.io/rust-clippy/rust-1.94.0/index.html#collapsible_if
help: collapse nested if block
    |
363 ~             if dst.is_empty()
364 ~                 && let SipMessage::Response(resp) = msg {
365 |                     if let Some(via_addr) = resp.via_received() {
...
371 |                     }
372 ~                 }
    |

warning: this `if` statement can be collapsed
   --> src/callrecord/sipflow.rs:367:28
    |
367 |                       } else if let Ok(via) = resp.via_header() {
    |  ____________________________^
368 | |                         if let Ok(typed_via) = via.typed() {
369 | |                             dst.push_str(&typed_via.uri.host_with_port.to_string());
370 | |                         }
371 | |                     }
    | |_____________________^
    |
    = help: for further information visit https://rust-lang.github.io/rust-clippy/rust-1.94.0/index.html#collapsible_if
help: collapse nested if block
    |
367 ~                     } else if let Ok(via) = resp.via_header()
368 ~                         && let Ok(typed_via) = via.typed() {
369 |                             dst.push_str(&typed_via.uri.host_with_port.to_string());
370 ~                         }
    |

warning: this `if` statement can be collapsed
   --> src/callrecord/sipflow_upload.rs:191:5
    |
191 | /     if let Some(url) = first_uploaded_url.as_ref() {
192 | |         if let Some(gw) = rwi_gateway {
193 | |             let gw_ref = gw.read();
194 | |             gw_ref.send_to_owner(&crate::rwi::RecordEnd {
...   |
202 | |     }
    | |_____^
    |
    = help: for further information visit https://rust-lang.github.io/rust-clippy/rust-1.94.0/index.html#collapsible_if
help: collapse nested if block
    |
191 ~     if let Some(url) = first_uploaded_url.as_ref()
192 ~         && let Some(gw) = rwi_gateway {
193 |             let gw_ref = gw.read();
...
200 |             info!(call_id, "SipFlowUploadHook: RecordEnd event emitted");
201 ~         }
    |

warning: this `if` statement can be collapsed
   --> src/callrecord/sipflow_upload.rs:205:5
    |
205 | /     if let Some(url) = first_uploaded_url.as_ref() {
206 | |         if let Some(gw) = rwi_gateway {
207 | |             use crate::rwi::proto::RecordingMetadata;
208 | |             let metadata = RecordingMetadata {
...   |
236 | |     }
    | |_____^
    |
    = help: for further information visit https://rust-lang.github.io/rust-clippy/rust-1.94.0/index.html#collapsible_if
help: collapse nested if block
    |
205 ~     if let Some(url) = first_uploaded_url.as_ref()
206 ~         && let Some(gw) = rwi_gateway {
207 |             use crate::rwi::proto::RecordingMetadata;
...
234 |             );
235 ~         }
    |

warning: this `let...else` may be rewritten with the `?` operator
   --> src/callrecord/sipflow_upload.rs:294:13
    |
294 | /             let Some(storage) = s3_storage else {
295 | |                 return None;
296 | |             };
    | |______________^ help: replace it with: `let storage = s3_storage?;`
    |
    = help: for further information visit https://rust-lang.github.io/rust-clippy/rust-1.94.0/index.html#question_mark
    = note: `#[warn(clippy::question_mark)]` on by default

warning: this `if` statement can be collapsed
   --> src/callrecord/sipflow_upload.rs:314:13
    |
314 | /             if let Some(db) = db {
315 | |                 if let Err(e) = crate::models::call_record::update_recording_url(
316 | |                     db,
317 | |                     call_id,
...   |
328 | |             }
    | |_____________^
    |
    = help: for further information visit https://rust-lang.github.io/rust-clippy/rust-1.94.0/index.html#collapsible_if
help: collapse nested if block
    |
314 ~             if let Some(db) = db
315 ~                 && let Err(e) = crate::models::call_record::update_recording_url(
316 |                     db,
...
326 |                     );
327 ~                 }
    |

warning: manually reimplementing `div_ceil`
    --> src/config.rs:1048:9
     |
1048 |         (n + 1) / 2
     |         ^^^^^^^^^^^ help: consider using `.div_ceil()`: `n.div_ceil(2)`
     |
     = help: for further information visit https://rust-lang.github.io/rust-clippy/rust-1.94.0/index.html#manual_div_ceil
     = note: `#[warn(clippy::manual_div_ceil)]` on by default

warning: this `if` statement can be collapsed
   --> src/console/catalog.rs:47:5
    |
 47 | /     if ivr_dir.exists() {
 48 | |         if let Ok(entries) = fs::read_dir(ivr_dir) {
 49 | |             for entry in entries.flatten() {
 50 | |                 let path = entry.path();
...   |
122 | |     }
    | |_____^
    |
    = help: for further information visit https://rust-lang.github.io/rust-clippy/rust-1.94.0/index.html#collapsible_if
help: collapse nested if block
    |
 47 ~     if ivr_dir.exists()
 48 ~         && let Ok(entries) = fs::read_dir(ivr_dir) {
 49 |             for entry in entries.flatten() {
...
120 |             }
121 ~         }
    |

warning: this `if` statement can be collapsed
   --> src/console/catalog.rs:216:5
    |
216 | /     if queue_dir.exists() {
217 | |         if let Ok(entries) = fs::read_dir(queue_dir) {
218 | |             for entry in entries.flatten() {
219 | |                 let path = entry.path();
...   |
301 | |     }
    | |_____^
    |
    = help: for further information visit https://rust-lang.github.io/rust-clippy/rust-1.94.0/index.html#collapsible_if
help: collapse nested if block
    |
216 ~     if queue_dir.exists()
217 ~         && let Ok(entries) = fs::read_dir(queue_dir) {
218 |             for entry in entries.flatten() {
...
299 |             }
300 ~         }
    |

warning: this `if` statement can be collapsed
   --> src/console/handlers/call_record.rs:241:5
    |
241 | /     if let Some(ref meta) = record.metadata {
242 | |         if let Some(meta_map) = meta.as_object() {
243 | |             if let Some(json_str) = meta_map.get("sip_leg_roles").and_then(|v| v.as_str()) {
244 | |                 if let Ok(roles) = serde_json::from_str::<HashMap<String, String>>(json_str) {
...   |
252 | |     }
    | |_____^
    |
    = help: for further information visit https://rust-lang.github.io/rust-clippy/rust-1.94.0/index.html#collapsible_if
help: collapse nested if block
    |
241 ~     if let Some(ref meta) = record.metadata
242 ~         && let Some(meta_map) = meta.as_object() {
243 |             if let Some(json_str) = meta_map.get("sip_leg_roles").and_then(|v| v.as_str()) {
...
250 |             }
251 ~         }
    |

warning: this `if` statement can be collapsed
   --> src/console/handlers/call_record.rs:242:9
    |
242 | /         if let Some(meta_map) = meta.as_object() {
243 | |             if let Some(json_str) = meta_map.get("sip_leg_roles").and_then(|v| v.as_str()) {
244 | |                 if let Ok(roles) = serde_json::from_str::<HashMap<String, String>>(json_str) {
245 | |                     for (cid, role) in roles {
...   |
251 | |         }
    | |_________^
    |
    = help: for further information visit https://rust-lang.github.io/rust-clippy/rust-1.94.0/index.html#collapsible_if
help: collapse nested if block
    |
242 ~         if let Some(meta_map) = meta.as_object()
243 ~             && let Some(json_str) = meta_map.get("sip_leg_roles").and_then(|v| v.as_str()) {
244 |                 if let Ok(roles) = serde_json::from_str::<HashMap<String, String>>(json_str) {
...
249 |                 }
250 ~             }
    |

warning: this `if` statement can be collapsed
   --> src/console/handlers/call_record.rs:243:13
    |
243 | /             if let Some(json_str) = meta_map.get("sip_leg_roles").and_then(|v| v.as_str()) {
244 | |                 if let Ok(roles) = serde_json::from_str::<HashMap<String, String>>(json_str) {
245 | |                     for (cid, role) in roles {
246 | |                         call_id_roles.insert(cid, role);
...   |
250 | |             }
    | |_____________^
    |
    = help: for further information visit https://rust-lang.github.io/rust-clippy/rust-1.94.0/index.html#collapsible_if
help: collapse nested if block
    |
243 ~             if let Some(json_str) = meta_map.get("sip_leg_roles").and_then(|v| v.as_str())
244 ~                 && let Ok(roles) = serde_json::from_str::<HashMap<String, String>>(json_str) {
245 |                     for (cid, role) in roles {
...
248 |                     sip_leg_roles_loaded = true;
249 ~                 }
    |

warning: using `Option.and_then(|x| Some(y))`, which is more succinctly expressed as `map(|x| y)`
    --> src/console/handlers/diagnostics.rs:1293:27
     |
1293 |               let ivr_dir = state.app_state().and_then(|app| {
     |  ___________________________^
1294 | |                 let dir = app.config().proxy.generated_ivr_dir();
1295 | |                 Some(dir)
1296 | |             });
     | |______________^
     |
     = help: for further information visit https://rust-lang.github.io/rust-clippy/rust-1.94.0/index.html#bind_instead_of_map
     = note: `#[warn(clippy::bind_instead_of_map)]` on by default
help: use `map` instead
     |
1293 ~             let ivr_dir = state.app_state().map(|app| {
1294 |                 let dir = app.config().proxy.generated_ivr_dir();
1295 ~                 dir
     |

warning: this `if` statement can be collapsed
   --> src/console/handlers/extension.rs:723:5
    |
723 | /     if !ext.is_empty() {
724 | |         if let Some(app_state) = state.app_state() {
725 | |             app_state
726 | |                 .addon_registry
...   |
730 | |     }
    | |_____^
    |
    = help: for further information visit https://rust-lang.github.io/rust-clippy/rust-1.94.0/index.html#collapsible_if
help: collapse nested if block
    |
723 ~     if !ext.is_empty()
724 ~         && let Some(app_state) = state.app_state() {
725 |             app_state
...
728 |                 .await;
729 ~         }
    |

warning: this `if` statement can be collapsed
   --> src/console/handlers/extension.rs:759:13
    |
759 | /             if !ext_number.is_empty() {
760 | |                 if let Some(app_state) = state.app_state() {
761 | |                     app_state
762 | |                         .addon_registry
...   |
766 | |             }
    | |_____________^
    |
    = help: for further information visit https://rust-lang.github.io/rust-clippy/rust-1.94.0/index.html#collapsible_if
help: collapse nested if block
    |
759 ~             if !ext_number.is_empty()
760 ~                 && let Some(app_state) = state.app_state() {
761 |                     app_state
...
764 |                         .await;
765 ~                 }
    |

warning: useless conversion to the same type: `chrono::DateTime<chrono::Utc>`
    --> src/console/handlers/extension.rs:1007:29
     |
1007 |             created_at: Set(now.into()),
     |                             ^^^^^^^^^^ help: consider removing `.into()`: `now`
     |
     = help: for further information visit https://rust-lang.github.io/rust-clippy/rust-1.94.0/index.html#useless_conversion
     = note: `#[warn(clippy::useless_conversion)]` on by default

warning: useless conversion to the same type: `chrono::DateTime<chrono::Utc>`
    --> src/console/handlers/extension.rs:1008:29
     |
1008 |             updated_at: Set(now.into()),
     |                             ^^^^^^^^^^ help: consider removing `.into()`: `now`
     |
     = help: for further information visit https://rust-lang.github.io/rust-clippy/rust-1.94.0/index.html#useless_conversion

warning: this `if` statement can be collapsed
    --> src/console/handlers/extension.rs:1016:17
     |
1016 | /                 if !dept_ids.is_empty() {
1017 | |                     if let Err(err) =
1018 | |                         ExtensionEntity::replace_departments(db, model.id, &dept_ids).await
...    |
1027 | |                 }
     | |_________________^
     |
     = help: for further information visit https://rust-lang.github.io/rust-clippy/rust-1.94.0/index.html#collapsible_if
help: collapse nested if block
     |
1016 ~                 if !dept_ids.is_empty()
1017 ~                     && let Err(err) =
1018 |                         ExtensionEntity::replace_departments(db, model.id, &dept_ids).await
 ...
1025 |                         ));
1026 ~                     }
     |

warning: casting to the same type is unnecessary (`u64` -> `u64`)
   --> src/console/handlers/forms.rs:180:22
    |
180 |     let page_index = page_index_u32 as u64;
    |                      ^^^^^^^^^^^^^^^^^^^^^ help: try: `page_index_u32`
    |
    = help: for further information visit https://rust-lang.github.io/rust-clippy/rust-1.94.0/index.html#unnecessary_cast

warning: the `Err`-variant returned from this function is very large
    --> src/console/handlers/setting.rs:1787:61
     |
1787 | fn serialize_to_item<T: Serialize>(val: &T, field: &str) -> Result<Item, Response> {
     |                                                             ^^^^^^^^^^^^^^^^^^^^^^ the `Err`-variant is at least 128 bytes
     |
     = help: try reducing the size of `http::Response<axum::body::Body>`, for example by boxing large elements or replacing it with `Box<http::Response<axum::body::Body>>`
     = help: for further information visit https://rust-lang.github.io/rust-clippy/rust-1.94.0/index.html#result_large_err
     = note: `#[warn(clippy::result_large_err)]` on by default

warning: this `if` statement can be collapsed
   --> src/console/handlers/sip_trunk.rs:373:9
    |
373 | /         if let Some(target_json) = &route.target_trunks {
374 | |             if let Some(arr) = target_json.as_array() {
375 | |                 for entry in arr {
376 | |                     if entry.get("name").and_then(|v| v.as_str()) == Some(&trunk_name) {
...   |
386 | |         }
    | |_________^
    |
    = help: for further information visit https://rust-lang.github.io/rust-clippy/rust-1.94.0/index.html#collapsible_if
help: collapse nested if block
    |
373 ~         if let Some(target_json) = &route.target_trunks
374 ~             && let Some(arr) = target_json.as_array() {
375 |                 for entry in arr {
...
384 |                 }
385 ~             }
    |

warning: this `if` statement can be collapsed
   --> src/console/handlers/sipflow.rs:106:21
    |
106 | /                     if resolved.is_empty() {
107 | |                         if let (Some(udp), Some(http)) = (udp_addr, http_addr) {
108 | |                             resolved.push(SipFlowClusterNode {
109 | |                                 udp: udp.clone(),
...   |
113 | |                     }
    | |_____________________^
    |
    = help: for further information visit https://rust-lang.github.io/rust-clippy/rust-1.94.0/index.html#collapsible_if
help: collapse nested if block
    |
106 ~                     if resolved.is_empty()
107 ~                         && let (Some(udp), Some(http)) = (udp_addr, http_addr) {
108 |                             resolved.push(SipFlowClusterNode {
...
111 |                             });
112 ~                         }
    |

warning: this expression creates a reference which is immediately dereferenced by the compiler
  --> src/console/handlers/mod.rs:75:46
   |
75 |             .get_console_page_routes(&state, &config)
   |                                              ^^^^^^^ help: change this to: `config`
   |
   = help: for further information visit https://rust-lang.github.io/rust-clippy/rust-1.94.0/index.html#needless_borrow

warning: this `if` statement can be collapsed
   --> src/console/mod.rs:554:9
    |
554 | /         if let Some(app) = self.app_state() {
555 | |             if let Some(v) = &app.config().proxy.ws_handler {
556 | |                 return v.clone();
557 | |             }
558 | |         }
    | |_________^
    |
    = help: for further information visit https://rust-lang.github.io/rust-clippy/rust-1.94.0/index.html#collapsible_if
help: collapse nested if block
    |
554 ~         if let Some(app) = self.app_state()
555 ~             && let Some(v) = &app.config().proxy.ws_handler {
556 |                 return v.clone();
557 ~             }
    |

warning: this `if` statement can be collapsed
   --> src/console/mod.rs:559:9
    |
559 | /         if let Some(server) = self.sip_server() {
560 | |             if let Some(v) = &server.proxy_config.ws_handler {
561 | |                 return v.clone();
562 | |             }
563 | |         }
    | |_________^
    |
    = help: for further information visit https://rust-lang.github.io/rust-clippy/rust-1.94.0/index.html#collapsible_if
help: collapse nested if block
    |
559 ~         if let Some(server) = self.sip_server()
560 ~             && let Some(v) = &server.proxy_config.ws_handler {
561 |                 return v.clone();
562 ~             }
    |

warning: this `if` statement can be collapsed
   --> src/console/mod.rs:569:9
    |
569 | /         if let Some(app) = self.app_state() {
570 | |             if let Some(v) = &app.config().proxy.ice_servers_path {
571 | |                 return v.clone();
572 | |             }
573 | |         }
    | |_________^
    |
    = help: for further information visit https://rust-lang.github.io/rust-clippy/rust-1.94.0/index.html#collapsible_if
help: collapse nested if block
    |
569 ~         if let Some(app) = self.app_state()
570 ~             && let Some(v) = &app.config().proxy.ice_servers_path {
571 |                 return v.clone();
572 ~             }
    |

warning: this `if` statement can be collapsed
   --> src/console/mod.rs:574:9
    |
574 | /         if let Some(server) = self.sip_server() {
575 | |             if let Some(v) = &server.proxy_config.ice_servers_path {
576 | |                 return v.clone();
577 | |             }
578 | |         }
    | |_________^
    |
    = help: for further information visit https://rust-lang.github.io/rust-clippy/rust-1.94.0/index.html#collapsible_if
help: collapse nested if block
    |
574 ~         if let Some(server) = self.sip_server()
575 ~             && let Some(v) = &server.proxy_config.ice_servers_path {
576 |                 return v.clone();
577 ~             }
    |

warning: this `if` statement can be collapsed
  --> src/handler/middleware/ami_auth.rs:28:5
   |
28 | /     if !allowed {
29 | |         if let Some(cluster) = state.config().cluster.as_ref() {
30 | |             let client_ip_str = client_ip.ip().to_string();
31 | |             allowed = cluster.peers.iter().any(|p| p.addr == client_ip_str);
32 | |         }
33 | |     }
   | |_____^
   |
   = help: for further information visit https://rust-lang.github.io/rust-clippy/rust-1.94.0/index.html#collapsible_if
help: collapse nested if block
   |
28 ~     if !allowed
29 ~         && let Some(cluster) = state.config().cluster.as_ref() {
30 |             let client_ip_str = client_ip.ip().to_string();
31 |             allowed = cluster.peers.iter().any(|p| p.addr == client_ip_str);
32 ~         }
   |

warning: large size difference between variants
   --> src/ivekit_dialog_shadow.rs:960:1
    |
960 | /   pub enum IveKitDialogShadowRuntime {
961 | |       Disabled,
962 | | /     Ready {
963 | | |         binding: DialogShadowBinding,
964 | | |         executor: Arc<dyn DialogShadowCommitExecutor>,
965 | | |         recovery_codec: Arc<DialogRecoveryCapsuleCodec>,
966 | | |         dialogs: HashMap<String, DialogShadowLifecycle>,
967 | | |     },
    | | |_____- the largest variant contains at least 224 bytes
968 | | /     FailClosed {
969 | | |         error_code: &'static str,
970 | | |     },
    | | |_____- the second-largest variant contains at least 16 bytes
971 | |   }
    | |___^ the entire enum is at least 224 bytes
    |
    = help: for further information visit https://rust-lang.github.io/rust-clippy/rust-1.94.0/index.html#large_enum_variant
help: consider boxing the large fields or introducing indirection in some other way to reduce the total size of the enum
    |
963 -         binding: DialogShadowBinding,
963 +         binding: Box<DialogShadowBinding>,
    |

warning: this function has too many arguments (9/7)
    --> src/ivekit_dialog_shadow.rs:3537:1
     |
3537 | / pub fn recovery_payload_from_dialog_snapshots_with_timing(
3538 | |     call_session_ref: &str,
3539 | |     interaction_id: &str,
3540 | |     media_reservation_id: &str,
...    |
3546 | |     peer: &rsipstack::dialog::dialog::DialogSnapshot,
3547 | | ) -> Result<DialogRecoveryCapsulePayload, DialogShadowError> {
     | |____________________________________________________________^
     |
     = help: for further information visit https://rust-lang.github.io/rust-clippy/rust-1.94.0/index.html#too_many_arguments

warning: this boolean expression can be simplified
  --> src/ivekit_media_control.rs:42:16
   |
42 |             || !valid_identifier(&self.tenant_id, "tenant_id").is_ok()
   |                ^^^^^^^^^^^^^^^^^^^^^^^^^^^^^^^^^^^^^^^^^^^^^^^^^^^^^^^ help: try: `valid_identifier(&self.tenant_id, "tenant_id").is_err()`
   |
   = help: for further information visit https://rust-lang.github.io/rust-clippy/rust-1.94.0/index.html#nonminimal_bool
   = note: `#[warn(clippy::nonminimal_bool)]` on by default

warning: this boolean expression can be simplified
  --> src/ivekit_media_control.rs:43:16
   |
43 |             || !valid_identifier(&self.call_id, "call_id").is_ok()
   |                ^^^^^^^^^^^^^^^^^^^^^^^^^^^^^^^^^^^^^^^^^^^^^^^^^^^ help: try: `valid_identifier(&self.call_id, "call_id").is_err()`
   |
   = help: for further information visit https://rust-lang.github.io/rust-clippy/rust-1.94.0/index.html#nonminimal_bool

warning: this boolean expression can be simplified
  --> src/ivekit_media_control.rs:44:16
   |
44 |             || !valid_identifier(&self.cell_id, "cell_id").is_ok()
   |                ^^^^^^^^^^^^^^^^^^^^^^^^^^^^^^^^^^^^^^^^^^^^^^^^^^^ help: try: `valid_identifier(&self.cell_id, "cell_id").is_err()`
   |
   = help: for further information visit https://rust-lang.github.io/rust-clippy/rust-1.94.0/index.html#nonminimal_bool

warning: this boolean expression can be simplified
  --> src/ivekit_media_control.rs:45:16
   |
45 |             || !valid_identifier(&self.owner_node_id, "owner_node_id").is_ok()
   |                ^^^^^^^^^^^^^^^^^^^^^^^^^^^^^^^^^^^^^^^^^^^^^^^^^^^^^^^^^^^^^^^ help: try: `valid_identifier(&self.owner_node_id, "owner_node_id").is_err()`
   |
   = help: for further information visit https://rust-lang.github.io/rust-clippy/rust-1.94.0/index.html#nonminimal_bool

warning: this boolean expression can be simplified
   --> src/ivekit_media_control.rs:171:16
    |
171 |             || !valid_identifier(&self.event_id, "event_id").is_ok()
    |                ^^^^^^^^^^^^^^^^^^^^^^^^^^^^^^^^^^^^^^^^^^^^^^^^^^^^^ help: try: `valid_identifier(&self.event_id, "event_id").is_err()`
    |
    = help: for further information visit https://rust-lang.github.io/rust-clippy/rust-1.94.0/index.html#nonminimal_bool

warning: this boolean expression can be simplified
   --> src/ivekit_media_control.rs:172:16
    |
172 |             || !valid_identifier(&self.tenant_id, "tenant_id").is_ok()
    |                ^^^^^^^^^^^^^^^^^^^^^^^^^^^^^^^^^^^^^^^^^^^^^^^^^^^^^^^ help: try: `valid_identifier(&self.tenant_id, "tenant_id").is_err()`
    |
    = help: for further information visit https://rust-lang.github.io/rust-clippy/rust-1.94.0/index.html#nonminimal_bool

warning: this boolean expression can be simplified
   --> src/ivekit_media_control.rs:173:16
    |
173 |             || !valid_identifier(&self.call_id, "call_id").is_ok()
    |                ^^^^^^^^^^^^^^^^^^^^^^^^^^^^^^^^^^^^^^^^^^^^^^^^^^^ help: try: `valid_identifier(&self.call_id, "call_id").is_err()`
    |
    = help: for further information visit https://rust-lang.github.io/rust-clippy/rust-1.94.0/index.html#nonminimal_bool

warning: this boolean expression can be simplified
   --> src/ivekit_media_control.rs:174:16
    |
174 |             || !valid_identifier(&self.cell_id, "cell_id").is_ok()
    |                ^^^^^^^^^^^^^^^^^^^^^^^^^^^^^^^^^^^^^^^^^^^^^^^^^^^ help: try: `valid_identifier(&self.cell_id, "cell_id").is_err()`
    |
    = help: for further information visit https://rust-lang.github.io/rust-clippy/rust-1.94.0/index.html#nonminimal_bool

warning: this boolean expression can be simplified
   --> src/ivekit_media_control.rs:175:16
    |
175 |             || !valid_identifier(&self.owner_node_id, "owner_node_id").is_ok()
    |                ^^^^^^^^^^^^^^^^^^^^^^^^^^^^^^^^^^^^^^^^^^^^^^^^^^^^^^^^^^^^^^^ help: try: `valid_identifier(&self.owner_node_id, "owner_node_id").is_err()`
    |
    = help: for further information visit https://rust-lang.github.io/rust-clippy/rust-1.94.0/index.html#nonminimal_bool

warning: this boolean expression can be simplified
   --> src/ivekit_media_control.rs:176:16
    |
176 |             || !valid_identifier(&self.media_reservation_id, "media_reservation_id").is_ok()
    |                ^^^^^^^^^^^^^^^^^^^^^^^^^^^^^^^^^^^^^^^^^^^^^^^^^^^^^^^^^^^^^^^^^^^^^^^^^^^^^ help: try: `valid_identifier(&self.media_reservation_id, "media_reservation_id").is_err()`
    |
    = help: for further information visit https://rust-lang.github.io/rust-clippy/rust-1.94.0/index.html#nonminimal_bool

warning: this boolean expression can be simplified
   --> src/ivekit_media_control.rs:177:16
    |
177 |             || !valid_identifier(&self.command_id, "command_id").is_ok()
    |                ^^^^^^^^^^^^^^^^^^^^^^^^^^^^^^^^^^^^^^^^^^^^^^^^^^^^^^^^^ help: try: `valid_identifier(&self.command_id, "command_id").is_err()`
    |
    = help: for further information visit https://rust-lang.github.io/rust-clippy/rust-1.94.0/index.html#nonminimal_bool

warning: redundant closure
   --> src/ivekit_media_control.rs:539:22
    |
539 |             .map_err(|code| MediaControlClientError::Configuration(code))?;
    |                      ^^^^^^^^^^^^^^^^^^^^^^^^^^^^^^^^^^^^^^^^^^^^^^^^^^^ help: replace the closure with the tuple variant itself: `MediaControlClientError::Configuration`
    |
    = help: for further information visit https://rust-lang.github.io/rust-clippy/rust-1.94.0/index.html#redundant_closure
    = note: `#[warn(clippy::redundant_closure)]` on by default

warning: this `if` statement can be collapsed
    --> src/ivekit_media_lifecycle.rs:1409:9
     |
1409 | /         if self.callee.reconcile_required() {
1410 | |             if self.reconcile_pending().await? == ReconciledMediaOutcome::Closed {
1411 | |                 return Ok(MediaCloseOutcome::Closed);
1412 | |             }
1413 | |         }
     | |_________^
     |
     = help: for further information visit https://rust-lang.github.io/rust-clippy/rust-1.94.0/index.html#collapsible_if
help: collapse nested if block
     |
1409 ~         if self.callee.reconcile_required()
1410 ~             && self.reconcile_pending().await? == ReconciledMediaOutcome::Closed {
1411 |                 return Ok(MediaCloseOutcome::Closed);
1412 ~             }
     |

warning: large size difference between variants
    --> src/ivekit_media_lifecycle.rs:1890:1
     |
1890 | /   pub enum IveKitMediaRuntime {
1891 | |       Disabled,
1892 | | /     Ready {
1893 | | |         lifecycle: IveKitMediaLifecycle,
1894 | | |         failure_policy: MediaControlFailurePolicy,
1895 | | |     },
     | | |_____- the largest variant contains at least 1257 bytes
1896 | | /     FailClosed {
1897 | | |         error_code: &'static str,
1898 | | |     },
     | | |_____- the second-largest variant contains at least 16 bytes
1899 | |   }
     | |___^ the entire enum is at least 1264 bytes
     |
     = help: for further information visit https://rust-lang.github.io/rust-clippy/rust-1.94.0/index.html#large_enum_variant
help: consider boxing the large fields or introducing indirection in some other way to reduce the total size of the enum
     |
1893 -         lifecycle: IveKitMediaLifecycle,
1893 +         lifecycle: Box<IveKitMediaLifecycle>,
     |

warning: this match could be replaced by its scrutinee and body
   --> src/media/audio_source.rs:326:9
    |
326 | /         match ext.to_lowercase().as_str() {
327 | |             _ => match CodecType::try_from(ext) {
328 | |                 Ok(codec) => Ok(codec),
329 | |                 Err(_) => match ext {
...   |
337 | |             },
338 | |         }
    | |_________^
    |
    = help: for further information visit https://rust-lang.github.io/rust-clippy/rust-1.94.0/index.html#match_single_binding
    = note: `#[warn(clippy::match_single_binding)]` on by default
help: consider using the scrutinee and body instead
    |
326 ~         ext.to_lowercase().as_str();
327 +         match CodecType::try_from(ext) {
328 +             Ok(codec) => Ok(codec),
329 +             Err(_) => match ext {
330 +                 "u" | "ulaw" => Ok(CodecType::PCMU),
331 +                 "a" | "alaw" => Ok(CodecType::PCMA),
332 +                 _ => {
333 +                     warn!(extension = %ext, "Unknown file extension, assuming PCMU");
334 +                     Ok(CodecType::PCMU)
335 +                 }
336 +             },
337 +         }
    |

warning: this `if` statement can be collapsed
   --> src/media/bridge.rs:102:13
    |
102 | /             if let Err(error) = recorder.write_sample(
103 | |                 self.leg,
104 | |                 &self.sample,
105 | |                 self.dtmf_payload_type,
...   |
113 | |             }
    | |_____________^
    |
    = help: for further information visit https://rust-lang.github.io/rust-clippy/rust-1.94.0/index.html#collapsible_if
help: collapse nested if block
    |
108 ~             )
109 ~                 && self.state.disable_after_write_failure() {
110 |                     self.state.record_drop("write_failed");
111 |                     warn!(error = %error, "recorder capture disabled after write failure");
112 ~                 }
    |

warning: this `if` statement can be collapsed
    --> src/media/bridge.rs:1930:21
     |
1930 | /                     if let Some(entry) = guard.get(dest) {
1931 | |                         if let Some(ref sender) = entry.audio_sender {
1932 | |                             let _ = sender.try_send(sample.clone());
1933 | |                         }
1934 | |                     }
     | |_____________________^
     |
     = help: for further information visit https://rust-lang.github.io/rust-clippy/rust-1.94.0/index.html#collapsible_if
help: collapse nested if block
     |
1930 ~                     if let Some(entry) = guard.get(dest)
1931 ~                         && let Some(ref sender) = entry.audio_sender {
1932 |                             let _ = sender.try_send(sample.clone());
1933 ~                         }
     |

warning: this `if` statement can be collapsed
    --> src/media/bridge.rs:2334:29
     |
2334 | / ...                   if let Some(ref g) = ctx.gate {
2335 | | ...                       if !g.load(Ordering::Acquire) {
2336 | | ...                           continue;
2337 | | ...                       }
2338 | | ...                   }
     | |_______________________^
     |
     = help: for further information visit https://rust-lang.github.io/rust-clippy/rust-1.94.0/index.html#collapsible_if
help: collapse nested if block
     |
2334 ~                             if let Some(ref g) = ctx.gate
2335 ~                                 && !g.load(Ordering::Acquire) {
2336 |                                     continue;
2337 ~                                 }
     |

warning: this `map_or` can be simplified
    --> src/media/bridge.rs:2372:55
     |
2372 |   ...                   let is_dtmf = ctx.dtmf_sink
     |  _____________________________________^
2373 | | ...                       .read()
2374 | | ...                       .as_ref()
2375 | | ...                       .filter(|s| s.endpoint == ctx.path.source_endpoint())
...    |
2378 | | ...                               .is_some_and(|pt| s.payload_types.contains(&pt))
2379 | | ...                       });
     | |____________________________^
     |
     = help: for further information visit https://rust-lang.github.io/rust-clippy/rust-1.94.0/index.html#unnecessary_map_or
help: use is_some_and instead
     |
2376 -                                             .map_or(false, |s| {
2376 +                                             .is_some_and(|s| {
     |

warning: this `if` statement can be collapsed
    --> src/media/bridge.rs:2394:41
     |
2394 | / ...                   if let Some(ref timing_arc) = ctx.transcoder_timing {
2395 | | ...                       if let Some(ref mut timing) = *timing_arc.lock() {
2396 | | ...                           timing.rewrite(
2397 | | ...                               &mut output,
...    |
2403 | | ...                   }
     | |_______________________^
     |
     = help: for further information visit https://rust-lang.github.io/rust-clippy/rust-1.94.0/index.html#collapsible_if
help: collapse nested if block
     |
2394 ~                                         if let Some(ref timing_arc) = ctx.transcoder_timing
2395 ~                                             && let Some(ref mut timing) = *timing_arc.lock() {
2396 |                                                 timing.rewrite(
 ...
2401 |                                                 );
2402 ~                                             }
     |

warning: large size difference between variants
   --> src/media/engine/command.rs:179:1
    |
179 | /   pub enum MediaCommand {
180 | |       // ── Session lifecycle ────────────────────────────────────────────────
181 | |       CreateSession {
182 | |           session_id: String,
...   |
211 | | /     Play {
212 | | |         session_id: String,
213 | | |         leg_id: Option<String>,
214 | | |         source: PlaySource,
215 | | |         options: PlayOptions,
216 | | |     },
    | | |_____- the second-largest variant contains at least 128 bytes
...   |
223 | | /     StartRecording {
224 | | |         session_id: String,
225 | | |         config: RecordConfig,
226 | | |         /// Leg profiles from negotiated SDP — needed so the recorder can
...   | |
232 | | |         reply: Option<tokio::sync::oneshot::Sender<()>>,
233 | | |     },
    | | |_____- the largest variant contains at least 392 bytes
...   |
335 | |       },
336 | |   }
    | |___^ the entire enum is at least 392 bytes
    |
    = help: for further information visit https://rust-lang.github.io/rust-clippy/rust-1.94.0/index.html#large_enum_variant
help: consider boxing the large fields or introducing indirection in some other way to reduce the total size of the enum
    |
225 -         config: RecordConfig,
225 +         config: Box<RecordConfig>,
    |

warning: this `if` statement can be collapsed
  --> src/media/engine/mcu_switch.rs:62:9
   |
62 | /         if self.mode == MediaMode::Mcu {
63 | |             if let Some(ref mixer) = self.mixer {
64 | |                 return Ok(mixer.clone());
65 | |             }
66 | |         }
   | |_________^
   |
   = help: for further information visit https://rust-lang.github.io/rust-clippy/rust-1.94.0/index.html#collapsible_if
help: collapse nested if block
   |
62 ~         if self.mode == MediaMode::Mcu
63 ~             && let Some(ref mixer) = self.mixer {
64 |                 return Ok(mixer.clone());
65 ~             }
   |

warning: large size difference between variants
  --> src/media/engine/mod.rs:54:1
   |
54 | /   enum RecordingLifecycleTask {
55 | | /     Start {
56 | | |         session_id: String,
57 | | |         config: RecordConfig,
58 | | |         caller_profile: Option<crate::media::negotiate::NegotiatedLegProfile>,
...  | |
65 | | |         event_tx: broadcast::Sender<MediaEvent>,
66 | | |     },
   | | |_____- the largest variant contains at least 432 bytes
67 | | /     Finalize {
68 | | |         session_id: String,
69 | | |         recorder: Arc<RwLock<Option<crate::media::recorder::Recorder>>>,
70 | | |         capture: Option<RecorderCapture>,
...  | |
74 | | |         event_tx: broadcast::Sender<MediaEvent>,
75 | | |     },
   | | |_____- the second-largest variant contains at least 96 bytes
76 | |   }
   | |___^ the entire enum is at least 432 bytes
   |
   = help: for further information visit https://rust-lang.github.io/rust-clippy/rust-1.94.0/index.html#large_enum_variant
help: consider boxing the large fields or introducing indirection in some other way to reduce the total size of the enum
   |
57 -         config: RecordConfig,
57 +         config: Box<RecordConfig>,
   |

warning: this `if` statement can be collapsed
   --> src/media/engine/mod.rs:805:17
    |
805 | /                 if !submitted {
806 | |                     if let Some(sess) = self.sessions.write().get_mut(&session_id) {
807 | |                         sess.recording_started_at = None;
808 | |                     }
809 | |                 }
    | |_________________^
    |
    = help: for further information visit https://rust-lang.github.io/rust-clippy/rust-1.94.0/index.html#collapsible_if
help: collapse nested if block
    |
805 ~                 if !submitted
806 ~                     && let Some(sess) = self.sessions.write().get_mut(&session_id) {
807 |                         sess.recording_started_at = None;
808 ~                     }
    |

warning: unnecessary closure used to substitute value for `Option::None`
    --> src/media/engine/mod.rs:1012:30
     |
1012 |                       let ce = sess
     |  ______________________________^
1013 | |                         .callee_codec_info
1014 | |                         .first()
1015 | |                         .cloned()
1016 | |                         .unwrap_or_else(|| fallback);
     | |____________________________________________________^
     |
     = help: for further information visit https://rust-lang.github.io/rust-clippy/rust-1.94.0/index.html#unnecessary_lazy_evaluations
     = note: `#[warn(clippy::unnecessary_lazy_evaluations)]` on by default
help: use `unwrap_or` instead
     |
1016 -                         .unwrap_or_else(|| fallback);
1016 +                         .unwrap_or(fallback);
     |

warning: this `if` statement can be collapsed
   --> src/media/forwarding_track.rs:235:9
    |
235 | /         if let (Some(tx), Some(shared)) = (&self.recorder_tx, &shared) {
236 | |             if let Err(e) = tx.try_send((self.recorder_leg, Arc::clone(shared))) {
237 | |                 if matches!(&e, tokio::sync::mpsc::error::TrySendError::Full(_))
238 | |                     && let Some(counter) = &self.recorder_drop_counter
...   |
245 | |         }
    | |_________^
    |
    = help: for further information visit https://rust-lang.github.io/rust-clippy/rust-1.94.0/index.html#collapsible_if
help: collapse nested if block
    |
235 ~         if let (Some(tx), Some(shared)) = (&self.recorder_tx, &shared)
236 ~             && let Err(e) = tx.try_send((self.recorder_leg, Arc::clone(shared))) {
237 |                 if matches!(&e, tokio::sync::mpsc::error::TrySendError::Full(_))
...
243 |                 trace!(track_id = %self.track_id, "ForwardingTrack recorder channel unavailable: {e}");
244 ~             }
    |

warning: this `if` statement can be collapsed
   --> src/media/forwarding_track.rs:246:9
    |
246 | /         if let (Some(tx), Some(shared)) = (&self.sipflow_tx, &shared) {
247 | |             if let Err(e) = tx.try_send((self.recorder_leg, Arc::clone(shared), received_at_micros))
248 | |             {
249 | |                 trace!(track_id = %self.track_id, "ForwardingTrack sipflow channel full: {e}");
250 | |             }
251 | |         }
    | |_________^
    |
    = help: for further information visit https://rust-lang.github.io/rust-clippy/rust-1.94.0/index.html#collapsible_if
help: collapse nested if block
    |
246 ~         if let (Some(tx), Some(shared)) = (&self.sipflow_tx, &shared)
247 ~             && let Err(e) = tx.try_send((self.recorder_leg, Arc::clone(shared), received_at_micros))
248 |             {
249 |                 trace!(track_id = %self.track_id, "ForwardingTrack sipflow channel full: {e}");
250 ~             }
    |

warning: this `if` statement can be collapsed
   --> src/media/negotiate.rs:518:9
    |
518 | /         if let Some(audio_section) = desc
519 | |             .media_sections
520 | |             .iter_mut()
521 | |             .find(|section| section.kind == MediaKind::Audio)
...   |
530 | |         }
    | |_________^
    |
    = help: for further information visit https://rust-lang.github.io/rust-clippy/rust-1.94.0/index.html#collapsible_if
help: collapse nested if block
    |
521 ~             .find(|section| section.kind == MediaKind::Audio)
522 ~             && let Some(reference_audio) = reference_desc
523 |                 .media_sections
...
527 |                 audio_section.direction = reference_audio.direction;
528 ~             }
    |

warning: casting to the same type is unnecessary (`i16` -> `i16`)
  --> src/media/transcoding_pipeline.rs:15:19
   |
15 |         let val = (i as i16) - 128;
   |                   ^^^^^^^^^^ help: try: `i`
   |
   = help: for further information visit https://rust-lang.github.io/rust-clippy/rust-1.94.0/index.html#unnecessary_cast

warning: unneeded late initialization
  --> src/media/transcoding_pipeline.rs:19:9
   |
19 |         let step: i16;
   |         ^^^^^^^^^^^^^^ created here
...
36 |         step = ((chord as i16) << 4) | (mag - 15) as i16;
   |         ^^^^^^^^^^^^^^^^^^^^^^^^^^^^^^^^^^^^^^^^^^^^^^^^ initialised here
   |
   = help: for further information visit https://rust-lang.github.io/rust-clippy/rust-1.94.0/index.html#needless_late_init
   = note: `#[warn(clippy::needless_late_init)]` on by default
help: move the declaration `step` here
   |
19 ~         
20 |         if magnitude > 32766 {
...
35 |         }
36 ~         let step: i16 = ((chord as i16) << 4) | (mag - 15) as i16;
   |

warning: casting to the same type is unnecessary (`i16` -> `i16`)
  --> src/media/transcoding_pipeline.rs:27:23
   |
27 |         let mut mag = magnitude as i16;
   |                       ^^^^^^^^^^^^^^^^ help: try: `magnitude`
   |
   = help: for further information visit https://rust-lang.github.io/rust-clippy/rust-1.94.0/index.html#unnecessary_cast

warning: casting to the same type is unnecessary (`i16` -> `i16`)
  --> src/media/transcoding_pipeline.rs:36:40
   |
36 |         step = ((chord as i16) << 4) | (mag - 15) as i16;
   |                                        ^^^^^^^^^^^^^^^^^ help: try: `(mag - 15)`
   |
   = help: for further information visit https://rust-lang.github.io/rust-clippy/rust-1.94.0/index.html#unnecessary_cast

warning: casting to the same type is unnecessary (`i16` -> `i16`)
  --> src/media/transcoding_pipeline.rs:53:36
   |
53 |         table[i as usize] = sign * magnitude as i16;
   |                                    ^^^^^^^^^^^^^^^^ help: try: `magnitude`
   |
   = help: for further information visit https://rust-lang.github.io/rust-clippy/rust-1.94.0/index.html#unnecessary_cast

warning: this `let...else` may be rewritten with the `?` operator
   --> src/proxy/acl.rs:265:9
    |
265 | /         let Some(server) = self.inner.server.as_ref() else {
266 | |             return None;
267 | |         };
    | |__________^ help: replace it with: `let server = self.inner.server.as_ref()?;`
    |
    = help: for further information visit https://rust-lang.github.io/rust-clippy/rust-1.94.0/index.html#question_mark

warning: this `if` statement can be collapsed
   --> src/proxy/acl.rs:444:9
    |
444 | /         if self.inner.config.dos_enabled {
445 | |             if let Some(ip) = Self::extract_ip(tx) {
446 | |                 if let Err(e) = self.dos_check_and_track(ip).await {
447 | |                     warn!("DoS blocked {}: {}", ip, e);
...   |
451 | |         }
    | |_________^
    |
    = help: for further information visit https://rust-lang.github.io/rust-clippy/rust-1.94.0/index.html#collapsible_if
help: collapse nested if block
    |
444 ~         if self.inner.config.dos_enabled
445 ~             && let Some(ip) = Self::extract_ip(tx) {
446 |                 if let Err(e) = self.dos_check_and_track(ip).await {
...
449 |                 }
450 ~             }
    |

warning: this `if` statement can be collapsed
   --> src/proxy/acl.rs:445:13
    |
445 | /             if let Some(ip) = Self::extract_ip(tx) {
446 | |                 if let Err(e) = self.dos_check_and_track(ip).await {
447 | |                     warn!("DoS blocked {}: {}", ip, e);
448 | |                     return Ok(ProxyAction::Abort);
449 | |                 }
450 | |             }
    | |_____________^
    |
    = help: for further information visit https://rust-lang.github.io/rust-clippy/rust-1.94.0/index.html#collapsible_if
help: collapse nested if block
    |
445 ~             if let Some(ip) = Self::extract_ip(tx)
446 ~                 && let Err(e) = self.dos_check_and_track(ip).await {
447 |                     warn!("DoS blocked {}: {}", ip, e);
448 |                     return Ok(ProxyAction::Abort);
449 ~                 }
    |

warning: this `if` statement can be collapsed
   --> src/proxy/acl.rs:480:9
    |
480 | /         if self.inner.config.dos_enabled {
481 | |             if let Some(ip) = Self::extract_ip(tx) {
482 | |                 self.dos_release(ip).await;
483 | |             }
484 | |         }
    | |_________^
    |
    = help: for further information visit https://rust-lang.github.io/rust-clippy/rust-1.94.0/index.html#collapsible_if
help: collapse nested if block
    |
480 ~         if self.inner.config.dos_enabled
481 ~             && let Some(ip) = Self::extract_ip(tx) {
482 |                 self.dos_release(ip).await;
483 ~             }
    |

warning: this `if` statement can be collapsed
   --> src/proxy/active_call_registry.rs:744:13
    |
744 | /             if let Some(entry) = self.get(session_id) {
745 | |                 if entry.status == target {
746 | |                     return true;
747 | |                 }
748 | |             }
    | |_____________^
    |
    = help: for further information visit https://rust-lang.github.io/rust-clippy/rust-1.94.0/index.html#collapsible_if
help: collapse nested if block
    |
744 ~             if let Some(entry) = self.get(session_id)
745 ~                 && entry.status == target {
746 |                     return true;
747 ~                 }
    |

warning: this `if` statement can be collapsed
   --> src/proxy/auth.rs:178:9
    |
178 | /         if let Ok(to_header) = tx.original.to_header() {
179 | |             if let Ok(typed_to) = to_header.typed() {
180 | |                 // In-dialog requests have a tag parameter in the To header
181 | |                 return typed_to
...   |
186 | |         }
    | |_________^
    |
    = help: for further information visit https://rust-lang.github.io/rust-clippy/rust-1.94.0/index.html#collapsible_if
help: collapse nested if block
    |
178 ~         if let Ok(to_header) = tx.original.to_header()
179 ~             && let Ok(typed_to) = to_header.typed() {
180 |                 // In-dialog requests have a tag parameter in the To header
...
184 |                     .any(|p| matches!(p, rsipstack::sip::Param::Tag(_)));
185 ~             }
    |

warning: using `contains()` instead of `iter().any()` is more efficient
   --> src/proxy/auth.rs:247:9
    |
247 | /         self.server
248 | |             .cluster_peer_ips
249 | |             .iter()
250 | |             .any(|peer_ip| *peer_ip == source_ip)
    | |_________________________________________________^
    |
    = help: for further information visit https://rust-lang.github.io/rust-clippy/rust-1.94.0/index.html#manual_contains
    = note: `#[warn(clippy::manual_contains)]` on by default
help: try
    |
247 ~         self.server
248 +             .cluster_peer_ips.contains(&source_ip)
    |

warning: this `if` statement can be collapsed
   --> src/proxy/auth.rs:302:9
    |
302 | /         if let Some(ref cache) = self.dialog_auth_cache {
303 | |             if self.is_in_dialog_request(tx) {
304 | |                 if let (Some(cache_key), Some(source_addr)) =
305 | |                     (self.extract_auth_cache_key(tx), self.get_source_addr(tx))
...   |
328 | |         }
    | |_________^
    |
    = help: for further information visit https://rust-lang.github.io/rust-clippy/rust-1.94.0/index.html#collapsible_if
help: collapse nested if block
    |
302 ~         if let Some(ref cache) = self.dialog_auth_cache
303 ~             && self.is_in_dialog_request(tx) {
304 |                 if let (Some(cache_key), Some(source_addr)) =
...
326 |                 }
327 ~             }
    |

warning: this `if` statement can be collapsed
   --> src/proxy/auth.rs:303:13
    |
303 | /             if self.is_in_dialog_request(tx) {
304 | |                 if let (Some(cache_key), Some(source_addr)) =
305 | |                     (self.extract_auth_cache_key(tx), self.get_source_addr(tx))
...   |
327 | |             }
    | |_____________^
    |
    = help: for further information visit https://rust-lang.github.io/rust-clippy/rust-1.94.0/index.html#collapsible_if
help: collapse nested if block
    |
303 ~             if self.is_in_dialog_request(tx)
304 ~                 && let (Some(cache_key), Some(source_addr)) =
305 |                     (self.extract_auth_cache_key(tx), self.get_source_addr(tx))
...
325 |                     }
326 ~                 }
    |

warning: this `if` statement can be collapsed
   --> src/proxy/auth.rs:344:21
    |
344 | /                     if let (Some(ref cache), Some(source_addr)) =
345 | |                         (self.dialog_auth_cache.as_ref(), self.get_source_addr(tx))
346 | |                     {
347 | |                         if let Some(cache_key) = self.extract_auth_cache_key(tx) {
...   |
350 | |                     }
    | |_____________________^
    |
    = help: for further information visit https://rust-lang.github.io/rust-clippy/rust-1.94.0/index.html#collapsible_if
help: collapse nested if block
    |
345 ~                         (self.dialog_auth_cache.as_ref(), self.get_source_addr(tx))
346 ~                         && let Some(cache_key) = self.extract_auth_cache_key(tx) {
347 |                             cache.put(cache_key, source_addr);
348 ~                         }
    |

warning: this `if` statement can be collapsed
   --> src/proxy/auth.rs:390:9
    |
390 | /         if let Some(ref registry) = self.server.pre_auth_registry {
391 | |             if let Some(source_addr) = self.get_source_addr(tx) {
392 | |                 if let Some(agent_id) = registry.lookup(&source_addr).await
393 | |                     && agent_id == tx_user.username
...   |
449 | |         }
    | |_________^
    |
    = help: for further information visit https://rust-lang.github.io/rust-clippy/rust-1.94.0/index.html#collapsible_if
help: collapse nested if block
    |
390 ~         if let Some(ref registry) = self.server.pre_auth_registry
391 ~             && let Some(source_addr) = self.get_source_addr(tx) {
392 |                 if let Some(agent_id) = registry.lookup(&source_addr).await
...
447 |                 }
448 ~             }
    |

warning: this `if` statement can be collapsed
   --> src/proxy/auth.rs:391:13
    |
391 | /             if let Some(source_addr) = self.get_source_addr(tx) {
392 | |                 if let Some(agent_id) = registry.lookup(&source_addr).await
393 | |                     && agent_id == tx_user.username
...   |
448 | |             }
    | |_____________^
    |
    = help: for further information visit https://rust-lang.github.io/rust-clippy/rust-1.94.0/index.html#collapsible_if
help: collapse nested if block
    |
391 ~             if let Some(source_addr) = self.get_source_addr(tx)
392 ~                 && let Some(agent_id) = registry.lookup(&source_addr).await
393 |                     && agent_id == tx_user.username
...
446 |                     }
447 ~                 }
    |

warning: this `if` statement can be collapsed
   --> src/proxy/auth.rs:430:25
    |
430 | /                         if tx.original.method != rsipstack::sip::Method::Register {
431 | |                             if let Some(ref cache) = self.dialog_auth_cache {
432 | |                                 if let Some(cache_key) = self.extract_auth_cache_key(tx) {
433 | |                                     cache.put(cache_key, source_addr);
...   |
436 | |                         }
    | |_________________________^
    |
    = help: for further information visit https://rust-lang.github.io/rust-clippy/rust-1.94.0/index.html#collapsible_if
help: collapse nested if block
    |
430 ~                         if tx.original.method != rsipstack::sip::Method::Register
431 ~                             && let Some(ref cache) = self.dialog_auth_cache {
432 |                                 if let Some(cache_key) = self.extract_auth_cache_key(tx) {
433 |                                     cache.put(cache_key, source_addr);
434 |                                 }
435 ~                             }
    |

warning: this `if` statement can be collapsed
   --> src/proxy/auth.rs:431:29
    |
431 | / ...                   if let Some(ref cache) = self.dialog_auth_cache {
432 | | ...                       if let Some(cache_key) = self.extract_auth_cache_key(tx) {
433 | | ...                           cache.put(cache_key, source_addr);
434 | | ...                       }
435 | | ...                   }
    | |_______________________^
    |
    = help: for further information visit https://rust-lang.github.io/rust-clippy/rust-1.94.0/index.html#collapsible_if
help: collapse nested if block
    |
431 ~                             if let Some(ref cache) = self.dialog_auth_cache
432 ~                                 && let Some(cache_key) = self.extract_auth_cache_key(tx) {
433 |                                     cache.put(cache_key, source_addr);
434 ~                                 }
    |

warning: this `if` statement can be collapsed
   --> src/proxy/auth.rs:457:21
    |
457 | /                     if let (Some(ref cache), Some(source_addr)) =
458 | |                         (self.dialog_auth_cache.as_ref(), self.get_source_addr(tx))
459 | |                     {
460 | |                         if let Some(cache_key) = self.extract_auth_cache_key(tx) {
...   |
463 | |                     }
    | |_____________________^
    |
    = help: for further information visit https://rust-lang.github.io/rust-clippy/rust-1.94.0/index.html#collapsible_if
help: collapse nested if block
    |
458 ~                         (self.dialog_auth_cache.as_ref(), self.get_source_addr(tx))
459 ~                         && let Some(cache_key) = self.extract_auth_cache_key(tx) {
460 |                             cache.put(cache_key, source_addr);
461 ~                         }
    |

warning: this pattern creates a reference to a reference
   --> src/proxy/auth.rs:344:34
    |
344 |                     if let (Some(ref cache), Some(source_addr)) =
    |                                  ^^^^^^^^^ help: try: `cache`
    |
    = help: for further information visit https://rust-lang.github.io/rust-clippy/rust-1.94.0/index.html#needless_borrow

warning: this pattern creates a reference to a reference
   --> src/proxy/auth.rs:457:34
    |
457 |                     if let (Some(ref cache), Some(source_addr)) =
    |                                  ^^^^^^^^^ help: try: `cache`
    |
    = help: for further information visit https://rust-lang.github.io/rust-clippy/rust-1.94.0/index.html#needless_borrow

warning: this `if` has identical blocks
   --> src/proxy/call.rs:495:64
    |
495 |           } else if caller_is_same_realm && callee_is_same_realm {
    |  ________________________________________________________________^
496 | |             DialDirection::Outbound
497 | |         } else if caller_is_same_realm && !callee_is_same_realm {
    | |_________^
    |
note: same as this
   --> src/proxy/call.rs:497:65
    |
497 |           } else if caller_is_same_realm && !callee_is_same_realm {
    |  _________________________________________________________________^
498 | |             DialDirection::Outbound
499 | |         } else if !caller_is_same_realm && callee_is_same_realm {
    | |_________^
    = help: for further information visit https://rust-lang.github.io/rust-clippy/rust-1.94.0/index.html#if_same_then_else
    = note: `#[warn(clippy::if_same_then_else)]` on by default

warning: this `if` statement can be collapsed
    --> src/proxy/call.rs:1263:9
     |
1263 | /         if let Some(ref conn) = tx.connection {
1264 | |             if let Some(transport_token) = conn.cancel_token() {
1265 | |                 let watch = session_token.clone();
1266 | |                 let remote = conn.get_remote_addr().map(|a| a.to_string());
...    |
1281 | |         }
     | |_________^
     |
     = help: for further information visit https://rust-lang.github.io/rust-clippy/rust-1.94.0/index.html#collapsible_if
help: collapse nested if block
     |
1263 ~         if let Some(ref conn) = tx.connection
1264 ~             && let Some(transport_token) = conn.cancel_token() {
1265 |                 let watch = session_token.clone();
 ...
1279 |                 });
1280 ~             }
     |

warning: this `if` statement can be collapsed
    --> src/proxy/call.rs:1386:21
     |
1386 | /                     if self.inner.server.is_same_realm(&realm).await {
1387 | |                         if let Ok(locs) = self.inner.server.locator.lookup(&target.aor).await {
1388 | |                             if let Some(loc) = locs.first() {
1389 | |                                 if let Some(dest) = loc.destination.clone() {
...    |
1399 | |                     }
     | |_____________________^
     |
     = help: for further information visit https://rust-lang.github.io/rust-clippy/rust-1.94.0/index.html#collapsible_if
help: collapse nested if block
     |
1386 ~                     if self.inner.server.is_same_realm(&realm).await
1387 ~                         && let Ok(locs) = self.inner.server.locator.lookup(&target.aor).await {
1388 |                             if let Some(loc) = locs.first() {
 ...
1397 |                             }
1398 ~                         }
     |

warning: this `if` statement can be collapsed
    --> src/proxy/call.rs:1387:25
     |
1387 | /                         if let Ok(locs) = self.inner.server.locator.lookup(&target.aor).await {
1388 | |                             if let Some(loc) = locs.first() {
1389 | |                                 if let Some(dest) = loc.destination.clone() {
1390 | |                                     debug!(
...    |
1398 | |                         }
     | |_________________________^
     |
     = help: for further information visit https://rust-lang.github.io/rust-clippy/rust-1.94.0/index.html#collapsible_if
help: collapse nested if block
     |
1387 ~                         if let Ok(locs) = self.inner.server.locator.lookup(&target.aor).await
1388 ~                             && let Some(loc) = locs.first() {
1389 |                                 if let Some(dest) = loc.destination.clone() {
 ...
1396 |                                 }
1397 ~                             }
     |

warning: this `if` statement can be collapsed
    --> src/proxy/call.rs:1388:29
     |
1388 | / ...                   if let Some(loc) = locs.first() {
1389 | | ...                       if let Some(dest) = loc.destination.clone() {
1390 | | ...                           debug!(
1391 | | ...                               aor = %target.aor,
...    |
1397 | | ...                   }
     | |_______________________^
     |
     = help: for further information visit https://rust-lang.github.io/rust-clippy/rust-1.94.0/index.html#collapsible_if
help: collapse nested if block
     |
1388 ~                             if let Some(loc) = locs.first()
1389 ~                                 && let Some(dest) = loc.destination.clone() {
1390 |                                     debug!(
 ...
1395 |                                     target.destination = Some(dest);
1396 ~                                 }
     |

warning: using `clone` on type `Method` which implements the `Copy` trait
  --> src/proxy/capability_headers.rs:57:35
   |
57 |             rendered_methods.push(method.clone());
   |                                   ^^^^^^^^^^^^^^ help: try dereferencing it: `*method`
   |
   = help: for further information visit https://rust-lang.github.io/rust-clippy/rust-1.94.0/index.html#clone_on_copy
   = note: `#[warn(clippy::clone_on_copy)]` on by default

warning: this `if` statement can be collapsed
   --> src/proxy/cluster_event.rs:325:9
    |
325 | /         if let LocatorEvent::Offline(locs) = &event {
326 | |             if !locs.is_empty() {
327 | |                 for loc in locs.iter() {
328 | |                     let single = LocatorEvent::Unregistered(loc.clone());
...   |
334 | |         }
    | |_________^
    |
    = help: for further information visit https://rust-lang.github.io/rust-clippy/rust-1.94.0/index.html#collapsible_if
help: collapse nested if block
    |
325 ~         if let LocatorEvent::Offline(locs) = &event
326 ~             && !locs.is_empty() {
327 |                 for loc in locs.iter() {
...
332 |                 return;
333 ~             }
    |

warning: field assignment outside of initializer for an instance created with Default::default()
   --> src/proxy/data.rs:936:9
    |
936 |         r.enabled = Some(enabled);
    |         ^^^^^^^^^^^^^^^^^^^^^^^^^^
    |
note: consider initializing the variable with `config::RecordingPolicy { enabled: Some(enabled), ..Default::default() }` and removing relevant reassignments
   --> src/proxy/data.rs:935:9
    |
935 |         let mut r = crate::config::RecordingPolicy::default();
    |         ^^^^^^^^^^^^^^^^^^^^^^^^^^^^^^^^^^^^^^^^^^^^^^^^^^^^^^
    = help: for further information visit https://rust-lang.github.io/rust-clippy/rust-1.94.0/index.html#field_reassign_with_default
    = note: `#[warn(clippy::field_reassign_with_default)]` on by default

warning: this `if` statement can be collapsed
    --> src/proxy/data.rs:1056:5
     |
1056 | /     if let Some(ref meta) = model.metadata {
1057 | |         if meta.get("sbc").is_some() {
1058 | |             let sbc = sbc_config_from_metadata(meta);
1059 | |             if sbc.call_id_mode.is_some() {
...    |
1102 | |     }
     | |_____^
     |
     = help: for further information visit https://rust-lang.github.io/rust-clippy/rust-1.94.0/index.html#collapsible_if
help: collapse nested if block
     |
1056 ~     if let Some(ref meta) = model.metadata
1057 ~         && meta.get("sbc").is_some() {
1058 |             let sbc = sbc_config_from_metadata(meta);
 ...
1100 |             }
1101 ~         }
     |

warning: this `if` statement can be collapsed
   --> src/proxy/locator.rs:312:13
    |
312 | /             if let Some(loc) = locs.iter().find(|loc| {
313 | |                 if !self.cluster_enabled {
314 | |                     return false;
...   |
343 | |             }
    | |_____________^
    |
    = help: for further information visit https://rust-lang.github.io/rust-clippy/rust-1.94.0/index.html#collapsible_if
help: collapse nested if block
    |
334 ~             })
335 ~                 && let Some(home_proxy) = &loc.home_proxy {
336 |                     if self.is_local_home_proxy(home_proxy)
...
341 |                     return Ok(home_proxy.clone());
342 ~                 }
    |

warning: this `if` statement can be collapsed
   --> src/proxy/locator_db.rs:537:9
    |
537 | /         if models.is_empty() {
538 | |             if let Some(fb) = invalid_host_fallback(uri) {
...   |
576 | |         }
    | |_________^
    |
    = help: for further information visit https://rust-lang.github.io/rust-clippy/rust-1.94.0/index.html#collapsible_if
help: collapse nested if block
    |
537 ~         if models.is_empty()
538 ~             && let Some(fb) = invalid_host_fallback(uri) {
539 |                 // 1. AoR-pattern match — handles WebRTC (JsSIP) clients where
...
574 |                 }
575 ~             }
    |

warning: this `if` statement can be collapsed
   --> src/proxy/presence.rs:227:9
    |
227 | /         if source.is_local() {
228 | |             if let Some(db) = &self.database {
229 | |                 let active: presence::ActiveModel = presence::ActiveModel {
230 | |                     identity: Set(identity.to_string()),
...   |
254 | |         } // end source.is_local()
    | |_________^
    |
    = help: for further information visit https://rust-lang.github.io/rust-clippy/rust-1.94.0/index.html#collapsible_if
help: collapse nested if block
    |
227 ~         if source.is_local()
228 ~             && let Some(db) = &self.database {
229 |                 let active: presence::ActiveModel = presence::ActiveModel {
...
252 |                 }
253 ~             } // end source.is_local()
    |

warning: this `if` statement can be collapsed
   --> src/proxy/presence.rs:370:29
    |
370 | / ...                   if let rsipstack::sip::Header::Other(name, val) = h {
371 | | ...                       if name.eq_ignore_ascii_case("X-CC-Presence") {
372 | | ...                           return Some(val.as_str());
373 | | ...                       }
374 | | ...                   }
    | |_______________________^
    |
    = help: for further information visit https://rust-lang.github.io/rust-clippy/rust-1.94.0/index.html#collapsible_if
help: collapse nested if block
    |
370 ~                             if let rsipstack::sip::Header::Other(name, val) = h
371 ~                                 && name.eq_ignore_ascii_case("X-CC-Presence") {
372 |                                     return Some(val.as_str());
373 ~                                 }
    |

warning: field assignment outside of initializer for an instance created with Default::default()
   --> src/proxy/proxy_call/reporter.rs:318:13
    |
318 |             tmp.call_id = self.context.session_id.clone();
    |             ^^^^^^^^^^^^^^^^^^^^^^^^^^^^^^^^^^^^^^^^^^^^^^
    |
note: consider initializing the variable with `callrecord::CallRecord { call_id: self.context.session_id.clone(), start_time: start_time, ..Default::default() }` and removing relevant reassignments
   --> src/proxy/proxy_call/reporter.rs:317:13
    |
317 |             let mut tmp = CallRecord::default();
    |             ^^^^^^^^^^^^^^^^^^^^^^^^^^^^^^^^^^^^
    = help: for further information visit https://rust-lang.github.io/rust-clippy/rust-1.94.0/index.html#field_reassign_with_default

warning: this OR pattern can be rewritten using a range
  --> src/proxy/proxy_call/sip_session.rs:89:9
   |
89 |         481 | 482 | 483 => CallRecordHangupReason::Failed,   // Call/Loop Not Exist
   |         ^^^^^^^^^^^^^^^ help: try: `481..=483`
   |
   = help: for further information visit https://rust-lang.github.io/rust-clippy/rust-1.94.0/index.html#manual_range_patterns
   = note: `#[warn(clippy::manual_range_patterns)]` on by default

warning: this expression creates a reference which is immediately dereferenced by the compiler
  --> src/proxy/proxy_call/sip_session/conference.rs:98:25
   |
98 |                         &conf_id_str,
   |                         ^^^^^^^^^^^^ help: change this to: `conf_id_str`
   |
   = help: for further information visit https://rust-lang.github.io/rust-clippy/rust-1.94.0/index.html#needless_borrow

warning: this expression creates a reference which is immediately dereferenced by the compiler
   --> src/proxy/proxy_call/sip_session/conference.rs:110:52
    |
110 |                     .start_conference_media_bridge(&conf_id_str, &leg_id)
    |                                                    ^^^^^^^^^^^^ help: change this to: `conf_id_str`
    |
    = help: for further information visit https://rust-lang.github.io/rust-clippy/rust-1.94.0/index.html#needless_borrow

warning: this `if` statement can be collapsed
   --> src/proxy/proxy_call/sip_session/conference.rs:216:17
    |
216 | /                 if guard.id() == track_id {
217 | |                     if let Some(found_pc) = guard.get_peer_connection().await {
218 | |                         pc = Some(found_pc);
219 | |                         break;
220 | |                     }
221 | |                 }
    | |_________________^
    |
    = help: for further information visit https://rust-lang.github.io/rust-clippy/rust-1.94.0/index.html#collapsible_if
help: collapse nested if block
    |
216 ~                 if guard.id() == track_id
217 ~                     && let Some(found_pc) = guard.get_peer_connection().await {
218 |                         pc = Some(found_pc);
219 |                         break;
220 ~                     }
    |

warning: this `if` statement can be collapsed
   --> src/proxy/proxy_call/sip_session.rs:367:21
    |
367 | /                     if let Some(hdrs) = params.as_ref()?.get("headers") {
368 | |                         if let Some(h) = hdrs.as_object() {
369 | |                             for (k, v) in h {
370 | |                                 if let Some(vs) = v.as_str() {
...   |
375 | |                     }
    | |_____________________^
    |
    = help: for further information visit https://rust-lang.github.io/rust-clippy/rust-1.94.0/index.html#collapsible_if
help: collapse nested if block
    |
367 ~                     if let Some(hdrs) = params.as_ref()?.get("headers")
368 ~                         && let Some(h) = hdrs.as_object() {
369 |                             for (k, v) in h {
...
373 |                             }
374 ~                         }
    |

warning: field assignment outside of initializer for an instance created with Default::default()
   --> src/proxy/proxy_call/sip_session.rs:553:17
    |
553 |                 config.name = plan.queue_name.clone();
    |                 ^^^^^^^^^^^^^^^^^^^^^^^^^^^^^^^^^^^^^^
    |
note: consider initializing the variable with `call::app::queue::QueueConfig { name: plan.queue_name.clone(), accept_immediately: plan.accept_immediately, hold: plan.hold.clone(), fallback: plan.fallback.clone(), voice_prompts: plan.voice_prompts.clone(), ring_timeout: plan.ring_timeout, ..Default::default() }` and removing relevant reassignments
   --> src/proxy/proxy_call/sip_session.rs:552:17
    |
552 |                 let mut config = crate::call::app::queue::QueueConfig::default();
    |                 ^^^^^^^^^^^^^^^^^^^^^^^^^^^^^^^^^^^^^^^^^^^^^^^^^^^^^^^^^^^^^^^^^
    = help: for further information visit https://rust-lang.github.io/rust-clippy/rust-1.94.0/index.html#field_reassign_with_default

warning: this `if` has identical blocks
   --> src/proxy/proxy_call/sip_session.rs:560:48
    |
560 |                       if !config.name.is_empty() {
    |  ________________________________________________^
561 | |                         config.name = label.clone();
562 | |                     } else {
    | |_____________________^
    |
note: same as this
   --> src/proxy/proxy_call/sip_session.rs:562:28
    |
562 |                       } else {
    |  ____________________________^
563 | |                         config.name = label.clone();
564 | |                     }
    | |_____________________^
    = help: for further information visit https://rust-lang.github.io/rust-clippy/rust-1.94.0/index.html#if_same_then_else

warning: needless call to `as_bytes`
   --> src/proxy/proxy_call/sip_session.rs:882:16
    |
882 |             || socket_path.as_bytes().len() > 100
    |                ^^^^^^^^^^^^^^^^^^^^^^^^^^^^ help: `len()` can be called directly on strings: `socket_path.len()`
    |
    = help: for further information visit https://rust-lang.github.io/rust-clippy/rust-1.94.0/index.html#needless_as_bytes
    = note: `#[warn(clippy::needless_as_bytes)]` on by default

warning: this `if` statement can be collapsed
    --> src/proxy/proxy_call/sip_session.rs:1354:21
     |
1354 | /                     if !server_dialog_clone.state().is_terminated() {
1355 | |                         if let Err(e) = tx.reply(rsipstack::sip::StatusCode::RequestTerminated).await {
1356 | |                             warn!(session_id = %session_id, error = %e, "Failed to reply 487 on setup timeout");
1357 | |                         }
1358 | |                     }
     | |_____________________^
     |
     = help: for further information visit https://rust-lang.github.io/rust-clippy/rust-1.94.0/index.html#collapsible_if
help: collapse nested if block
     |
1354 ~                     if !server_dialog_clone.state().is_terminated()
1355 ~                         && let Err(e) = tx.reply(rsipstack::sip::StatusCode::RequestTerminated).await {
1356 |                             warn!(session_id = %session_id, error = %e, "Failed to reply 487 on setup timeout");
1357 ~                         }
     |

warning: returning the result of a `let` binding from a block
    --> src/proxy/proxy_call/sip_session.rs:1445:9
     |
1434 | /         let result = tokio::time::timeout(
1435 | |             MID_DIALOG_TIMEOUT,
1436 | |             self.send_mid_dialog_request_to_side_inner(side, method, headers, body),
...    |
1444 | |         })?;
     | |____________- unnecessary `let` binding
1445 |           result
     |           ^^^^^^
     |
     = help: for further information visit https://rust-lang.github.io/rust-clippy/rust-1.94.0/index.html#let_and_return
     = note: `#[warn(clippy::let_and_return)]` on by default
help: return the expression directly
     |
1434 ~         
1435 ~         tokio::time::timeout(
1436 +             MID_DIALOG_TIMEOUT,
1437 +             self.send_mid_dialog_request_to_side_inner(side, method, headers, body),
1438 +         )
1439 +         .await
1440 +         .map_err(|_| {
1441 +             anyhow!(
1442 +                 "mid-dialog request timed out after {}s",
1443 +                 MID_DIALOG_TIMEOUT.as_secs()
1444 +             )
1445 +         })?
     |

warning: using `clone` on type `Method` which implements the `Copy` trait
    --> src/proxy/proxy_call/sip_session.rs:1549:21
     |
1549 |                     method.clone(),
     |                     ^^^^^^^^^^^^^^ help: try removing the `clone` call: `method`
     |
     = help: for further information visit https://rust-lang.github.io/rust-clippy/rust-1.94.0/index.html#clone_on_copy

warning: this function has too many arguments (8/7)
    --> src/proxy/proxy_call/sip_session.rs:1843:5
     |
1843 | /     async fn build_bridge_outbound_offer(
1844 | |         source_desc: &rustrtc::SessionDescription,
1845 | |         source_video_caps: &[rustrtc::VideoCapability],
1846 | |         target_pc: &rustrtc::PeerConnection,
...    |
1851 | |         previously_had_video: bool,
1852 | |     ) -> Result<String> {
     | |_______________________^
     |
     = help: for further information visit https://rust-lang.github.io/rust-clippy/rust-1.94.0/index.html#too_many_arguments

warning: using `clone` on type `Method` which implements the `Copy` trait
    --> src/proxy/proxy_call/sip_session.rs:2052:72
     |
2052 |                 .send_mid_dialog_offer_once_with_fallback(target_side, method.clone(), offer_sdp)
     |                                                                        ^^^^^^^^^^^^^^ help: try removing the `clone` call: `method`
     |
     = help: for further information visit https://rust-lang.github.io/rust-clippy/rust-1.94.0/index.html#clone_on_copy

warning: using `clone` on type `Method` which implements the `Copy` trait
    --> src/proxy/proxy_call/sip_session.rs:2073:17
     |
2073 |                 method.clone(),
     |                 ^^^^^^^^^^^^^^ help: try removing the `clone` call: `method`
     |
     = help: for further information visit https://rust-lang.github.io/rust-clippy/rust-1.94.0/index.html#clone_on_copy

warning: this `if` branch is empty
    --> src/proxy/proxy_call/sip_session.rs:2250:13
     |
2250 |             if matches!(status_code, 408 | 480 | 486 | 487) {}
     |             ^^^^^^^^^^^^^^^^^^^^^^^^^^^^^^^^^^^^^^^^^^^^^^^^^^ help: you can remove it: `matches!(status_code, 408 | 480 | 486 | 487);`
     |
     = help: for further information visit https://rust-lang.github.io/rust-clippy/rust-1.94.0/index.html#needless_ifs
     = note: `#[warn(clippy::needless_ifs)]` on by default

warning: this `map_or` can be simplified
    --> src/proxy/proxy_call/sip_session.rs:2628:31
     |
2628 |               caller_gate_open: self
     |  _______________________________^
2629 | |                 .media
2630 | |                 .media_bridge
2631 | |                 .as_ref()
2632 | |                 .map_or(true, |b| b.is_caller_gate_open()),
     | |__________________________________________________________^
     |
     = help: for further information visit https://rust-lang.github.io/rust-clippy/rust-1.94.0/index.html#unnecessary_map_or
help: use is_none_or instead
     |
2632 -                 .map_or(true, |b| b.is_caller_gate_open()),
2632 +                 .is_none_or(|b| b.is_caller_gate_open()),
     |

warning: using `clone` on type `Method` which implements the `Copy` trait
    --> src/proxy/proxy_call/sip_session.rs:2697:63
     |
2697 |                 self.relay_ordinary_media_control_offer(side, request.method.clone(), &offer_sdp)
     |                                                               ^^^^^^^^^^^^^^^^^^^^^^ help: try removing the `clone` call: `request.method`
     |
     = help: for further information visit https://rust-lang.github.io/rust-clippy/rust-1.94.0/index.html#clone_on_copy

warning: using `clone` on type `Method` which implements the `Copy` trait
    --> src/proxy/proxy_call/sip_session.rs:2707:55
     |
2707 |                 self.relay_signaling_only_offer(side, request.method.clone(), &offer_sdp)
     |                                                       ^^^^^^^^^^^^^^^^^^^^^^ help: try removing the `clone` call: `request.method`
     |
     = help: for further information visit https://rust-lang.github.io/rust-clippy/rust-1.94.0/index.html#clone_on_copy

warning: using `clone` on type `Method` which implements the `Copy` trait
    --> src/proxy/proxy_call/sip_session.rs:2717:55
     |
2717 |                 self.relay_bridged_dialog_offer(side, request.method.clone(), &offer_sdp)
     |                                                       ^^^^^^^^^^^^^^^^^^^^^^ help: try removing the `clone` call: `request.method`
     |
     = help: for further information visit https://rust-lang.github.io/rust-clippy/rust-1.94.0/index.html#clone_on_copy

warning: this `if` statement can be collapsed
    --> src/proxy/proxy_call/sip_session.rs:2921:13
     |
2921 | /             if !consumed_by_processing
2922 | |                 && let Some(callee_id) = self.meta.connected_callee_dialog_id.clone()
2923 | |             {
2924 | |                 if let Some(dlg) = self.server.dialog_layer.get_dialog(&callee_id) {
...    |
2943 | |             }
     | |_____________^
     |
     = help: for further information visit https://rust-lang.github.io/rust-clippy/rust-1.94.0/index.html#collapsible_if
help: collapse nested if block
     |
2922 ~                 && let Some(callee_id) = self.meta.connected_callee_dialog_id.clone()
2923 ~                 && let Some(dlg) = self.server.dialog_layer.get_dialog(&callee_id) {
2924 |                     let fwd_headers = vec![rsipstack::sip::Header::ContentType(
 ...
2940 |                     }
2941 ~                 }
     |

warning: non-binding `let` on a future
    --> src/proxy/proxy_call/sip_session.rs:3381:21
     |
3381 |                     let _ = tx.send(event.clone());
     |                     ^^^^^^^^^^^^^^^^^^^^^^^^^^^^^^^
     |
     = help: consider awaiting the future or dropping explicitly with `std::mem::drop`
     = help: for further information visit https://rust-lang.github.io/rust-clippy/rust-1.94.0/index.html#let_underscore_future
     = note: `#[warn(clippy::let_underscore_future)]` on by default

warning: this `if` statement can be collapsed
    --> src/proxy/proxy_call/sip_session.rs:3545:25
     |
3545 | /                         if self.context.dialplan.voicemail_enabled
3546 | |                             && !self.server_dialog.state().is_terminated()
3547 | |                         {
3548 | |                             if let Some(ext) = extract_sip_username(&self.context.original_callee) {
...    |
3565 | |                         }
     | |_________________________^
     |
     = help: for further information visit https://rust-lang.github.io/rust-clippy/rust-1.94.0/index.html#collapsible_if
help: collapse nested if block
     |
3546 ~                             && !self.server_dialog.state().is_terminated()
3547 ~                             && let Some(ext) = extract_sip_username(&self.context.original_callee) {
3548 |                                 info!(
 ...
3562 |                                 );
3563 ~                             }
     |

warning: this `if` branch is empty
    --> src/proxy/proxy_call/sip_session.rs:3567:25
     |
3567 |                         if matches!(code.code(), 408 | 480 | 486 | 487) {}
     |                         ^^^^^^^^^^^^^^^^^^^^^^^^^^^^^^^^^^^^^^^^^^^^^^^^^^ help: you can remove it: `matches!(code.code(), 408 | 480 | 486 | 487);`
     |
     = help: for further information visit https://rust-lang.github.io/rust-clippy/rust-1.94.0/index.html#needless_ifs

warning: this `if` statement can be collapsed
    --> src/proxy/proxy_call/sip_session.rs:4003:21
     |
4003 | /                     if let Some(ref resp) = response {
4004 | |                         if resp.status_code.kind() == StatusCodeKind::Successful {
4005 | |                             info!(
4006 | |                                 fork = winner_idx,
...    |
4050 | |                     }
     | |_____________________^
     |
     = help: for further information visit https://rust-lang.github.io/rust-clippy/rust-1.94.0/index.html#collapsible_if
help: collapse nested if block
     |
4003 ~                     if let Some(ref resp) = response
4004 ~                         && resp.status_code.kind() == StatusCodeKind::Successful {
4005 |                             info!(
 ...
4048 |                                 .await;
4049 ~                         }
     |

warning: this `if` statement can be collapsed
    --> src/proxy/proxy_call/sip_session.rs:4125:9
     |
4125 | /         if self.media.media_bridge.is_none() {
4126 | |             if let Err(e) = self
4127 | |                 .create_app_caller_media_bridge(&caller_offer, caller_is_webrtc)
4128 | |                 .await
...    |
4137 | |         }
     | |_________^
     |
     = help: for further information visit https://rust-lang.github.io/rust-clippy/rust-1.94.0/index.html#collapsible_if
help: collapse nested if block
     |
4125 ~         if self.media.media_bridge.is_none()
4126 ~             && let Err(e) = self
4127 |                 .create_app_caller_media_bridge(&caller_offer, caller_is_webrtc)
 ...
4135 |                 return Ok(());
4136 ~             }
     |

warning: this `if` statement can be collapsed
    --> src/proxy/proxy_call/sip_session.rs:4143:17
     |
4143 | /                 if created_bridge {
4144 | |                     if let Some(bridge) = self.media.media_bridge.take() {
4145 | |                         bridge.stop().await;
4146 | |                     }
4147 | |                 }
     | |_________________^
     |
     = help: for further information visit https://rust-lang.github.io/rust-clippy/rust-1.94.0/index.html#collapsible_if
help: collapse nested if block
     |
4143 ~                 if created_bridge
4144 ~                     && let Some(bridge) = self.media.media_bridge.take() {
4145 |                         bridge.stop().await;
4146 ~                     }
     |

warning: this `if` statement can be collapsed
    --> src/proxy/proxy_call/sip_session.rs:4554:9
     |
4554 | /         if self.context.dialplan.recording.enabled && !self.context.dialplan.recording.force_file {
4555 | |             if let Some(sipflow_tx) =
4556 | |                 self.setup_sipflow_capture(&self.context.session_id, &self.context.session_id)
...    |
4560 | |         }
     | |_________^
     |
     = help: for further information visit https://rust-lang.github.io/rust-clippy/rust-1.94.0/index.html#collapsible_if
help: collapse nested if block
     |
4554 ~         if self.context.dialplan.recording.enabled && !self.context.dialplan.recording.force_file
4555 ~             && let Some(sipflow_tx) =
4556 |                 self.setup_sipflow_capture(&self.context.session_id, &self.context.session_id)
4557 |             {
4558 |                 bridge_builder = bridge_builder.with_sipflow_capture(sipflow_tx);
4559 ~             }
     |

warning: this `if` statement can be collapsed
    --> src/proxy/proxy_call/sip_session.rs:5307:9
     |
5307 | /         if self.server.proxy_config.session_timer_mode().is_enabled() {
5308 | |             if let Some(ref response) = response {
5309 | |                 let requested_session_interval = invite_option
5310 | |                     .headers
...    |
5326 | |         }
     | |_________^
     |
     = help: for further information visit https://rust-lang.github.io/rust-clippy/rust-1.94.0/index.html#collapsible_if
help: collapse nested if block
     |
5307 ~         if self.server.proxy_config.session_timer_mode().is_enabled()
5308 ~             && let Some(ref response) = response {
5309 |                 let requested_session_interval = invite_option
 ...
5324 |                 self.init_callee_timer(dialog_id.clone(), response, requested_session_interval);
5325 ~             }
     |

warning: returning the result of a `let` binding from a block
    --> src/proxy/proxy_call/sip_session.rs:5465:9
     |
5428 | /         let callee_sdp = if self.bypasses_local_media() && caller_is_webrtc == callee_is_webrtc {
5429 | |             self.media.callee_offer_uses_media_bridge = false;
5430 | |             let allow_codecs = self.resolve_effective_codecs();
5431 | |             if !allow_codecs.is_empty() {
...    |
5463 | |             self.create_callee_track(callee_is_webrtc).await.ok()
5464 | |         };
     | |__________- unnecessary `let` binding
5465 |           callee_sdp
     |           ^^^^^^^^^^
     |
     = help: for further information visit https://rust-lang.github.io/rust-clippy/rust-1.94.0/index.html#let_and_return
help: return the expression directly
     |
5428 ~         
5429 ~         if self.bypasses_local_media() && caller_is_webrtc == callee_is_webrtc {
5430 +             self.media.callee_offer_uses_media_bridge = false;
5431 +             let allow_codecs = self.resolve_effective_codecs();
5432 +             if !allow_codecs.is_empty() {
5433 +                 if let Some(ref caller_offer) = self.media.caller_offer {
5434 +                     let selected_codecs =
5435 +                         MediaNegotiator::build_codec_list_from_offer(caller_offer, &allow_codecs);
5436 +                     if selected_codecs.is_empty() {
5437 +                         warn!(
5438 +                             session_id = %self.context.session_id,
5439 +                             context = "bypass callee offer",
5440 +                             "No compatible audio codec selected for pass-through SDP offer"
5441 +                         );
5442 +                         Some(caller_offer.clone())
5443 +                     } else {
5444 +                         Some(MediaNegotiator::rewrite_sdp_codec_list(
5445 +                             caller_offer,
5446 +                             &selected_codecs,
5447 +                         )
5448 +                         .unwrap_or_else(|| {
5449 +                             warn!(
5450 +                                 session_id = %self.context.session_id,
5451 +                                 context = "bypass callee offer",
5452 +                                 "Failed to rewrite pass-through SDP offer to selected audio codec list"
5453 +                             );
5454 +                             caller_offer.clone()
5455 +                         }))
5456 +                     }
5457 +                 } else {
5458 +                     self.media.caller_offer.clone()
5459 +                 }
5460 +             } else {
5461 +                 self.media.caller_offer.clone()
5462 +             }
5463 +         } else {
5464 +             self.create_callee_track(callee_is_webrtc).await.ok()
5465 +         }
     |

warning: this `if` statement can be collapsed
    --> src/proxy/proxy_call/sip_session.rs:5765:13
     |
5765 | /             if !is_early_media {
5766 | |                 if let Some(ref bridge) = self.media.media_bridge {
5767 | |                     bridge.open_caller_gate();
5768 | |                 }
5769 | |             }
     | |_____________^
     |
     = help: for further information visit https://rust-lang.github.io/rust-clippy/rust-1.94.0/index.html#collapsible_if
help: collapse nested if block
     |
5765 ~             if !is_early_media
5766 ~                 && let Some(ref bridge) = self.media.media_bridge {
5767 |                     bridge.open_caller_gate();
5768 ~                 }
     |

warning: this `if` statement can be collapsed
    --> src/proxy/proxy_call/sip_session.rs:5827:13
     |
5827 | /             if let Some(peer) = self.callee_peer() {
5828 | |                 if let Err(e) = peer
5829 | |                     .update_remote_description(Self::CALLEE_TRACK_ID, &callee_sdp_value)
5830 | |                     .await
...    |
5838 | |             }
     | |_____________^
     |
     = help: for further information visit https://rust-lang.github.io/rust-clippy/rust-1.94.0/index.html#collapsible_if
help: collapse nested if block
     |
5827 ~             if let Some(peer) = self.callee_peer()
5828 ~                 && let Err(e) = peer
5829 |                     .update_remote_description(Self::CALLEE_TRACK_ID, &callee_sdp_value)
 ...
5836 |                     );
5837 ~                 }
     |

warning: this `if` statement can be collapsed
    --> src/proxy/proxy_call/sip_session.rs:5862:13
     |
5862 | /             if let (Some(sdp), Some(peer)) = (callee_sdp.as_ref(), self.callee_peer()) {
5863 | |                 if let Err(e) = peer
5864 | |                     .update_remote_description(Self::CALLEE_TRACK_ID, sdp)
5865 | |                     .await
...    |
5873 | |             }
     | |_____________^
     |
     = help: for further information visit https://rust-lang.github.io/rust-clippy/rust-1.94.0/index.html#collapsible_if
help: collapse nested if block
     |
5862 ~             if let (Some(sdp), Some(peer)) = (callee_sdp.as_ref(), self.callee_peer())
5863 ~                 && let Err(e) = peer
5864 |                     .update_remote_description(Self::CALLEE_TRACK_ID, sdp)
 ...
5871 |                     );
5872 ~                 }
     |

warning: this `if` statement can be collapsed
    --> src/proxy/proxy_call/sip_session.rs:5976:13
     |
5976 | /             if !is_early_media {
5977 | |                 if let Some(ref bridge) = self.media.media_bridge {
5978 | |                     bridge.open_caller_gate();
5979 | |                 }
5980 | |             }
     | |_____________^
     |
     = help: for further information visit https://rust-lang.github.io/rust-clippy/rust-1.94.0/index.html#collapsible_if
help: collapse nested if block
     |
5976 ~             if !is_early_media
5977 ~                 && let Some(ref bridge) = self.media.media_bridge {
5978 |                     bridge.open_caller_gate();
5979 ~                 }
     |

warning: manual implementation of `.is_multiple_of()`
    --> src/proxy/proxy_call/sip_session.rs:6865:40
     |
6865 | ...                   if frame_count % 100 == 0 {
     |                          ^^^^^^^^^^^^^^^^^^^^^^ help: replace with: `frame_count.is_multiple_of(100)`
     |
     = help: for further information visit https://rust-lang.github.io/rust-clippy/rust-1.94.0/index.html#manual_is_multiple_of
     = note: `#[warn(clippy::manual_is_multiple_of)]` on by default

warning: this `if` statement can be collapsed
    --> src/proxy/proxy_call/sip_session.rs:7210:13
     |
7210 | /             if let Some((trunk_host, trunk_port)) = trunk_host_port(&trunk.dest) {
7211 | |                 if trunk_host.to_lowercase() == callee_host && trunk_port == callee_port {
7212 | |                     let parsed = parse_allowed_codecs(&trunk.codec);
7213 | |                     if !parsed.is_empty() {
...    |
7217 | |             }
     | |_____________^
     |
     = help: for further information visit https://rust-lang.github.io/rust-clippy/rust-1.94.0/index.html#collapsible_if
help: collapse nested if block
     |
7210 ~             if let Some((trunk_host, trunk_port)) = trunk_host_port(&trunk.dest)
7211 ~                 && trunk_host.to_lowercase() == callee_host && trunk_port == callee_port {
7212 |                     let parsed = parse_allowed_codecs(&trunk.codec);
 ...
7215 |                     }
7216 ~                 }
     |

warning: this `if` statement can be collapsed
    --> src/proxy/proxy_call/sip_session.rs:7452:13
     |
7452 | /             if self.context.dialplan.recording.enabled
7453 | |                 && !self.context.dialplan.recording.force_file
7454 | |             {
7455 | |                 if let Some(sipflow_tx) =
...    |
7460 | |             }
     | |_____________^
     |
     = help: for further information visit https://rust-lang.github.io/rust-clippy/rust-1.94.0/index.html#collapsible_if
help: collapse nested if block
     |
7453 ~                 && !self.context.dialplan.recording.force_file
7454 ~                 && let Some(sipflow_tx) =
7455 |                     self.setup_sipflow_capture(&self.context.session_id, &self.context.session_id)
7456 |                 {
7457 |                     bridge_builder = bridge_builder.with_sipflow_capture(sipflow_tx);
7458 ~                 }
     |

warning: this `if` statement can be collapsed
    --> src/proxy/proxy_call/sip_session.rs:7641:9
     |
7641 | /         if self.bypasses_local_media() {
7642 | |             if let Some(answer_sdp) = self.media.callee_answer_sdp.clone() {
7643 | |                 self.media.answer = Some(answer_sdp.clone());
7644 | |                 self.media.caller_answer_uses_media_bridge = false;
...    |
7647 | |         }
     | |_________^
     |
     = help: for further information visit https://rust-lang.github.io/rust-clippy/rust-1.94.0/index.html#collapsible_if
help: collapse nested if block
     |
7641 ~         if self.bypasses_local_media()
7642 ~             && let Some(answer_sdp) = self.media.callee_answer_sdp.clone() {
7643 |                 self.media.answer = Some(answer_sdp.clone());
7644 |                 self.media.caller_answer_uses_media_bridge = false;
7645 |                 return Some(answer_sdp);
7646 ~             }
     |

warning: this `if` statement can be collapsed
    --> src/proxy/proxy_call/sip_session.rs:7748:21
     |
7748 | /                     if let Some(timer) = self.timers.get(&caller_dialog_id) {
7749 | |                         if timer.enabled {
7750 | |                             timer_headers.extend(build_session_timer_response_headers(timer));
7751 | |                             debug!(
...    |
7756 | |                     }
     | |_____________________^
     |
     = help: for further information visit https://rust-lang.github.io/rust-clippy/rust-1.94.0/index.html#collapsible_if
help: collapse nested if block
     |
7748 ~                     if let Some(timer) = self.timers.get(&caller_dialog_id)
7749 ~                         && timer.enabled {
7750 |                             timer_headers.extend(build_session_timer_response_headers(timer));
 ...
7754 |                             );
7755 ~                         }
     |

warning: this `if` statement can be collapsed
    --> src/proxy/proxy_call/sip_session.rs:8126:13
     |
8126 | /             if let Some(video_codec) = extracted.video.first() {
8127 | |                 if let Some(bridge) = &self.media.media_bridge {
8128 | |                     let _ = bridge
8129 | |                         .add_video_track(video_codec.payload_type, video_codec.clock_rate)
...    |
8136 | |             }
     | |_____________^
     |
     = help: for further information visit https://rust-lang.github.io/rust-clippy/rust-1.94.0/index.html#collapsible_if
help: collapse nested if block
     |
8126 ~             if let Some(video_codec) = extracted.video.first()
8127 ~                 && let Some(bridge) = &self.media.media_bridge {
8128 |                     let _ = bridge
 ...
8134 |                     );
8135 ~                 }
     |

warning: this `if` statement can be collapsed
    --> src/proxy/proxy_call/sip_session.rs:8678:9
     |
8678 | /         if self.ivekit_execution_profile
8679 | |             == crate::ivekit_media_lifecycle::MediaExecutionProfile::OrdinaryRelay
8680 | |         {
8681 | |             if let Some(lifecycle) = self.ivekit_media.lifecycle_mut() {
...    |
8700 | |         }
     | |_________^
     |
     = help: for further information visit https://rust-lang.github.io/rust-clippy/rust-1.94.0/index.html#collapsible_if
help: collapse nested if block
     |
8679 ~             == crate::ivekit_media_lifecycle::MediaExecutionProfile::OrdinaryRelay
8680 ~             && let Some(lifecycle) = self.ivekit_media.lifecycle_mut() {
8681 |                 // The media-control agent persists uncertain deletes. This
 ...
8697 |                 }
8698 ~             }
     |

warning: this `if` statement can be collapsed
    --> src/proxy/proxy_call/sip_session.rs:8717:9
     |
8717 | /         if !acquired_holds.is_empty() {
8718 | |             if let Some(limiter) = self.server.frequency_limiter.as_ref() {
8719 | |                 crate::call::policy::PolicyGuard::release_concurrency_holds(
8720 | |                     &acquired_holds,
...    |
8725 | |         }
     | |_________^
     |
     = help: for further information visit https://rust-lang.github.io/rust-clippy/rust-1.94.0/index.html#collapsible_if
help: collapse nested if block
     |
8717 ~         if !acquired_holds.is_empty()
8718 ~             && let Some(limiter) = self.server.frequency_limiter.as_ref() {
8719 |                 crate::call::policy::PolicyGuard::release_concurrency_holds(
 ...
8723 |                 .await;
8724 ~             }
     |

warning: field assignment outside of initializer for an instance created with Default::default()
    --> src/proxy/proxy_call/sip_session.rs:8903:9
     |
8903 |         timer.mode = session_timer_mode;
     |         ^^^^^^^^^^^^^^^^^^^^^^^^^^^^^^^^
     |
note: consider initializing the variable with `proxy::proxy_call::session_timer::SessionTimerState { mode: session_timer_mode, ..Default::default() }` and removing relevant reassignments
    --> src/proxy/proxy_call/sip_session.rs:8902:9
     |
8902 |         let mut timer = SessionTimerState::default();
     |         ^^^^^^^^^^^^^^^^^^^^^^^^^^^^^^^^^^^^^^^^^^^^^
     = help: for further information visit https://rust-lang.github.io/rust-clippy/rust-1.94.0/index.html#field_reassign_with_default

warning: this `if` statement can be collapsed
    --> src/proxy/proxy_call/sip_session.rs:8905:9
     |
8905 | /         if let Some(min_se) = get_header_value(headers, HEADER_MIN_SE)
8906 | |             .as_deref()
8907 | |             .and_then(parse_min_se)
...    |
8912 | |         }
     | |_________^
     |
     = help: for further information visit https://rust-lang.github.io/rust-clippy/rust-1.94.0/index.html#collapsible_if
help: collapse nested if block
     |
8907 ~             .and_then(parse_min_se)
8908 ~             && timer.min_se < min_se {
8909 |                 timer.min_se = min_se;
8910 ~             }
     |

warning: field assignment outside of initializer for an instance created with Default::default()
    --> src/proxy/proxy_call/sip_session.rs:8951:9
     |
8951 |         timer.mode = self.server.proxy_config.session_timer_mode();
     |         ^^^^^^^^^^^^^^^^^^^^^^^^^^^^^^^^^^^^^^^^^^^^^^^^^^^^^^^^^^^
     |
note: consider initializing the variable with `proxy::proxy_call::session_timer::SessionTimerState { mode: self.server.proxy_config.session_timer_mode(), ..Default::default() }` and removing relevant reassignments
    --> src/proxy/proxy_call/sip_session.rs:8950:9
     |
8950 |         let mut timer = SessionTimerState::default();
     |         ^^^^^^^^^^^^^^^^^^^^^^^^^^^^^^^^^^^^^^^^^^^^^
     = help: for further information visit https://rust-lang.github.io/rust-clippy/rust-1.94.0/index.html#field_reassign_with_default

warning: derefed type is same as origin
    --> src/proxy/proxy_call/sip_session.rs:9740:45
     |
9740 |                 let Some(callee_state_rx) = callee_state_rx.as_deref_mut() else {
     |                                             ^^^^^^^^^^^^^^^^^^^^^^^^^^^^^^ help: try: `callee_state_rx`
     |
     = help: for further information visit https://rust-lang.github.io/rust-clippy/rust-1.94.0/index.html#needless_option_as_deref
     = note: `#[warn(clippy::needless_option_as_deref)]` on by default

warning: this `if` statement can be collapsed
     --> src/proxy/proxy_call/sip_session.rs:10156:13
      |
10156 | /             if leg.dialog_id.is_some() {
10157 | |                 if let Some(dlg) = self.server.dialog_layer.get_dialog_with(&dialog_id) {
10158 | |                     if let Err(e) = dlg.hangup().await {
10159 | |                         warn!(%leg_id, %dialog_id, error = %e, "Failed to hangup SIP dialog");
...     |
10164 | |             }
      | |_____________^
      |
      = help: for further information visit https://rust-lang.github.io/rust-clippy/rust-1.94.0/index.html#collapsible_if
help: collapse nested if block
      |
10156 ~             if leg.dialog_id.is_some()
10157 ~                 && let Some(dlg) = self.server.dialog_layer.get_dialog_with(&dialog_id) {
10158 |                     if let Err(e) = dlg.hangup().await {
  ...
10162 |                     }
10163 ~                 }
      |

warning: this boolean expression can be simplified
     --> src/proxy/proxy_call/sip_session.rs:10286:45
      |
10286 |                     r = &mut invitation, if !result.is_ok() => {
      |                                             ^^^^^^^^^^^^^^^ help: try: `result.is_err()`
      |
      = help: for further information visit https://rust-lang.github.io/rust-clippy/rust-1.94.0/index.html#nonminimal_bool

warning: this `if` statement can be collapsed
     --> src/proxy/proxy_call/sip_session.rs:11540:9
      |
11540 | /         if !remaining_holds.is_empty() {
11541 | |             if let Some(limiter) = self.server.frequency_limiter.clone() {
11542 | |                 crate::utils::spawn(async move {
11543 | |                     crate::call::policy::PolicyGuard::release_concurrency_holds(
...     |
11550 | |         }
      | |_________^
      |
      = help: for further information visit https://rust-lang.github.io/rust-clippy/rust-1.94.0/index.html#collapsible_if
help: collapse nested if block
      |
11540 ~         if !remaining_holds.is_empty()
11541 ~             && let Some(limiter) = self.server.frequency_limiter.clone() {
11542 |                 crate::utils::spawn(async move {
  ...
11548 |                 });
11549 ~             }
      |

warning: this `if` statement can be collapsed
     --> src/proxy/proxy_call/sip_session.rs:11566:9
      |
11566 | /         if !self.engine_session_destroyed {
11567 | |             if let Err(e) =
11568 | |                 self.server
11569 | |                     .media_engine
...     |
11580 | |         }
      | |_________^
      |
      = help: for further information visit https://rust-lang.github.io/rust-clippy/rust-1.94.0/index.html#collapsible_if
help: collapse nested if block
      |
11566 ~         if !self.engine_session_destroyed
11567 ~             && let Err(e) =
11568 |                 self.server
  ...
11578 |                 );
11579 ~             }
      |

warning: this `if` statement can be collapsed
     --> src/proxy/proxy_call/sip_session.rs:11584:9
      |
11584 | /         if !self.cdr_sent.load(std::sync::atomic::Ordering::Relaxed) {
11585 | |             if let Some(reporter) = &self.reporter {
11586 | |                 let snapshot = self.record_snapshot();
11587 | |                 reporter.report_in_background(snapshot);
...     |
11590 | |         }
      | |_________^
      |
      = help: for further information visit https://rust-lang.github.io/rust-clippy/rust-1.94.0/index.html#collapsible_if
help: collapse nested if block
      |
11584 ~         if !self.cdr_sent.load(std::sync::atomic::Ordering::Relaxed)
11585 ~             && let Some(reporter) = &self.reporter {
11586 |                 let snapshot = self.record_snapshot();
11587 |                 reporter.report_in_background(snapshot);
11588 |                 debug!(session_id = %self.context.session_id, "CDR scheduled from Drop safety net");
11589 ~             }
      |

warning: this `if` statement can be collapsed
   --> src/proxy/proxy_call/state.rs:297:9
    |
297 | /         if let Some(sender) = self.event_sender() {
298 | |             if let Err(error) = sender.try_send(event) {
299 | |                 let reason = match error {
300 | |                     mpsc::error::TrySendError::Full(_) => "full",
...   |
305 | |         }
    | |_________^
    |
    = help: for further information visit https://rust-lang.github.io/rust-clippy/rust-1.94.0/index.html#collapsible_if
help: collapse nested if block
    |
297 ~         if let Some(sender) = self.event_sender()
298 ~             && let Err(error) = sender.try_send(event) {
299 |                 let reason = match error {
...
303 |                 crate::metrics::call_control::mailbox_rejected("proxy_event", reason);
304 ~             }
    |

warning: this `if` statement can be collapsed
   --> src/proxy/server.rs:409:9
    |
409 | /         if let Some(ref jwt_cfg) = self.config.jwt_auth {
410 | |             if jwt_cfg.enabled {
411 | |                 let validator = JwtValidator::new(jwt_cfg);
412 | |                 let local_ub = if jwt_cfg.check_local_user {
...   |
432 | |         }
    | |_________^
    |
    = help: for further information visit https://rust-lang.github.io/rust-clippy/rust-1.94.0/index.html#collapsible_if
help: collapse nested if block
    |
409 ~         if let Some(ref jwt_cfg) = self.config.jwt_auth
410 ~             && jwt_cfg.enabled {
411 |                 let validator = JwtValidator::new(jwt_cfg);
...
430 |                 auth_backend.push(Box::new(jwt_backend));
431 ~             }
    |

warning: this `if` statement can be collapsed
   --> src/proxy/server.rs:520:13
    |
520 | /             if rtp_config.external_ip.is_none() {
521 | |                 if let Some(ref url) = rtp_config.auto_external_ip {
522 | |                     match auto_external_ip::detect_external_ip(url).await {
523 | |                         Ok(ip) => {
...   |
540 | |             }
    | |_____________^
    |
    = help: for further information visit https://rust-lang.github.io/rust-clippy/rust-1.94.0/index.html#collapsible_if
help: collapse nested if block
    |
520 ~             if rtp_config.external_ip.is_none()
521 ~                 && let Some(ref url) = rtp_config.auto_external_ip {
522 |                     match auto_external_ip::detect_external_ip(url).await {
...
538 |                     }
539 ~                 }
    |

warning: this `if` statement can be collapsed
    --> src/proxy/server.rs:1029:9
     |
1029 | /         if !self.cluster_peers.is_empty() {
1030 | |             if let Some(hub) = inner.cluster_event_hub.as_ref() {
1031 | |                 let mut module = ClusterEventModule::create(
1032 | |                     hub.clone(),
...    |
1040 | |         }
     | |_________^
     |
     = help: for further information visit https://rust-lang.github.io/rust-clippy/rust-1.94.0/index.html#collapsible_if
help: collapse nested if block
     |
1029 ~         if !self.cluster_peers.is_empty()
1030 ~             && let Some(hub) = inner.cluster_event_hub.as_ref() {
1031 |                 let mut module = ClusterEventModule::create(
 ...
1038 |                 modules.push(module);
1039 ~             }
     |

warning: manual implementation of `.is_multiple_of()`
    --> src/proxy/server.rs:1380:16
     |
1380 |             if tx_count % 100 == 0 {
     |                ^^^^^^^^^^^^^^^^^^^ help: replace with: `tx_count.is_multiple_of(100)`
     |
     = help: for further information visit https://rust-lang.github.io/rust-clippy/rust-1.94.0/index.html#manual_is_multiple_of

warning: this `map_or` can be simplified
    --> src/proxy/server.rs:1723:36
     |
1723 |                   let realms_empty = self
     |  ____________________________________^
1724 | |                     .proxy_config
1725 | |                     .realms
1726 | |                     .as_ref()
1727 | |                     .map_or(true, |v| v.is_empty());
     | |___________________________________________________^
     |
     = help: for further information visit https://rust-lang.github.io/rust-clippy/rust-1.94.0/index.html#unnecessary_map_or
help: use is_none_or instead
     |
1727 -                     .map_or(true, |v| v.is_empty());
1727 +                     .is_none_or(|v| v.is_empty());
     |

warning: this `map_or` can be simplified
   --> src/proxy/trunk_health.rs:455:21
    |
455 | /                     trunks
456 | |                         .get(name)
457 | |                         .map_or(false, |cfg| cfg.health_check_enabled.unwrap_or(false))
    | |_______________________________________________________________________________________^
    |
    = help: for further information visit https://rust-lang.github.io/rust-clippy/rust-1.94.0/index.html#unnecessary_map_or
help: use is_some_and instead
    |
457 -                         .map_or(false, |cfg| cfg.health_check_enabled.unwrap_or(false))
457 +                         .is_some_and(|cfg| cfg.health_check_enabled.unwrap_or(false))
    |

warning: this `map_or` can be simplified
   --> src/proxy/trunk_health.rs:477:13
    |
477 | /             trunks
478 | |                 .get(name)
479 | |                 .map_or(false, |cfg| cfg.health_check_enabled.unwrap_or(false))
    | |_______________________________________________________________________________^
    |
    = help: for further information visit https://rust-lang.github.io/rust-clippy/rust-1.94.0/index.html#unnecessary_map_or
help: use is_some_and instead
    |
479 -                 .map_or(false, |cfg| cfg.health_check_enabled.unwrap_or(false))
479 +                 .is_some_and(|cfg| cfg.health_check_enabled.unwrap_or(false))
    |

warning: this `if` statement can be collapsed
  --> src/rwi/event.rs:33:5
   |
33 | /     if let Some(ctx) = ctx {
34 | |         if let Ok(ctx_val) = serde_json::to_value(ctx) {
35 | |             if let (Some(pobj), Some(cobj)) = (payload.as_object_mut(), ctx_val.as_object()) {
36 | |                 for (k, v) in cobj {
...  |
43 | |     }
   | |_____^
   |
   = help: for further information visit https://rust-lang.github.io/rust-clippy/rust-1.94.0/index.html#collapsible_if
help: collapse nested if block
   |
33 ~     if let Some(ctx) = ctx
34 ~         && let Ok(ctx_val) = serde_json::to_value(ctx) {
35 |             if let (Some(pobj), Some(cobj)) = (payload.as_object_mut(), ctx_val.as_object()) {
...
41 |             }
42 ~         }
   |

warning: this `if` statement can be collapsed
  --> src/rwi/event.rs:34:9
   |
34 | /         if let Ok(ctx_val) = serde_json::to_value(ctx) {
35 | |             if let (Some(pobj), Some(cobj)) = (payload.as_object_mut(), ctx_val.as_object()) {
36 | |                 for (k, v) in cobj {
37 | |                     if !v.is_null() && !pobj.contains_key(k) {
...  |
42 | |         }
   | |_________^
   |
   = help: for further information visit https://rust-lang.github.io/rust-clippy/rust-1.94.0/index.html#collapsible_if
help: collapse nested if block
   |
34 ~         if let Ok(ctx_val) = serde_json::to_value(ctx)
35 ~             && let (Some(pobj), Some(cobj)) = (payload.as_object_mut(), ctx_val.as_object()) {
36 |                 for (k, v) in cobj {
...
40 |                 }
41 ~             }
   |

warning: this `if` statement can be collapsed
   --> src/rwi/gateway.rs:336:13
    |
336 | /             if let Some(filter) = self.session_event_filters.get(session_id) {
337 | |                 if !filter.contains(event_type) {
338 | |                     return;
339 | |                 }
340 | |             }
    | |_____________^
    |
    = help: for further information visit https://rust-lang.github.io/rust-clippy/rust-1.94.0/index.html#collapsible_if
help: collapse nested if block
    |
336 ~             if let Some(filter) = self.session_event_filters.get(session_id)
337 ~                 && !filter.contains(event_type) {
338 |                     return;
339 ~                 }
    |

warning: this `map_or` can be simplified
   --> src/rwi/gateway.rs:538:20
    |
538 |                 if exclude.map_or(false, |ex| ex == session_id) {
    |                    ^^^^^^^^^^^^^^^^^^^^^^^^^^^^^^^^^^^^^^^^^^^^
    |
    = help: for further information visit https://rust-lang.github.io/rust-clippy/rust-1.94.0/index.html#unnecessary_map_or
help: use a standard comparison instead
    |
538 -                 if exclude.map_or(false, |ex| ex == session_id) {
538 +                 if exclude == Some(session_id) {
    |

warning: this `if` statement can be collapsed
   --> src/rwi/gateway.rs:632:13
    |
632 | /             if let Some(filter) = self.session_event_filters.get(session_id) {
633 | |                 if !filter.contains(flat.event_type) {
634 | |                     return;
635 | |                 }
636 | |             }
    | |_____________^
    |
    = help: for further information visit https://rust-lang.github.io/rust-clippy/rust-1.94.0/index.html#collapsible_if
help: collapse nested if block
    |
632 ~             if let Some(filter) = self.session_event_filters.get(session_id)
633 ~                 && !filter.contains(flat.event_type) {
634 |                     return;
635 ~                 }
    |

warning: this `map_or` can be simplified
   --> src/rwi/gateway.rs:753:20
    |
753 |                 if exclude.map_or(false, |e| e == session_id) {
    |                    ^^^^^^^^^^^^^^^^^^^^^^^^^^^^^^^^^^^^^^^^^^
    |
    = help: for further information visit https://rust-lang.github.io/rust-clippy/rust-1.94.0/index.html#unnecessary_map_or
help: use a standard comparison instead
    |
753 -                 if exclude.map_or(false, |e| e == session_id) {
753 +                 if exclude == Some(session_id) {
    |

warning: this `if` statement can be collapsed
   --> src/rwi/handler.rs:125:17
    |
125 | /                 if let Ok(s) = serde_json::to_string(&v) {
126 | |                     if ws_tx_clone.send(s).await.is_err() {
127 | |                         break;
128 | |                     }
129 | |                 }
    | |_________________^
    |
    = help: for further information visit https://rust-lang.github.io/rust-clippy/rust-1.94.0/index.html#collapsible_if
help: collapse nested if block
    |
125 ~                 if let Ok(s) = serde_json::to_string(&v)
126 ~                     && ws_tx_clone.send(s).await.is_err() {
127 |                         break;
128 ~                     }
    |

warning: the following explicit lifetimes could be elided: 'a
   --> src/rwi/handler.rs:688:20
    |
688 | fn extract_call_id<'a>(cmd: &'a RwiCommandPayload) -> Option<&'a str> {
    |                    ^^        ^^                               ^^
    |
    = help: for further information visit https://rust-lang.github.io/rust-clippy/rust-1.94.0/index.html#needless_lifetimes
    = note: `#[warn(clippy::needless_lifetimes)]` on by default
help: elide the lifetimes
    |
688 - fn extract_call_id<'a>(cmd: &'a RwiCommandPayload) -> Option<&'a str> {
688 + fn extract_call_id(cmd: &RwiCommandPayload) -> Option<&str> {
    |

warning: unnecessary closure used to substitute value for `Option::None`
   --> src/rwi/processor.rs:333:49
    |
333 |       let (negotiated_codec, negotiated_params) = pc
    |  _________________________________________________^
334 | |         .remote_description()
335 | |         .and_then(|desc| {
336 | |             let sdp = desc.to_sdp_string();
...   |
357 | |         });
    | |__________^
    |
    = help: for further information visit https://rust-lang.github.io/rust-clippy/rust-1.94.0/index.html#unnecessary_lazy_evaluations
help: use `unwrap_or` instead
    |
348 ~         .unwrap_or({
349 +             (
350 +                 audio_codec::CodecType::PCMU,
351 +                 RtpCodecParameters {
352 +                     payload_type: 0,
353 +                     clock_rate: 8000,
354 +                     channels: 1,
355 +                 },
356 +             )
357 ~         });
    |

warning: this `if` statement can be collapsed
    --> src/rwi/processor.rs:1873:45
     |
1873 | / ...                   if let Some(pc) = guard.get_peer_connection().await {
1874 | | ...                       if let Some(desc) = pc.remote_description() {
1875 | | ...                           let sdp = desc.to_sdp_string();
1876 | | ...                           let profile = crate::media::negotiate::MediaNegotiator::extract_leg_profile(&sdp);
...    |
1882 | | ...                   }
     | |_______________________^
     |
     = help: for further information visit https://rust-lang.github.io/rust-clippy/rust-1.94.0/index.html#collapsible_if
help: collapse nested if block
     |
1873 ~                                             if let Some(pc) = guard.get_peer_connection().await
1874 ~                                                 && let Some(desc) = pc.remote_description() {
1875 |                                                     let sdp = desc.to_sdp_string();
 ...
1880 |                                                     }
1881 ~                                                 }
     |

warning: this `if` statement can be collapsed
    --> src/rwi/processor.rs:2117:41
     |
2117 | / ...                   if let Some(qcfg) = cmd_queue_configs.get(&queue_name) {
2118 | | ...                       if let Some(hold) = &qcfg.hold {
2119 | | ...                           if let Some(audio_file) = &hold.audio_file {
2120 | | ...                               let track_id = format!("queue-hold-{}", uuid::Uuid::new_v4());
...    |
2153 | | ...                   }
     | |_______________________^
     |
     = help: for further information visit https://rust-lang.github.io/rust-clippy/rust-1.94.0/index.html#collapsible_if
help: collapse nested if block
     |
2117 ~                                         if let Some(qcfg) = cmd_queue_configs.get(&queue_name)
2118 ~                                             && let Some(hold) = &qcfg.hold {
2119 |                                                 if let Some(audio_file) = &hold.audio_file {
 ...
2151 |                                                 }
2152 ~                                             }
     |

warning: this `if` statement can be collapsed
    --> src/rwi/processor.rs:2118:45
     |
2118 | / ...                   if let Some(hold) = &qcfg.hold {
2119 | | ...                       if let Some(audio_file) = &hold.audio_file {
2120 | | ...                           let track_id = format!("queue-hold-{}", uuid::Uuid::new_v4());
2121 | | ...                           let loop_pb = hold.loop_playback;
...    |
2152 | | ...                   }
     | |_______________________^
     |
     = help: for further information visit https://rust-lang.github.io/rust-clippy/rust-1.94.0/index.html#collapsible_if
help: collapse nested if block
     |
2118 ~                                             if let Some(hold) = &qcfg.hold
2119 ~                                                 && let Some(audio_file) = &hold.audio_file {
2120 |                                                     let track_id = format!("queue-hold-{}", uuid::Uuid::new_v4());
 ...
2150 |                                                     }
2151 ~                                                 }
     |

warning: redundant redefinition of a binding `cdr_start_time`
    --> src/rwi/processor.rs:2189:17
     |
2189 |                 let cdr_start_time = cdr_start_time;
     |                 ^^^^^^^^^^^^^^^^^^^^^^^^^^^^^^^^^^^^
     |
help: `cdr_start_time` is initially defined here
    --> src/rwi/processor.rs:1653:13
     |
1653 |         let cdr_start_time = chrono::Utc::now();
     |             ^^^^^^^^^^^^^^
     = help: for further information visit https://rust-lang.github.io/rust-clippy/rust-1.94.0/index.html#redundant_locals
     = note: `#[warn(clippy::redundant_locals)]` on by default

warning: this pattern creates a reference to a reference
    --> src/rwi/processor.rs:2198:33
     |
2198 |                     if let Some(ref sender) = cdr_sender.as_ref() {
     |                                 ^^^^^^^^^^ help: try: `sender`
     |
     = help: for further information visit https://rust-lang.github.io/rust-clippy/rust-1.94.0/index.html#needless_borrow

warning: redundant closure
    --> src/rwi/processor.rs:3144:37
     |
3144 |         let leg_id_opt = leg_id.map(|id| crate::call::domain::LegId::new(id));
     |                                     ^^^^^^^^^^^^^^^^^^^^^^^^^^^^^^^^^^^^^^^^ help: replace the closure with the associated function itself: `crate::call::domain::LegId::new`
     |
     = help: for further information visit https://rust-lang.github.io/rust-clippy/rust-1.94.0/index.html#redundant_closure

warning: this `if` statement can be collapsed
    --> src/rwi/processor.rs:3372:25
     |
3372 | /                         if let Some(ref filter) = req.leg_id {
3373 | |                             if incoming_leg.as_deref() != Some(filter.as_str()) {
3374 | |                                 continue;
3375 | |                             }
3376 | |                         }
     | |_________________________^
     |
     = help: for further information visit https://rust-lang.github.io/rust-clippy/rust-1.94.0/index.html#collapsible_if
help: collapse nested if block
     |
3372 ~                         if let Some(ref filter) = req.leg_id
3373 ~                             && incoming_leg.as_deref() != Some(filter.as_str()) {
3374 |                                 continue;
3375 ~                             }
     |

warning: this `if` statement can be collapsed
    --> src/rwi/processor.rs:3379:25
     |
3379 | /                         if let Some(term) = terminator {
3380 | |                             if digit == term {
3381 | |                                 if collected.len() >= min_digits as usize {
3382 | |                                     let event = crate::rwi::event::to_legacy_event(
...    |
3396 | |                         }
     | |_________________________^
     |
     = help: for further information visit https://rust-lang.github.io/rust-clippy/rust-1.94.0/index.html#collapsible_if
help: collapse nested if block
     |
3379 ~                         if let Some(term) = terminator
3380 ~                             && digit == term {
3381 |                                 if collected.len() >= min_digits as usize {
 ...
3394 |                                 return;
3395 ~                             }
     |

warning: casting to the same type is unnecessary (`i64` -> `i64`)
  --> src/sipflow/backend/remote.rs:41:16
   |
41 |         j = (((b as i64 + 1) as f64) * ((1u64 << 31) as f64) / ((shift as u64 + 1) as f64)) as i64;
   |                ^^^^^^^^ help: try: `b`
   |
   = help: for further information visit https://rust-lang.github.io/rust-clippy/rust-1.94.0/index.html#unnecessary_cast

warning: casting to the same type is unnecessary (`u64` -> `u64`)
  --> src/sipflow/backend/remote.rs:41:66
   |
41 |         j = (((b as i64 + 1) as f64) * ((1u64 << 31) as f64) / ((shift as u64 + 1) as f64)) as i64;
   |                                                                  ^^^^^^^^^^^^ help: try: `shift`
   |
   = help: for further information visit https://rust-lang.github.io/rust-clippy/rust-1.94.0/index.html#unnecessary_cast

warning: redundant closure
   --> src/sipflow/backend/remote.rs:554:48
    |
554 |         let file = tokio::task::spawn_blocking(|| tempfile::NamedTempFile::new())
    |                                                ^^^^^^^^^^^^^^^^^^^^^^^^^^^^^^^^^ help: replace the closure with the associated function itself: `tempfile::NamedTempFile::new`
    |
    = help: for further information visit https://rust-lang.github.io/rust-clippy/rust-1.94.0/index.html#redundant_closure

warning: useless conversion to the same type: `bytes::Bytes`
   --> src/sipflow/protocol.rs:112:18
    |
112 |         payload: payload.into(),
    |                  ^^^^^^^^^^^^^^ help: consider removing `.into()`: `payload`
    |
    = help: for further information visit https://rust-lang.github.io/rust-clippy/rust-1.94.0/index.html#useless_conversion

warning: casting to the same type is unnecessary (`u64` -> `u64`)
   --> src/sipflow/storage.rs:585:26
    |
585 |                 .observe(packet.timestamp as u64, header);
    |                          ^^^^^^^^^^^^^^^^^^^^^^^ help: try: `packet.timestamp`
    |
    = help: for further information visit https://rust-lang.github.io/rust-clippy/rust-1.94.0/index.html#unnecessary_cast

warning: iterating on a map's values
   --> src/sipflow/storage.rs:588:12
    |
588 |           Ok(results
    |  ____________^
589 | |             .into_iter()
590 | |             .map(|(_, accumulator)| accumulator.into_stats())
    | |_____________________________________________________________^ help: try: `results.into_values().map(|accumulator| accumulator.into_stats())`
    |
    = help: for further information visit https://rust-lang.github.io/rust-clippy/rust-1.94.0/index.html#iter_kv_map
    = note: `#[warn(clippy::iter_kv_map)]` on by default

warning: `rustpbx` (lib) generated 215 warnings (run `cargo clippy --fix --lib -p rustpbx` to apply 190 suggestions)
    Finished `dev` profile [unoptimized + debuginfo] target(s) in 2m 26s
   Compiling libc v0.2.186
   Compiling cfg-if v1.0.4
   Compiling serde_core v1.0.228
   Compiling zeroize v1.9.0
   Compiling getrandom v0.2.17
   Compiling memchr v2.8.3
   Compiling serde v1.0.228
   Compiling scopeguard v1.2.0
   Compiling lock_api v0.4.14
   Compiling typenum v1.20.1
   Compiling smallvec v1.15.2
   Compiling pin-project-lite v0.2.17
   Compiling portable-atomic v1.13.1
   Compiling rand_core v0.6.4
   Compiling critical-section v1.2.0
   Compiling once_cell v1.21.4
   Compiling bytes v1.12.1
   Compiling subtle v2.6.1
   Compiling generic-array v0.14.7
   Compiling parking_lot_core v0.9.12
   Compiling log v0.4.33
   Compiling futures-core v0.3.32
   Compiling itoa v1.0.18
   Compiling parking_lot v0.12.5
   Compiling equivalent v1.0.2
   Compiling libm v0.2.16
   Compiling crypto-common v0.1.7
   Compiling errno v0.3.14
   Compiling futures-sink v0.3.32
   Compiling allocator-api2 v0.2.21
   Compiling signal-hook-registry v1.4.8
   Compiling num-traits v0.2.19
   Compiling socket2 v0.6.5
   Compiling mio v1.2.2
   Compiling slab v0.4.12
   Compiling tokio v1.52.3
   Compiling tracing-core v0.1.36
   Compiling const-oid v0.9.6
   Compiling futures-channel v0.3.32
   Compiling futures-io v0.3.32
   Compiling futures-task v0.3.32
   Compiling futures-util v0.3.32
   Compiling tracing v0.1.44
   Compiling stable_deref_trait v1.2.1
   Compiling foldhash v0.2.0
   Compiling block-buffer v0.10.4
   Compiling percent-encoding v2.3.2
   Compiling digest v0.10.7
   Compiling thiserror v2.0.18
   Compiling zerofrom v0.1.8
   Compiling yoke v0.8.3
   Compiling hashbrown v0.17.1
   Compiling rustls-pki-types v1.15.0
   Compiling zerovec v0.11.6
   Compiling indexmap v2.14.0
   Compiling foldhash v0.1.5
   Compiling untrusted v0.9.0
   Compiling ring v0.17.14
   Compiling hashbrown v0.15.5
   Compiling crossbeam-utils v0.8.22
   Compiling tinystr v0.8.3
   Compiling form_urlencoded v1.2.2
   Compiling writeable v0.6.3
   Compiling litemap v0.8.2
   Compiling base64 v0.22.1
   Compiling icu_locale_core v2.2.0
   Compiling potential_utf v0.1.5
   Compiling zerotrie v0.2.4
   Compiling cpufeatures v0.2.17
   Compiling utf8_iter v1.0.4
   Compiling icu_collections v2.2.0
   Compiling icu_provider v2.2.0
   Compiling rustls-webpki v0.103.13
   Compiling spin v0.9.9
   Compiling zerocopy v0.8.54
   Compiling rustls v0.23.42
   Compiling icu_normalizer_data v2.2.0
   Compiling icu_properties_data v2.2.0
   Compiling icu_properties v2.2.0
   Compiling icu_normalizer v2.2.0
   Compiling idna_adapter v1.2.2
   Compiling idna v1.1.0
   Compiling ppv-lite86 v0.2.21
   Compiling bitflags v2.13.0
   Compiling url v2.5.8
   Compiling zmij v1.0.23
   Compiling serde_json v1.0.150
   Compiling deranged v0.5.8
   Compiling time-core v0.1.9
   Compiling num_threads v0.1.7
   Compiling powerfmt v0.2.0
   Compiling num-conv v0.2.2
   Compiling rand_core v0.10.1
   Compiling time v0.3.53
   Compiling http v1.4.2
   Compiling either v1.16.0
   Compiling iana-time-zone v0.1.65
   Compiling chrono v0.4.45
   Compiling getrandom v0.4.3
   Compiling tokio-util v0.7.18
   Compiling fnv v1.0.7
   Compiling httparse v1.10.1
   Compiling tower-service v0.3.3
   Compiling byteorder v1.5.0
   Compiling base64ct v1.8.3
   Compiling hybrid-array v0.4.13
   Compiling ipnet v2.12.0
   Compiling tinyvec_macros v0.1.1
   Compiling tinyvec v1.12.0
   Compiling getrandom v0.3.4
   Compiling lazy_static v1.5.0
   Compiling num-integer v0.1.46
   Compiling httpdate v1.0.3
   Compiling try-lock v0.2.5
   Compiling pem-rfc7468 v0.7.0
   Compiling want v0.3.1
   Compiling http-body v1.1.0
   Compiling sha2 v0.10.9
   Compiling tokio-stream v0.1.18
   Compiling der v0.7.10
   Compiling block-buffer v0.12.1
   Compiling crypto-common v0.2.2
   Compiling uuid v1.23.5
   Compiling sha1 v0.10.7
   Compiling data-encoding v2.11.0
   Compiling cpufeatures v0.3.0
   Compiling spki v0.7.3
   Compiling crc32fast v1.5.0
   Compiling rand_core v0.9.5
   Compiling hmac v0.12.1
   Compiling openssl-probe v0.2.1
   Compiling simd-adler32 v0.3.9
   Compiling rustls-native-certs v0.8.4
   Compiling pkcs8 v0.10.2
   Compiling num-bigint v0.4.8
   Compiling tokio-rustls v0.26.4
   Compiling concurrent-queue v2.5.0
   Compiling webpki-roots v1.0.8
   Compiling cmov v0.5.4
   Compiling atomic-waker v1.1.2
   Compiling ryu v1.0.23
   Compiling adler2 v2.0.1
   Compiling crc-catalog v2.5.0
   Compiling parking v2.2.1
   Compiling event-listener v5.4.1
   Compiling crc v3.4.0
   Compiling miniz_oxide v0.8.9
   Compiling h2 v0.4.15
   Compiling ctutils v0.4.2
   Compiling rand_chacha v0.9.0
   Compiling rand_chacha v0.3.1
   Compiling crossbeam-queue v0.3.13
   Compiling futures-executor v0.3.32
   Compiling futures-intrusive v0.5.0
   Compiling aho-corasick v1.1.4
   Compiling regex-syntax v0.8.11
   Compiling const-oid v0.10.2
   Compiling digest v0.11.3
   Compiling hyper v1.10.1
   Compiling regex-automata v0.4.15
   Compiling rand v0.8.7
   Compiling rand v0.9.5
   Compiling flate2 v1.1.9
   Compiling serde_urlencoded v0.7.1
   Compiling hkdf v0.12.4
   Compiling hyper-util v0.1.20
   Compiling chacha20 v0.10.1
   Compiling http-body-util v0.1.4
   Compiling minimal-lexical v0.2.1
   Compiling nom v7.1.3
   Compiling rand v0.10.2
   Compiling crossbeam-channel v0.5.16
   Compiling signature v2.2.0
   Compiling atoi v2.0.0
   Compiling arrayvec v0.7.8
   Compiling tower-layer v0.3.3
   Compiling mime v0.3.17
   Compiling dotenvy v0.15.7
   Compiling rust_decimal v1.42.1
   Compiling bigdecimal v0.4.10
   Compiling unicode-normalization v0.1.25
   Compiling sync_wrapper v1.0.2
   Compiling utf8parse v0.2.2
   Compiling unicode-properties v0.1.4
   Compiling unicode-bidi v0.3.18
   Compiling anstyle-parse v1.0.0
   Compiling crossbeam-epoch v0.9.20
   Compiling stringprep v0.1.5
   Compiling matchers v0.2.0
   Compiling tungstenite v0.29.0
   Compiling webpki-roots v0.26.11
   Compiling sharded-slab v0.1.7
   Compiling hashlink v0.10.0
   Compiling tracing-log v0.2.0
   Compiling thread_local v1.1.10
   Compiling hex v0.4.3
   Compiling anstyle-query v1.1.5
   Compiling colorchoice v1.0.5
   Compiling nu-ansi-term v0.50.3
   Compiling anstyle v1.0.14
   Compiling is_terminal_polyfill v1.70.2
   Compiling anstream v1.0.0
   Compiling tracing-subscriber v0.3.23
   Compiling sqlx-core v0.8.6
   Compiling tokio-tungstenite v0.29.0
   Compiling libsqlite3-sys v0.30.1
   Compiling tower v0.5.3
   Compiling num-iter v0.1.46
   Compiling prefix-trie v0.8.4
   Compiling hashbrown v0.16.1
   Compiling encoding_rs v0.8.35
   Compiling clap_lex v1.1.0
   Compiling strsim v0.11.1
   Compiling clap_builder v4.6.0
   Compiling hickory-proto v0.26.1
   Compiling num-bigint-dig v0.8.6
   Compiling md-5 v0.11.0
   Compiling sha2 v0.11.0
   Compiling futures v0.3.32
   Compiling pkcs1 v0.7.5
   Compiling http v0.2.12
   Compiling md-5 v0.10.6
   Compiling ff v0.13.1
   Compiling tagptr v0.2.0
   Compiling base16ct v0.2.0
   Compiling whoami v1.6.1
   Compiling sec1 v0.7.3
   Compiling moka v0.12.15
   Compiling group v0.13.0
   Compiling clap v4.6.1
   Compiling rsa v0.9.10
   Compiling hickory-net v0.26.1
   Compiling rusticata-macros v4.1.0
   Compiling flume v0.11.1
   Compiling crypto-bigint v0.5.5
   Compiling inout v0.1.4
   Compiling compression-core v0.4.32
   Compiling resolv-conf v0.7.6
   Compiling home v0.5.12
   Compiling hickory-resolver v0.26.1
   Compiling sqlx-postgres v0.8.6
   Compiling elliptic-curve v0.13.8
   Compiling compression-codecs v0.4.38
   Compiling asn1-rs v0.7.2
   Compiling cipher v0.4.4
   Compiling sqlx-sqlite v0.8.6
   Compiling sqlx-mysql v0.8.6
   Compiling multer v3.1.0
   Compiling hashlink v0.11.1
   Compiling axum-core v0.5.6
   Compiling hmac v0.13.0
   Compiling rustls-platform-verifier v0.7.0
   Compiling inout v0.2.2
   Compiling ordered-float v4.6.0
   Compiling universal-hash v0.5.1
   Compiling serde_path_to_error v0.1.20
   Compiling opaque-debug v0.3.1
   Compiling winnow v1.0.4
   Compiling matchit v0.8.4
   Compiling axum v0.8.9
   Compiling toml_parser v1.1.2+spec-1.1.0
   Compiling polyval v0.6.2
   Compiling sea-query v0.32.7
   Compiling pin-project v1.1.13
   Compiling cipher v0.5.2
   Compiling hyper-rustls v0.27.9
   Compiling sqlx-core v0.9.0
   Compiling sqlx v0.8.6
   Compiling derive_builder v0.20.2
   Compiling prost v0.14.4
   Compiling async-compression v0.4.42
   Compiling http-body v0.4.6
   Compiling h2 v0.3.27
   Compiling hyper-timeout v0.5.2
   Compiling regex v1.13.0
   Compiling anyhow v1.0.103
   Compiling sha1 v0.11.0
   Compiling fdeflate v0.3.7
   Compiling rfc6979 v0.4.0
   Compiling yasna v0.6.0
   Compiling pem v3.0.6
   Compiling serde_spanned v1.1.1
   Compiling toml_datetime v1.1.1+spec-1.1.0
   Compiling socket2 v0.5.10
   Compiling toml_writer v1.1.1+spec-1.1.0
   Compiling pxfm v0.1.30
   Compiling wildmatch v1.1.0
   Compiling unicase v2.9.0
   Compiling hashbrown v0.14.5
   Compiling xml-rs v0.8.28
   Compiling moxcms v0.8.1
   Compiling xmltree v0.10.3
   Compiling dashmap v6.2.1
   Compiling mime_guess v2.0.5
   Compiling attohttpc v0.16.3
   Compiling hyper v0.14.32
   Compiling neli v0.7.4
   Compiling rcgen v0.14.8
   Compiling ecdsa v0.16.9
   Compiling png v0.18.1
   Compiling tonic v0.14.6
   Compiling sea-query-binder v0.7.0
   Compiling ghash v0.5.1
   Compiling oid-registry v0.8.1
   Compiling aes v0.8.4
   Compiling ctr v0.9.2
   Compiling der-parser v10.0.0
   Compiling primeorder v0.13.6
   Compiling rapidhash v4.5.1
   Compiling hash32 v0.2.1
   Compiling raw-cpuid v11.6.0
   Compiling aead v0.5.2
   Compiling if-addrs v0.14.0
   Compiling siphasher v1.0.3
   Compiling twox-hash v2.1.2
   Compiling bytemuck v1.25.1
   Compiling linked-hash-map v0.5.6
   Compiling base64 v0.21.7
   Compiling cpubits v0.1.1
   Compiling byteorder-lite v0.1.0
   Compiling aliasable v0.1.3
   Compiling static_assertions v1.1.0
   Compiling ouroboros v0.18.5
   Compiling quanta v0.12.6
   Compiling image v0.25.10
   Compiling aes v0.9.1
   Compiling hdrhistogram v7.5.4
   Compiling lru-cache v0.1.2
   Compiling phf_shared v0.12.1
   Compiling async-stream v0.3.6
   Compiling aes-gcm v0.10.3
   Compiling heapless v0.7.17
   Compiling metrics v0.24.6
   Compiling p256 v0.13.2
   Compiling x509-parser v0.18.1
   Compiling tonic-prost v0.14.6
   Compiling crc32c v0.6.8
   Compiling local-ip-address v0.6.13
   Compiling igd v0.12.1
   Compiling derive_more v2.1.1
   Compiling toml v1.1.2+spec-1.1.0
   Compiling g729-sys v0.1.2
   Compiling tower-http v0.6.11
   Compiling prost-types v0.14.4
   Compiling ctr v0.10.1
   Compiling hkdf v0.13.0
   Compiling rand_xoshiro v0.7.0
   Compiling flume v0.12.0
   Compiling left-right v0.11.7
   Compiling cobs v0.3.0
   Compiling sketches-ddsketch v0.3.1
   Compiling humantime v2.4.0
   Compiling hashbag v0.1.13
   Compiling whoami v2.1.2
   Compiling linux-raw-sys v0.12.1
   Compiling glob v0.3.3
   Compiling strum v0.26.3
   Compiling same-file v1.0.6
   Compiling opus-rs v0.1.23
   Compiling oncemutex v0.1.1
   Compiling qrcodegen v1.8.0
   Compiling spin v0.10.1
   Compiling regex-syntax v0.6.29
   Compiling regex-cache v0.2.1
   Compiling audio-codec v0.3.40
   Compiling crc-fast v1.10.0
   Compiling qrcodegen-image v1.5.2
   Compiling walkdir v2.5.0
   Compiling sea-orm-cli v1.1.20
   Compiling sea-orm v1.1.20
   Compiling rustix v1.1.4
   Compiling sqlx-postgres v0.9.0
   Compiling evmap v11.0.0
   Compiling metrics-util v0.20.4
   Compiling postcard v1.1.3
   Compiling sqlx-sqlite v0.9.0
   Compiling strum v0.27.2
   Compiling sea-schema v0.16.2
   Compiling rustrtc v0.3.90 (/build/rustrtc)
   Compiling console-api v0.9.0
   Compiling reqwest v0.13.4
   Compiling nix v0.31.3
   Compiling minimp3-sys v0.6.0
   Compiling fs-err v3.3.1
   Compiling ahash v0.8.12
   Compiling phf v0.12.1
   Compiling lz4_flex v0.13.1
   Compiling rsipstack v0.5.18
   Compiling sqlx-mysql v0.9.0
   Compiling arc-swap v1.9.2
   Compiling rustpbx v0.4.11 (/build/rustpbx)
   Compiling password-hash v0.5.0
   Compiling itertools v0.15.0
   Compiling lru v0.18.1
   Compiling blake2 v0.10.6
   Compiling quick-xml v0.40.1
   Compiling quick-xml v0.41.0
   Compiling csv-core v0.1.13
   Compiling slice-ring-buffer v0.3.4
   Compiling memmap2 v0.9.11
   Compiling memo-map v0.3.3
   Compiling hound v3.5.1
   Compiling constant_time_eq v0.3.1
   Compiling urlencoding v2.1.3
   Compiling symlink v0.1.0
   Compiling base32 v0.5.1
   Compiling http-range-header v0.4.2
   Compiling fastrand v2.4.1
   Compiling link-section v0.19.0
   Compiling linktime-proc-macro v0.2.0
   Compiling tempfile v3.27.0
   Compiling ctor v1.0.8
   Compiling tower-http v0.7.0
   Compiling totp-rs v5.7.2
   Compiling tracing-appender v0.2.5
   Compiling sipbot v0.2.41
   Compiling minijinja v2.21.0
   Compiling flowdb v0.7.8
   Compiling minimp3 v0.6.1
   Compiling csv v1.4.0
   Compiling object_store v0.14.0
   Compiling phonenumber v0.3.10+9.0.33
   Compiling argon2 v0.5.3
   Compiling sqlx v0.9.0
   Compiling axum-server v0.8.0
   Compiling chrono-tz v0.10.4
   Compiling serde_with v3.21.0
   Compiling console-subscriber v0.5.0
   Compiling sea-orm-migration v1.1.20
   Compiling metrics-exporter-prometheus v0.18.3
   Compiling ruzstd v0.8.3
   Compiling rsipstack v0.5.18 (/build/rsipstack)
   Compiling instant-acme v0.8.5
   Compiling toml_edit v0.25.12+spec-1.1.0
   Compiling portpicker v0.1.1
   Compiling converact-component-hook v0.1.0 (/build/rustpbx/vendor/converact-component-hook)
    Finished `test` profile [unoptimized + debuginfo] target(s) in 10m 42s
     Running unittests src/lib.rs (target/debug/deps/rustpbx-67b3b4c321993ea8)

running 2023 tests
test addons::archive::tests::archive_config_path_uses_main_config_directory ... ok
test addons::archive::tests::load_config_falls_back_to_archive_table_in_main_config ... ok
test addons::archive::tests::load_config_reads_archive_toml_next_to_main_config ... ok
test addons::export_reload::tests::test_empty_registry_returns_empty_lists ... ok
test addons::export_reload::tests::test_invoke_selected_returns_matching_only ... ok
test addons::export_reload::tests::test_register_and_list ... ok
test addons::export_reload::tests::test_register_same_id_twice ... ok
test addons::observability::tests::test_addon_category_is_community ... ok
test addons::observability::tests::test_addon_cost_is_free ... ok
test addons::observability::tests::test_addon_id ... ok
test addons::observability::tests::test_addon_name_and_description_nonempty ... ok
test addons::observability::tests::test_auth_missing_header_when_token_required ... ok
test addons::observability::tests::test_auth_empty_bearer_rejected ... ok
test addons::observability::tests::test_auth_valid_bearer_passes ... ok
test addons::observability::tests::test_auth_no_token_configured_allows_all ... ok
test addons::observability::tests::test_auth_wrong_bearer_rejected ... ok
test addons::observability::tests::test_hook_outbound_unanswered_ok ... ok
test addons::observability::tests::test_hook_inbound_answered_ok ... ok
test addons::observability::tests::test_hook_result_failed_on_5xx ... ok
test addons::observability::tests::test_hook_result_redirect_on_3xx ... ok
test addons::observability::tests::test_hook_zero_duration_does_not_panic ... ok
test addons::observability::tests::test_hook_result_rejected_on_4xx ... ok
test addons::observability::tests::test_install_recorder_idempotent ... ok
test auth::jwt_validator::tests::test_expired_jwt ... ok
test auth::jwt_validator::tests::test_issuer_validation ... ok
test auth::jwt_validator::tests::test_missing_claim ... ok
test auth::jwt_validator::tests::test_numeric_user_id ... ok
test auth::jwt_validator::tests::test_tampered_signature ... ok
test auth::jwt_validator::tests::test_valid_jwt ... ok
test auth::phone_auth::tests::generate_token_evicts_expired_entries_for_other_agents ... ok
test auth::phone_auth::tests::generate_token_replaces_existing_for_same_agent ... ok
test addons::queue::tests::tests::test_export_queues ... ok
test call::adapters::console_adapter::tests::test_accept_conversion_maps_to_caller_leg ... ok
test call::adapters::console_adapter::tests::test_hangup_conversion ... ok
test call::adapters::console_adapter::tests::test_hold_unhold_conversion ... ok
test call::adapters::console_adapter::tests::test_mute_conversion ... ok
test call::adapters::console_adapter::tests::test_play_both_legs_conversion ... ok
test call::adapters::console_adapter::tests::test_play_file_conversion ... ok
test call::adapters::console_adapter::tests::test_play_with_leg_id ... ok
test call::adapters::console_adapter::tests::test_recording_conversion ... ok
test call::adapters::console_adapter::tests::test_send_dtmf_conversion ... ok
test call::adapters::console_adapter::tests::test_stop_playback_conversion ... ok
test call::adapters::console_adapter::tests::test_stop_playback_with_leg_conversion ... ok
test call::adapters::console_adapter::tests::test_transfer_attended_conversion ... ok
test call::adapters::console_adapter::tests::test_transfer_conversion ... ok
test call::adapters::postgres_sip_effect::tests::admission_limits_reject_zero_and_unbounded_configuration ... ok
test call::adapters::postgres_sip_effect::tests::database_clock_receives_only_a_bounded_audit_duration ... ok
test call::adapters::postgres_sip_effect::tests::ledger_reader_accepts_exact_v1_and_v2_schema_identities_only ... ok
test call::adapters::postgres_sip_effect::tests::postgres_atomic_prepare_and_transport_completion_survive_replay_and_reconnect ... ignored, requires an isolated migrated PostgreSQL database
test call::adapters::postgres_sip_effect::tests::postgres_atomically_derives_one_non_2xx_ack_from_its_parent_effect ... ignored, requires an isolated migrated PostgreSQL database
test call::adapters::postgres_sip_effect::tests::postgres_prepare_and_terminal_receipts_use_database_clock_under_host_skew ... ignored, requires an isolated migrated PostgreSQL database
test call::adapters::postgres_sip_effect::tests::postgres_prepare_replay_and_query_survive_pool_recreation ... ignored, requires an isolated migrated PostgreSQL database
test call::adapters::postgres_sip_effect::tests::postgres_receipt_transition_is_atomic_replayable_and_recoverable ... ignored, requires an isolated migrated PostgreSQL database
test call::adapters::postgres_sip_effect::tests::postgres_repair_batch_exhausts_after_eight_bounded_attempts ... ignored, requires an isolated migrated PostgreSQL database
test call::adapters::postgres_sip_effect::tests::postgres_unknown_claim_is_fenced_and_reconciles_after_pool_recovery ... ignored, requires an isolated migrated PostgreSQL database
test call::adapters::postgres_sip_effect::tests::admission_bounds_active_and_queued_database_work ... ok
test call::adapters::postgres_sip_effect::tests::repair_batch_is_bounded_and_uses_skip_locked_candidates ... ok
test call::adapters::postgres_sip_effect::tests::repair_claim_lease_is_millisecond_exact_and_bounded ... ok
test call::adapters::postgres_sip_effect::tests::queued_database_work_times_out_without_growing_backlog ... ok
test call::adapters::postgres_sip_effect::tests::store_deadline_cancels_network_or_commit_stalls_end_to_end ... ok
test call::adapters::rsipstack_sip_effect_gate::tests::cancelled_observation_persist_retains_the_armed_work_for_retry ... ok
test call::adapters::rsipstack_sip_effect_gate::tests::ambiguous_send_attempt_commit_is_consumed_and_never_blindly_retried ... ok
test call::adapters::rsipstack_sip_effect_gate::tests::closed_observer_fails_new_prepare_before_store_work ... ok
test call::adapters::rsipstack_sip_effect_gate::tests::completion_scope_mismatch_quarantines_without_fabricating_a_terminal_receipt ... ok
test call::adapters::rsipstack_sip_effect_gate::tests::committed_transport_completion_replays_after_acknowledgement_loss ... ok
test call::adapters::rsipstack_sip_effect_gate::tests::derived_ack_rejects_a_mismatched_peer_trigger_before_child_prepare ... ok
test call::adapters::rsipstack_sip_effect_gate::tests::derived_ack_waits_for_reconciliation_when_parent_transport_is_unknown ... ok
test call::adapters::rsipstack_sip_effect_gate::tests::dropped_observer_retains_in_flight_work_for_an_explicit_restart ... ok
test call::adapters::rsipstack_sip_effect_gate::tests::derived_ack_replay_never_issues_a_second_wire_permit ... ok
test call::adapters::rsipstack_sip_effect_gate::tests::duplicate_protocol_callback_cannot_create_a_second_receipt ... ok
test call::adapters::rsipstack_sip_effect_gate::tests::exact_registered_wire_is_durable_before_permit_and_observed_after_send ... ok
test call::adapters::rsipstack_sip_effect_gate::tests::failed_observation_ack_retries_the_same_work_without_reordering ... ok
test call::adapters::rsipstack_sip_effect_gate::tests::intent_capacity_and_lease_cleanup_are_bounded ... ok
test call::adapters::rsipstack_sip_effect_gate::tests::invalid_runtime_bounds_and_reserved_wire_facts_fail_closed ... ok
test call::adapters::rsipstack_sip_effect_gate::tests::missing_or_wrong_semantic_intent_fails_before_store_work ... ok
test call::adapters::rsipstack_sip_effect_gate::tests::observation_capacity_is_exactly_partitioned_across_fixed_workers ... ok
test call::adapters::rsipstack_sip_effect_gate::tests::observer_restart_uses_one_atomic_lifecycle_claim ... ok
test call::adapters::rsipstack_sip_effect_gate::tests::peer_derived_cancel_ok_capability_cannot_issue_a_second_permit ... ok
test call::adapters::rsipstack_sip_effect_gate::tests::peer_derived_cancel_ok_consumes_one_pre_registered_capability ... ok
test call::adapters::rsipstack_sip_effect_gate::tests::non_2xx_ack_is_atomically_derived_from_the_parent_invite_permit ... ok
test call::adapters::rsipstack_sip_effect_gate::tests::peer_derived_commit_ack_loss_consumes_capability_and_requires_reconciliation ... ok
test call::adapters::rsipstack_sip_effect_gate::tests::peer_derived_cancel_ok_rejects_mismatched_response_before_store ... ok
test call::adapters::rsipstack_sip_effect_gate::tests::permanent_observation_error_quarantines_without_hot_loop_and_preserves_fifo ... ok
test call::adapters::rsipstack_sip_effect_gate::tests::protocol_capacity_is_independent_from_the_transport_callback_window ... ok
test call::adapters::rsipstack_sip_effect_gate::tests::protocol_unknown_is_persisted_after_transport_acceptance ... ok
test call::adapters::rsipstack_sip_effect_gate::tests::queued_full_record_keeps_transport_capacity_until_durable_persist ... ok
test call::adapters::rsipstack_sip_effect_gate::tests::replayed_send_attempt_never_issues_a_second_permit ... ok
test call::adapters::rsipstack_sip_effect_gate::tests::reserved_queue_never_drops_transport_observations ... ok
test call::adapters::rsipstack_sip_effect_gate::tests::reserved_queue_preserves_transport_before_protocol_observation ... ok
test call::adapters::rsipstack_sip_effect_gate::tests::transport_terminal_scope_reaches_durable_terminal_without_peer_claim ... ok
test call::adapters::rsipstack_sip_effect_gate::tests::uas_core_ack_completion_resolves_the_deferred_2xx_permit ... ok
test call::adapters::rwi_adapter::tests::test_answer_conversion ... ok
test call::adapters::rwi_adapter::tests::test_bridge_conversion ... ok
test call::adapters::rwi_adapter::tests::test_conference_info_conversion ... ok
test call::adapters::rwi_adapter::tests::test_conference_kick_conversion ... ok
test call::adapters::rwi_adapter::tests::test_conference_list_conversion ... ok
test call::adapters::rwi_adapter::tests::test_conference_mute_all_conversion ... ok
test call::adapters::rwi_adapter::tests::test_hangup_conversion ... ok
test call::adapters::rwi_adapter::tests::test_hold_conversion ... ok
test call::adapters::rsipstack_sip_effect_gate::tests::unknown_transport_result_is_persisted_with_bounded_repair_delay ... ok
test call::adapters::rwi_adapter::tests::test_supervisor_listen_conversion ... ok
test call::adapters::rwi_adapter::tests::test_unsupported_command ... ok
test call::adapters::session_action_bridge::tests::test_hangup_to_session_action ... ok
test call::adapters::session_action_bridge::tests::test_play_to_session_action ... ok
test call::adapters::session_action_bridge::tests::test_hold_to_session_action ... ok
test call::adapters::session_action_bridge::tests::test_unsupported_command ... ok
test call::app::agent_registry::db::tests::test_agent_registry_basic ... ok
test call::app::agent_registry::http::tests::test_parse_agent_from_json ... ok
test call::app::agent_registry::memory::tests::test_memory_registry_lifecycle ... ok
test call::app::agent_registry::memory::tests::test_memory_registry_routing ... ok
test call::app::app_context::tests::test_call_info_serialization ... ok
test call::app::app_context::tests::test_routed_headers_override_originals_in_call_info ... ok
test call::app::agent_registry::http::tests::test_http_registry_creation ... ok
test call::app::app_context::tests::test_session_vars ... ok
test call::app::app_context::tests::test_shared_state_default ... ok
test call::app::app_test::tests::test_basic_lifecycle ... ok
test call::app::app_test::tests::test_cancel_exits_cleanly ... ok
test call::app::app_test::tests::test_cancel_interrupts_inflight_on_enter ... ok
test call::app::app_test::tests::test_chain ... ok
test call::app::app_test::tests::test_cancel_timeout_suppresses_fire ... ok
test call::app::app_test::tests::test_collect_dtmf_exits_on_remote_hangup ... ok
test call::app::app_test::tests::test_collect_dtmf_plays_prompt_then_collects ... ok
test call::app::app_test::tests::test_collect_dtmf_inter_digit_timeout ... ok
test call::app::app_test::tests::test_collect_dtmf_terminator_stops_collection ... ok
test call::app::app_test::tests::test_dtmf_hangup_digit ... ok
test call::app::app_test::tests::test_remote_hangup_exits_loop ... ok
test call::app::app_test::tests::test_dtmf_ignored_digit ... ok
test call::app::app_test::tests::test_transfer_sends_transfer_target ... ok
test call::app::controller::tests::controller_event_mailbox_rejects_full_and_closed_without_waiting ... ok
test call::app::controller::tests::test_stop_recording_handles_hangup ... ok
test call::app::controller::tests::test_stop_recording_ignores_other_events ... ok
test call::app::controller::tests::test_stop_recording_returns_recording_info ... ok
test call::app::controller::tests::timer_delivery_waits_for_bounded_mailbox_capacity ... ok
test call::app::ivr::common::tests::test_resolve_audio_path_file ... ok
test call::app::ivr::common::tests::test_resolve_audio_path_tts ... ok
test call::app::ivr::common::tests::test_substitute_vars ... ok
test call::app::ivr::common::tests::test_substitute_vars_empty_vars ... ok
test call::app::ivr::common::tests::test_substitute_vars_missing_keeps_placeholder ... ok
test call::app::app_test::tests::test_set_timeout_fires_on_timeout ... ok
test call::app::ivr::common::tests::test_substitute_vars_multiple ... ok
test call::app::ivr::config::tests::test_action_node_deserialize_prompt_chain ... ok
test call::app::ivr::config::tests::test_action_node_no_next ... ok
test call::app::ivr::config::tests::test_action_node_serialize_roundtrip ... ok
test call::app::ivr::config::tests::test_dtmf_menu_serialize ... ok
test call::app::ivr::config::tests::test_all_entry_action_types_parse ... ok
test call::app::ivr::config::tests::test_new_action_types_json ... ok
test call::app::ivr::config::tests::test_voip_bridge_serialize ... ok
test call::app::ivr::config::tests::test_parse_basic_ivr_toml ... ok
test call::app::ivr::executor::tests::test_cancel_during_provider_next_skips_session_end ... ok
test call::app::ivr::executor::tests::test_dtmf_accepted_after_menu_greeting ... ok
test call::app::ivr::executor::tests::test_dtmf_menu_with_local_entries ... ok
test call::app::ivr::executor::tests::test_early_dtmf_during_prompt_is_ignored ... ok
test call::app::ivr::executor::tests::test_error_action_returns_error ... ok
test call::app::ivr::executor::tests::test_early_dtmf_with_chained_next ... ok
test call::app::ivr::executor::tests::test_hangup_no_prompt ... ok
test call::app::ivr::executor::tests::test_http_provider_full_flow ... ok
test call::app::ivr::executor::tests::test_http_provider_dtmf_flow ... ok
test call::app::ivr::executor::tests::test_http_provider_provider_called_after_menu ... ok
test call::app::ivr::executor::tests::test_input_phone_forwards_to_provider ... ok
test call::app::ivr::executor::tests::test_interruptible_prompt_forwards_dtmf_to_provider ... ok
test call::app::ivr::executor::tests::test_jump_ivr ... ok
test call::app::ivr::executor::tests::test_local_menu_dtmf_trace_trigger ... ok
test call::app::ivr::executor::tests::test_next_chain_skip ... ok
test call::app::ivr::executor::tests::test_non_matching_dtmf_during_menu_greeting_keeps_flow_alive ... ok
test call::app::ivr::executor::tests::test_non_matching_dtmf_in_menu_waiting_keeps_flow_alive ... ok
test call::app::ivr::executor::tests::test_prompt_then_provider ... ok
test call::app::ivr::executor::tests::test_prompt_then_transfer_via_next ... ok
test call::app::ivr::executor::tests::test_provider_driven_menu_dtmf_forwards_digit ... ok
test call::app::ivr::executor::tests::test_provider_driven_menu_dtmf_trace_trigger ... ok
test call::app::ivr::executor::tests::test_provider_driven_menu_timeout_forwards_to_provider ... ok
test call::app::ivr::executor::tests::test_python_provider_direct_http ... ok
test call::app::ivr::executor::tests::test_remote_hangup_skips_provider_session_end ... ok
test call::app::ivr::executor::tests::test_session_end_trace_skipped_on_remote_hangup ... ok
test call::app::ivr::executor::tests::test_startup_failure_sets_runtime_status ... ok
test call::app::ivr::executor::tests::test_torecord_recording_complete_forwards_to_provider ... ok
test call::app::ivr::executor::tests::test_trace_integration ... ok
test call::app::ivr::executor::tests::test_transfer ... ok
test call::app::ivr::executor::tests::test_voip_bridge ... ok
test call::app::ivr::provider::tests::test_end_reason_from_str_all_variants ... ok
test call::app::ivr::provider::tests::test_end_reason_from_str_unknown_falls_back_to_error ... ok
test call::app::ivr::provider::tests::test_end_reason_to_session_end_reason_error ... ok
test call::app::ivr::provider::tests::test_end_reason_to_session_end_reason_hangup ... ok
test call::app::ivr::provider::tests::test_end_reason_to_session_end_reason_ivr ... ok
test call::app::ivr::provider::tests::test_end_reason_to_session_end_reason_normal ... ok
test call::app::ivr::provider::tests::test_end_reason_to_session_end_reason_queue ... ok
test call::app::ivr::provider::tests::test_end_reason_to_session_end_reason_timeout ... ok
test call::app::ivr::provider::tests::test_end_reason_to_session_end_reason_transfer ... ok
test call::app::ivr::provider::tests::test_end_reason_to_session_end_reason_user_hangup ... ok
test call::app::ivr::provider::tests::test_session_end_reason_json_roundtrip ... ok
test call::app::ivr::provider::tests::test_session_end_reason_skips_none_detail ... ok
test call::app::ivr::provider::tests::test_session_end_tag_serializes_snake_case ... ok
test call::app::ivr::provider::tests::test_step_provider_endpoint_url_trims_whitespace_and_slash ... ok
test call::app::ivr::third_party::tests::test_build_linear_chain ... ok
test call::app::ivr::third_party::tests::test_convert_api_node ... ok
test call::app::ivr::third_party::tests::test_convert_menu_tts_node ... ok
test call::app::ivr::third_party::tests::test_convert_toagent_node ... ok
test call::app::ivr::third_party::tests::test_parse_toagent_nodevalue ... ok
test call::app::ivr::third_party::tests::test_parse_tree ... ok
test call::app::ivr::trace::tests::test_clear_session ... ok
test call::app::ivr::trace::tests::test_increment_steps ... ok
test call::app::ivr::trace::tests::test_max_entries ... ok
test call::app::ivr::trace::tests::test_record_and_query_entry ... ok
test call::app::ivr::trace::tests::test_record_and_query_session ... ok
test call::app::ivr::trace::tests::test_update_session_end ... ok
test call::app::ivr_test::tests::test_ivr_back_action_pops_one_level ... ok
test call::app::ivr_test::tests::test_ivr_back_at_root_is_noop ... ok
test call::app::ivr_test::tests::test_ivr_back_to_root ... ok
test call::app::ivr_test::tests::test_ivr_basic_enter ... ok
test call::app::ivr_test::tests::test_ivr_collect_extension_terminator ... ok
test call::app::ivr_test::tests::test_ivr_collect_extension_transfer ... ok
test call::app::ivr_test::tests::test_ivr_dtmf_transfer ... ok
test call::app::ivr_test::tests::test_ivr_e2e_dtmf_bargein_during_real_playback ... ok
test call::app::ivr_test::tests::test_ivr_e2e_hangup_with_real_goodbye ... ok
test call::app::ivr_test::tests::test_ivr_e2e_invalid_key_retry_real_playback ... ok
test call::app::ivr_test::tests::test_ivr_e2e_play_and_hangup_with_code_real ... ok
test call::app::ivr_test::tests::test_ivr_e2e_play_returns_to_menu_real ... ok
test call::app::ivr_test::tests::test_ivr_e2e_submenu_real_playback ... ok
test call::app::ivr_test::tests::test_ivr_e2e_timeout_max_retries_real ... ok
test call::app::ivr_test::tests::test_ivr_hangup_with_prompt ... ok
test call::app::ivr_test::tests::test_ivr_hangup_with_url_prompt ... ok
test call::app::ivr_test::tests::test_ivr_invalid_key ... ok
test call::app::ivr_test::tests::test_ivr_play_and_hangup_no_prompt ... ok
test call::app::ivr_test::tests::test_ivr_play_and_hangup_with_code ... ok
test call::app::ivr_test::tests::test_ivr_play_and_hangup_without_code ... ok
test call::app::ivr_test::tests::test_ivr_play_returns_to_menu ... ok
test call::app::ivr_test::tests::test_ivr_queue_action_default_no_return_to_ivr ... ok
test call::app::ivr_test::tests::test_ivr_queue_action_return_to_ivr_false ... ok
test call::app::ivr_test::tests::test_ivr_queue_action_sends_transfer_target ... ok
test call::app::ivr_test::tests::test_ivr_queue_action_with_return_to_ivr ... ok
test call::app::ivr_test::tests::test_ivr_real_file_playback_drives_audio_complete ... ok
test call::app::ivr_test::tests::test_ivr_remote_hangup ... ok
test call::app::ivr_test::tests::test_ivr_remote_hangup_during_collect_extension ... ok
test call::app::ivr_test::tests::test_ivr_repeat_action ... ok
test call::app::ivr_test::tests::test_ivr_submenu_navigation ... ok
test call::app::ivr_test::tests::test_ivr_submenu_timeout_transfer ... ok
test call::app::ivr_test::tests::test_ivr_timeout_and_max_retries ... ok
test call::app::ivr_test::tests::test_ivr_toml_parsing ... ok
test call::app::ivr_test::tests::test_ivr_url_greeting ... ok
test call::app::ivr_test::tests::test_ivr_voicemail_action_sends_transfer_target ... ok
test call::app::ivr_test::tests::test_ivr_webhook_collect_extension ... ok
test call::app::ivr_test::tests::test_ivr_webhook_error_fallback ... ok
test call::app::ivr_test::tests::test_ivr_webhook_get_method ... ok
test call::app::ivr_test::tests::test_ivr_webhook_hangup ... ok
test call::app::ivr_test::tests::test_ivr_webhook_hangup_with_prompt ... ok
test call::app::ivr_test::tests::test_ivr_webhook_menu ... ok
test call::app::ivr_test::tests::test_ivr_webhook_play ... ok
test call::app::ivr_test::tests::test_ivr_webhook_play_and_hangup ... ok
test call::app::ivr_test::tests::test_ivr_webhook_queue ... ok
test call::app::ivr_test::tests::test_ivr_webhook_repeat ... ok
test call::app::ivr_test::tests::test_ivr_webhook_transfer ... ok
test call::app::ivr_test::tests::test_ivr_webhook_voicemail ... ok
test call::app::ivr_test::tests::test_ivr_with_tts_greeting ... ok
test call::app::queue_test::tests::test_agent_ring_timeout ... ok
test call::app::queue_test::tests::test_autonomous_routing_all_agents_busy_plays_busy_prompt ... ok
test call::app::queue_test::tests::test_autonomous_routing_no_agents ... ok
test call::app::queue_test::tests::test_autonomous_routing_with_agent_registry ... ok
test call::app::queue_test::tests::test_callback_disabled_ignores_dtmf ... ok
test call::app::queue_test::tests::test_callback_dtmf_before_offer_time_ignored ... ok
test call::app::queue_test::tests::test_callback_dtmf_request ... ok
test call::app::queue_test::tests::test_callback_no_confirm_prompt_hangs_up_immediately ... ok
test call::app::queue_test::tests::test_callback_wrong_dtmf_key_ignored ... ok
test call::app::ivr::executor::tests::test_http_provider_remote_hangup_skips_end_webhook ... ok
test call::app::queue_test::tests::test_final_destination_prompt_no_agents_plays_prompt ... ok
test call::app::queue_test::tests::test_queue_agent_busy_retry ... ok
test call::app::queue_test::tests::test_queue_agent_connected_event ... ok
test call::app::queue_test::tests::test_queue_all_agents_busy_fallback ... ok
test call::app::queue_test::tests::test_queue_app_name ... ok
test call::app::queue_test::tests::test_queue_app_name_default ... ok
test call::app::queue_test::tests::test_queue_basic_enter ... ok
test call::app::queue_test::tests::test_queue_busy_prompt_agent_exhaustion ... ok
test call::app::queue_test::tests::test_queue_busy_prompt_all_agents_busy ... ok
test call::app::queue_test::tests::test_queue_busy_prompt_max_wait_timeout ... ok
test call::app::queue_test::tests::test_queue_complex_scenario ... ok
test call::app::queue_test::tests::test_queue_config_to_plan ... ok
test call::app::queue_test::tests::test_queue_hold_music_completes ... ok
test call::app::queue_test::tests::test_queue_no_agents_fallback ... ok
test call::app::queue_test::tests::test_queue_no_agents_no_fallback_returns_busy ... ok
test call::app::queue_test::tests::test_queue_no_answer_prompt_all_agents_noanswer ... ok
test call::app::queue_test::tests::test_queue_no_answer_prompt_fallback_to_busy_when_mixed ... ok
test call::app::queue_test::tests::test_queue_no_answer_prompt_ring_timeout ... ok
test call::app::queue_test::tests::test_queue_no_answer_prompt_without_config_fallsback_directly ... ok
test call::app::queue_test::tests::test_queue_no_hold_music ... ok
test call::app::queue_test::tests::test_queue_no_immediate_answer ... ok
test call::app::queue_test::tests::test_queue_no_prompts_transfers_directly ... ok
test call::app::queue_test::tests::test_queue_parallel_all_agents_busy_fallback ... ok
test call::app::queue_test::tests::test_queue_parallel_originate_all_cancel_rest ... ok
test call::app::queue_test::tests::test_queue_play_then_hangup_fallback ... ok
test call::app::queue_test::tests::test_queue_redirect_fallback ... ok
test call::app::queue_test::tests::test_queue_remote_hangup ... ok
test call::app::queue_test::tests::test_queue_to_queue_fallback ... ok
test call::app::queue_test::tests::test_queue_transfer_prompt ... ok
test call::app::queue_test::tests::test_queue_transfer_prompt_english ... ok
test call::app::queue_test::tests::test_skill_routing_no_agents_plays_busy_prompt ... ok
test call::domain::command::tests::call_command_conference_new_variants ... ok
test call::domain::command::tests::call_command_requires_media ... ok
test call::domain::command::tests::call_command_serialization_roundtrip ... ok
test call::domain::command::tests::call_command_signaling_only ... ok
test call::domain::command::tests::call_command_target_leg ... ok
test call::domain::foundation_identity::tests::canonical_derivation_matches_the_control_plane_vectors ... ok
test call::domain::foundation_identity::tests::canonical_parsers_reject_role_confusion_and_noncanonical_values ... ok
test call::domain::foundation_identity::tests::deserialization_cannot_bypass_identifier_validation ... ok
test call::domain::foundation_identity::tests::native_identity_keeps_business_and_provider_roles_distinct ... ok
test call::domain::foundation_identity::tests::native_identity_rejects_unattested_or_unfenced_projection_data ... ok
test call::domain::foundation_identity::tests::native_recovery_binding_preserves_ids_and_advances_owner_fences_once ... ok
test call::domain::foundation_identity::tests::native_recovery_binding_rejects_role_confusion_overflow_and_unknown_fields ... ok
test call::domain::foundation_identity::tests::standalone_native_identity_is_stable_and_never_reuses_the_sip_call_id ... ok
test call::domain::hangup::tests::hangup_command_all ... ok
test call::domain::hangup::tests::hangup_command_remote ... ok
test call::domain::hangup::tests::system_hangup_reason_display ... ok
test call::domain::leg::tests::leg_id_display ... ok
test call::domain::leg::tests::leg_state_transitions ... ok
test call::domain::native_call::tests::cancelling_then_observing_late_2xx_never_revives_the_leg ... ok
test call::domain::native_call::tests::directional_final_cancel_and_deferred_bye_races_are_explicit ... ok
test call::domain::native_call::tests::durable_fork_winner_cancels_siblings_and_late_non_winner_is_acked_then_ended ... ok
test call::domain::native_call::tests::held_transfer_abort_restores_held_state ... ok
test call::domain::native_call::tests::inbound_uas_and_outbound_uac_keep_ack_ownership_directional ... ok
test call::domain::native_call::tests::mailbox_and_timer_pressure_fail_closed_without_losing_existing_work ... ok
test call::domain::native_call::tests::protocol_dialog_history_and_global_ownership_are_bounded ... ok
test call::domain::native_call::tests::revision_overflow_and_invalid_bounds_never_partially_mutate ... ok
test call::domain::native_call::tests::stale_authority_and_dedupe_pressure_fail_without_mutation ... ok
test call::domain::native_call::tests::transfer_selection_and_negotiation_preserve_one_selected_leg ... ok
test call::domain::native_call::tests::transitions_are_fenced_and_identical_events_replay_without_mutation ... ok
test call::domain::policy::tests::media_source_file ... ok
test call::domain::policy::tests::ringback_policy_default ... ok
test call::domain::policy::tests::session_policy_consultation ... ok
test call::domain::policy::tests::session_policy_inbound_sip ... ok
test call::domain::policy::tests::session_policy_rwi_originate ... ok
test call::domain::sip_effect::tests::bounded_ledger_and_retry_after_fail_closed ... ok
test call::domain::sip_effect::tests::conflicting_receipt_and_stale_revision_preserve_existing_state ... ok
test call::domain::sip_effect::tests::current_writer_is_v2_while_v1_remains_an_exact_drain_only_reader ... ok
test call::domain::sip_effect::tests::durable_effect_transitions_and_receipt_replay_are_fenced ... ok
test call::domain::sip_effect::tests::legacy_v1_wire_facts_are_read_exactly_but_never_written_as_v2 ... ok
test call::domain::sip_effect::tests::prepare_validates_wire_identity_and_replays_only_exact_input ... ok
test call::domain::sip_effect::tests::repair_exhaustion_hash_and_claim_token_bounds_are_exact ... ok
test call::domain::sip_effect::tests::semantic_receipts_never_promote_transport_acceptance_to_completion ... ok
test call::domain::sip_effect::tests::unknown_repair_attempts_stop_at_the_hard_ceiling ... ok
test call::domain::sip_effect::tests::unknown_requires_query_claim_and_a_higher_repair_epoch ... ok
test call::domain::state::tests::media_capability_from_path ... ok
test call::domain::state::tests::media_runtime_profile_anchored ... ok
test call::domain::state::tests::media_runtime_profile_bypass ... ok
test call::domain::transfer_event::tests::refer_notify_mailbox_rejects_full_and_closed_without_waiting ... ok
test call::domain::transfer_event::tests::subscriber_limit_is_independent_from_per_subscriber_queue_capacity ... ok
test call::policy::tests::test_check_policy_allows_when_no_limits ... ok
test call::policy::tests::test_check_policy_records_concurrency_hold ... ok
test call::policy::tests::test_check_policy_uses_policy_id_for_concurrency ... ok
test call::policy::tests::test_check_policy_uses_policy_id_for_daily_limit ... ok
test call::policy::tests::test_check_policy_uses_policy_id_for_frequency_limit ... ok
test call::queue_config::tests::test_convert_to_queue_plan ... ok
test call::queue_config::tests::test_parse_toml_parallel_queue ... ok
test call::queue_config::tests::test_parse_toml_sequential_queue ... ok
test call::queue_config::tests::test_roundtrip_toml ... ok
test call::queue_config::tests::test_validate_empty_agents ... ok
test call::queue_config::tests::test_validate_invalid_uri ... ok
test call::runtime::app_runtime::tests::app_descriptor_ivr ... ok
test call::runtime::app_runtime::tests::app_descriptor_signaling ... ok
test call::runtime::app_runtime::tests::app_descriptor_voicemail ... ok
test call::runtime::app_runtime::tests::app_status_display ... ok
test call::runtime::app_runtime::tests::capability_check_missing ... ok
test call::runtime::app_runtime::tests::capability_check_satisfied ... ok
test call::runtime::app_runtime_contract_tests::tests::adaptive_profile_starts_with_limited_capability ... ok
test call::runtime::app_runtime_contract_tests::tests::anchored_mode_supports_all_operations ... ok
test call::runtime::app_runtime_contract_tests::tests::anchored_profile_has_full_capability ... ok
test call::runtime::app_runtime_contract_tests::tests::app_status_display_values ... ok
test call::runtime::app_runtime_contract_tests::tests::app_status_idle_is_default ... ok
test call::runtime::app_runtime_contract_tests::tests::audio_complete_event_contract ... ok
test call::runtime::app_runtime_contract_tests::tests::bypass_mode_identifies_unsupported_operations ... ok
test call::runtime::app_runtime_contract_tests::tests::bypass_profile_has_signaling_only_capability ... ok
test call::runtime::app_runtime_contract_tests::tests::custom_event_contract ... ok
test call::runtime::app_runtime_contract_tests::tests::dtmf_event_parsing_contract ... ok
test call::runtime::app_runtime_contract_tests::tests::full_satisfies_all_requirements ... ok
test call::runtime::app_runtime_contract_tests::tests::hangup_event_contract ... ok
test call::runtime::app_runtime_contract_tests::tests::ivr_denied_in_bypass ... ok
test call::runtime::app_runtime_contract_tests::tests::ivr_requires_full_capability ... ok
test call::runtime::app_runtime_contract_tests::tests::ivr_works_in_anchored ... ok
test call::runtime::app_runtime_contract_tests::tests::limited_satisfies_limited_and_signaling ... ok
test call::runtime::app_runtime_contract_tests::tests::queue_requires_full_capability ... ok
test call::runtime::app_runtime_contract_tests::tests::recording_complete_event_contract ... ok
test call::runtime::app_runtime_contract_tests::tests::signaling_app_works_in_bypass ... ok
test call::runtime::app_runtime_contract_tests::tests::signaling_only_satisfies_only_signaling ... ok
test call::runtime::app_runtime_contract_tests::tests::timeout_event_contract ... ok
test call::runtime::app_runtime_contract_tests::tests::voicemail_requires_full_capability ... ok
test call::runtime::command_executor::tests::command_result_degraded ... ok
test call::runtime::command_executor::tests::command_result_failure ... ok
test call::runtime::command_executor::tests::command_result_success ... ok
test call::runtime::command_executor::tests::execution_context_media_check_play_bypass ... ok
test call::runtime::command_executor::tests::execution_context_media_check_record_anchored ... ok
test call::runtime::command_executor::tests::execution_context_media_check_record_bypass ... ok
test call::runtime::command_executor::tests::execution_context_media_check_signaling ... ok
test call::runtime::conference_manager::tests::test_add_remove_participant_with_audio ... ok
test call::runtime::conference_manager::tests::test_auto_destroy_on_all_leave ... ok
test call::runtime::conference_manager::tests::test_auto_destroy_on_last_participant ... ok
test call::runtime::conference_manager::tests::test_concurrent_participants ... ok
test call::runtime::conference_manager::tests::test_conference_manager_creation ... ok
test call::runtime::conference_manager::tests::test_conference_stats ... ok
test call::runtime::conference_manager::tests::test_conference_timeout_auto_destroy ... ok
test call::runtime::conference_manager::tests::test_create_destroy_conference ... ok
test call::runtime::conference_manager::tests::test_cross_conference_isolation ... ok
test call::runtime::conference_manager::tests::test_duplicate_participant ... ok
test call::runtime::conference_manager::tests::test_get_conference_for_leg ... ok
test call::runtime::conference_manager::tests::test_host_role_and_end_by_host ... ok
test call::runtime::conference_manager::tests::test_list_conferences ... ok
test call::runtime::conference_manager::tests::test_list_conferences_detail ... ok
test call::runtime::conference_manager::tests::test_max_participants_limit ... ok
test call::runtime::conference_manager::tests::test_mute_all_participants ... ok
test call::runtime::conference_manager::tests::test_mute_unmute ... ok
test call::runtime::conference_manager::tests::test_remove_leg_from_all ... ok
test call::runtime::conference_manager::tests::test_remove_leg_from_all_triggers_auto_destroy ... ok
test call::runtime::conference_media_bridge::tests::test_bridge_handle_stop ... ok
test call::runtime::conference_media_bridge::tests::test_conference_bridge_creation ... ok
test call::runtime::conference_media_bridge::tests::test_conference_bridge_handle_drop_cancels_tasks ... ok
test call::runtime::conference_media_bridge::tests::test_forward_loop_audio_encoding ... ok
test call::runtime::conference_media_bridge::tests::test_forward_loop_cancel_immediately ... ok
test call::runtime::conference_media_bridge::tests::test_forward_loop_g722_resamples_from_mixer_8khz ... ok
test call::runtime::conference_media_bridge::tests::test_forward_loop_g722_uses_encoder_sample_rate ... ok
test call::runtime::conference_media_bridge::tests::test_forward_loop_resampling ... ok
test call::runtime::conference_media_bridge::tests::test_forward_loop_sequence_increment ... ok
test call::runtime::conference_media_bridge::tests::test_full_duplex_bridge ... ok
test call::runtime::conference_media_bridge::tests::test_reverse_loop_passthrough_when_rate_matches ... ok
test call::runtime::conference_media_bridge::tests::test_reverse_loop_resamples_opus_48khz_to_mixer_8khz ... ok
test call::runtime::conference_media_bridge::tests::test_reverse_loop_sends_to_mixer ... ok
test call::runtime::conference_media_bridge::tests::test_session_conference_bridge_lifecycle ... ok
test call::runtime::conference_media_bridge::tests::test_session_conference_bridge_stop_on_replace ... ok
test call::runtime::conference_media_bridge::tests::test_start_bridge_requires_output_rx ... ok
test call::runtime::default_app_runtime::tests::test_parse_audio_complete_event ... ok
test call::runtime::default_app_runtime::tests::test_parse_custom_event ... ok
test call::runtime::default_app_runtime::tests::test_parse_dtmf_collected_event ... ok
test call::runtime::default_app_runtime::tests::test_parse_dtmf_event ... ok
test call::runtime::default_app_runtime::tests::test_parse_missing_type ... ok
test call::runtime::default_app_runtime::tests::test_parse_unknown_event ... ok
test call::runtime::integration_tests::tests::call_direction_conversion ... ok
test call::runtime::integration_tests::tests::call_status_conversion_to_legacy ... ok
test call::runtime::integration_tests::tests::registry_adapter_multiple_sessions ... ok
test call::runtime::integration_tests::tests::registry_adapter_remove ... ok
test call::runtime::integration_tests::tests::registry_adapter_update_entry ... ok
test call::runtime::integration_tests::tests::registry_adapter_wraps_active_proxy_call_registry ... ok
test call::runtime::integration_tests::tests::sip_session_bridge_command ... ok
test call::runtime::integration_tests::tests::sip_session_execute_command_updates_state ... ok
test call::runtime::integration_tests::tests::sip_session_handle_commands ... ok
test call::runtime::integration_tests::tests::sip_session_is_default ... ok
test call::runtime::integration_tests::tests::sip_session_media_command ... ok
test call::runtime::integration_tests::tests::sip_session_with_registry ... ok
test call::runtime::queue_manager::tests::test_dequeue_nonexistent_leg ... ok
test call::runtime::queue_manager::tests::test_enqueue_dequeue ... ok
test call::runtime::queue_manager::tests::test_get_position ... ok
test call::runtime::queue_manager::tests::test_priority_ordering ... ok
test call::runtime::queue_manager::tests::test_queue_stats ... ok
test call::runtime::registry_runtime::tests::active_call_view_creation ... ok
test call::runtime::registry_runtime::tests::call_direction_display ... ok
test call::runtime::registry_runtime::tests::call_status_display ... ok
test call::runtime::registry_runtime::tests::registry_adapter_with_registry ... ok
test call::runtime::session_runtime::tests::test_bridge_config ... ok
test call::runtime::session_runtime::tests::test_session_id_display ... ok
test call::tests::all_webrtc_targets_return_true ... ok
test call::tests::application_flow_returns_false ... ok
test call::tests::dialplan_voicemail_enabled_can_be_set ... ok
test call::tests::dialplan_voicemail_enabled_independent_of_call_forwarding ... ok
test call::tests::empty_targets_returns_false_for_all_webrtc ... ok
test call::tests::mixed_targets_return_false ... ok
test call::tests::new_dialplan_has_voicemail_enabled_false_by_default ... ok
test call::tests::queue_fallback_to_next_when_dial_strategy_is_empty ... ok
test call::tests::queue_with_empty_dial_strategy_and_empty_next_returns_false ... ok
test call::tests::queue_with_non_webrtc_targets_in_dial_strategy_returns_false ... ok
test call::tests::queue_with_webrtc_targets_in_dial_strategy_returns_true ... ok
test call::tests::single_non_webrtc_target_returns_false ... ok
test call::tests::single_webrtc_target_returns_true ... ok
test call::user::tests::merge_with_does_not_override_voicemail_disabled_when_true ... ok
test call::user::tests::merge_with_propagates_voicemail_disabled_when_not_yet_set ... ok
test call::user::tests::voicemail_disabled_can_be_set_true ... ok
test call::user::tests::voicemail_disabled_default_is_false ... ok
test callrecord::sipflow_upload::tests::test_hook_runs_inline ... ok
test callrecord::sipflow_upload::tests::test_sipflow_config_default_no_upload ... ok
test callrecord::sipflow_upload::tests::test_sipflow_remote_config_default_no_upload ... ok
test callrecord::sipflow_upload::tests::test_upload_config_parse_http ... ok
test callrecord::sipflow_upload::tests::test_upload_config_parse_remote_http ... ok
test callrecord::sipflow_upload::tests::test_upload_config_parse_s3 ... ok
test callrecord::sipflow_upload::tests::test_upload_config_signaling_default_none ... ok
test callrecord::sipflow_upload::tests::test_upload_config_signaling_enabled_http ... ok
test callrecord::sipflow_upload::tests::test_upload_config_signaling_enabled_s3 ... ok
test callrecord::sipflow_upload::tests::test_upload_config_signaling_remote_s3 ... ok
test callrecord::tests::sink_warning_claim_is_rate_limited ... ok
test callrecord::tests::test_builder_applies_bounded_call_record_channel_capacity ... ok
test callrecord::tests::test_builder_rejects_invalid_call_record_channel_capacity ... ok
test callrecord::tests::test_builder_with_explicit_noop_preserves_bounded_queue ... ok
test callrecord::tests::test_builder_without_callrecord_config_uses_noop_saver ... ok
test callrecord::tests::test_call_record_filename_sanitization ... ok
test callrecord::tests::test_database_saver_requires_database_url ... ok
test callrecord::tests::test_hangup_reason_abandoned_display ... ok
test callrecord::tests::test_hangup_reason_abandoned_distinct_from_canceled ... ok
test callrecord::tests::test_hangup_reason_abandoned_from_str ... ok
test callrecord::tests::test_hangup_reason_abandoned_roundtrip ... ok
test callrecord::tests::test_save_with_http_with_custom_headers ... ok
test callrecord::tests::test_save_with_http_with_media ... ok
test callrecord::tests::test_save_with_http_without_media ... ok
test callrecord::tests::test_save_with_s3_like_memory_store ... ok
test callrecord::tests::test_save_with_s3_like_with_custom_headers ... ok
test callrecord::tests::test_save_with_s3_like_with_media ... ok
test config::tests::callrecord_database_persistence_can_be_disabled ... ok
test config::tests::callrecord_database_persistence_defaults_to_enabled ... ok
test config::tests::callrecord_worker_threads_are_configurable ... ok
test config::tests::test_callrecord_max_concurrent_is_shared_config ... ok
test config::tests::test_config_clone_preserves_all_fields ... ok
test config::tests::test_rtp_config_uses_proxy_addr_for_bind_ip ... ok
test config::tests::test_select_realm ... ok
test config::tests::test_session_timer_mode_defaults_to_supported_when_enabled ... ok
test config::tests::test_session_timer_mode_uses_always_flag ... ok
test console::auth::tests::additional_users_allowed_when_enabled ... ok
test console::auth::tests::first_user_becomes_superuser_and_blocks_when_disabled ... ok
test console::auth::tests::registration_policy_allows_initial_user ... ok
test console::catalog::tests::test_scan_ivr_catalog_with_generated_file ... ok
test console::catalog::tests::test_scan_queue_catalog_with_multi_queue_file ... ok
test console::handlers::call_record::tests::build_record_payload_contains_basic_fields ... ok
test console::handlers::call_record::tests::build_record_payload_includes_outbound_trunk_metadata ... ok
test console::handlers::call_record::tests::delete_call_record_allowed_for_superuser ... ok
test console::handlers::call_record::tests::delete_call_record_denied_without_permission ... ok
test console::handlers::call_record::tests::extract_channel_extracts_left_channel ... ok
test console::handlers::call_record::tests::extract_channel_extracts_right_channel ... ok
test console::handlers::call_record::tests::extract_channel_output_is_valid_wav ... ok
test console::handlers::call_record::tests::extract_channel_rejects_mono_wav ... ok
test console::handlers::call_record::tests::extract_channel_rejects_nonexistent_file ... ok
test console::handlers::call_record::tests::load_filters_returns_defaults ... ok
test console::handlers::call_record::tests::parse_recording_stream_selector_accepts_aliases ... ok
test console::handlers::call_record::tests::parse_recording_stream_selector_defaults_to_a_leg ... ok
test console::handlers::call_record::tests::parse_recording_stream_selector_rejects_unknown_values ... ok
test console::handlers::call_record::tests::recording_payload_no_streams_for_external_url ... ok
test console::handlers::call_record::tests::recording_payload_returns_none_when_no_recording ... ok
test console::handlers::call_record::tests::recording_payload_supports_streams_for_local_file_path ... ok
test console::handlers::call_record::tests::recording_payload_supports_streams_with_inline_url ... ok
test console::handlers::diagnostics::tests::resolve_candidate_ips_accepts_bracketed_uri ... ok
test console::handlers::diagnostics::tests::resolve_candidate_ips_accepts_sip_uri ... ok
test console::handlers::diagnostics::tests::send_options_udp_marks_success ... ok
test console::handlers::extension::tests::create_extension_allowed_for_superuser ... ok
test console::handlers::extension::tests::create_extension_denied_without_permission ... ok
test console::handlers::extension::tests::csv_import_extensions_basic ... ok
test console::handlers::extension::tests::csv_import_extensions_duplicate ... ok
test console::handlers::extension::tests::csv_import_extensions_empty_extension ... ok
test console::handlers::extension::tests::csv_import_extensions_invalid_bool ... ok
test console::handlers::extension::tests::csv_import_extensions_with_departments ... ok
test console::handlers::extension::tests::delete_extension_denied_without_permission ... ok
test console::handlers::extension::tests::query_extensions_filters_by_department ... ok
test console::handlers::extension::tests::update_extension_denied_without_permission ... ok
test console::handlers::routing::tests::create_routing_allowed_for_superuser ... ok
test console::handlers::routing::tests::create_routing_denied_without_permission ... ok
test console::handlers::routing::tests::delete_routing_denied_without_permission ... ok
test console::handlers::routing::tests::forwarding_catalog_queue_has_reference ... ok
test console::handlers::routing::tests::route_document_roundtrip_through_metadata ... ok
test console::handlers::routing::tests::route_document_serialization_preserves_source_trunk_and_trunks ... ok
test console::handlers::routing::tests::update_routing_denied_without_permission ... ok
test console::handlers::setting::tests::assign_and_fetch_user_roles ... ok
test console::handlers::setting::tests::cannot_delete_system_role ... ok
test console::handlers::setting::tests::create_and_delete_custom_role ... ok
test console::handlers::setting::tests::follow_logs_keeps_position_when_truncated ... ok
test console::handlers::setting::tests::follow_logs_resets_on_rotation ... ok
test console::handlers::setting::tests::list_roles_returns_seeded_roles ... ok
test console::handlers::setting::tests::read_recent_log_lines_limits_tail ... ok
test console::handlers::sip_trunk::tests::create_sip_trunk_allowed_for_superuser ... ok
test console::handlers::sip_trunk::tests::create_sip_trunk_denied_without_permission ... ok
test console::handlers::sip_trunk::tests::delete_sip_trunk_denied_without_permission ... ok
test console::handlers::sip_trunk::tests::update_sip_trunk_denied_without_permission ... ok
test console::handlers::tests::pending_reloads_handler_false_initially ... ok
test console::handlers::tests::pending_reloads_handler_true_after_mark ... ok
test console::i18n::tests::detect_locale_defaults_when_unsupported ... ok
test console::i18n::tests::detect_locale_from_accept_language ... ok
test console::i18n::tests::detect_locale_from_cookie ... ok
test console::i18n::tests::fallback_to_default_locale ... ok
test console::i18n::tests::fallback_to_key_when_missing ... ok
test console::i18n::tests::get_translations_json_is_nested ... ok
test console::i18n::tests::lookup_existing_key ... ok
test console::i18n::tests::variable_interpolation ... ok
test console::middleware::tests::resolve_agent_id_returns_none_without_wholesale_feature ... ok
test console::middleware::tests::superuser_has_no_agent_id ... ok
test console::middleware::tests::user_without_agent_record_returns_none ... ok
test console::tests::base_path_and_api_prefix_work_correctly ... ok
test console::tests::build_current_user_ctx_contains_expected_fields ... ok
test console::tests::pending_reload_mark_and_clear ... ok
test console::tests::permission_cache_evicts_lru_entries_beyond_cap ... ok
test console::tests::permission_cache_is_populated ... ok
test console::tests::superuser_has_wildcard_permission ... ok
test console::tests::user_with_viewer_role_has_read_permissions ... ok
test console::tests::user_without_roles_has_no_permissions ... ok
test handler::ami::reload_addon_tests::build_local_reload_map_empty ... ok
test handler::ami::reload_addon_tests::build_local_reload_map_error_result ... ok
test handler::ami::reload_addon_tests::build_local_reload_map_multiple_addons ... ok
test handler::ami::reload_addon_tests::build_local_reload_map_ok_result ... ok
test handler::ami::reload_addon_tests::build_local_reload_map_reports_missing_handler ... ok
test handler::ami::reload_addon_tests::reload_addon_params_defaults_to_no_sync ... ok
test handler::ami::reload_addon_tests::reload_addon_params_parses_sync_cluster_false ... ok
test handler::ami::reload_addon_tests::reload_addon_params_parses_sync_cluster_true ... ok
test handler::middleware::ami_auth::tests::ami_config_allows_localhost_by_default ... ok
test handler::middleware::ami_auth::tests::ami_config_cidr_allows_matching_ipv4_network ... ok
test handler::middleware::ami_auth::tests::ami_config_cidr_allows_matching_ipv6_network ... ok
test handler::middleware::ami_auth::tests::ami_config_denies_remote_ip_by_default ... ok
test handler::middleware::ami_auth::tests::ami_config_empty_allows_list_denies_all ... ok
test handler::middleware::ami_auth::tests::ami_config_explicit_list_allows_only_listed ... ok
test handler::middleware::ami_auth::tests::ami_config_wildcard_allows_any_ip ... ok
test http_util::tests::keepalive_pool_retains_one_connection_per_cdr_save_slot ... ok
test http_util::tests::test_http_fetch_options_builder ... ok
test http_util::tests::test_http_fetch_options_default ... ok
test ivekit_audio_tap::tests::authorization_accepts_only_explicit_routed_header ... ok
test ivekit_audio_tap::tests::full_capture_queue_drops_without_waiting ... ok
test ivekit_audio_tap::tests::oversized_control_envelope_is_rejected ... ok
test ivekit_audio_tap::tests::pcm_envelope_is_bounded_and_self_describing ... ok
test ivekit_audio_tap::tests::pcmu_decoder_normalizes_to_pcm16_16khz ... ok
test ivekit_audio_tap::tests::stream_frame_prefix_is_big_endian_payload_length ... ok
test ivekit_dialog_shadow::tests::capsule_v1_rejects_an_explicit_null_native_call_binding ... ok
test ivekit_dialog_shadow::tests::capsule_v2_native_binding_must_match_aead_authority ... ok
test ivekit_dialog_shadow::tests::native_call_recovery_binding_hash_matches_typescript_golden_vector ... ok
test ivekit_dialog_shadow::tests::recovered_dialog_sides_are_strict_symmetric_and_media_aligned ... ok
test ivekit_dialog_shadow::tests::recovered_terminating_pair_is_finalization_only_and_keeps_recovery_capsules ... ok
test ivekit_dialog_shadow::tests::recovered_update_builds_one_pair_with_shared_takeover_identity ... ok
test ivekit_dialog_shadow::tests::relayed_headers_drop_dialog_transaction_and_authentication_identity ... ok
test ivekit_dialog_shadow::tests::resume_capsule_v1_cannot_grant_native_call_authority ... ok
test ivekit_dialog_shadow::tests::resume_capsule_v2_preserves_one_native_call_and_advances_takeover_fence ... ok
test ivekit_dual_leg_cdr::tests::bounded_spool_writer_persists_before_acknowledgement ... ok
test ivekit_dual_leg_cdr::tests::concurrent_spool_attempts_use_distinct_temporary_paths ... ok
test ivekit_dual_leg_cdr::tests::durable_receipt_must_match_the_configured_region ... ok
test ivekit_dual_leg_cdr::tests::payload_preserves_real_sip_call_id_and_absent_winning_branch ... ok
test ivekit_dual_leg_cdr::tests::permanent_failure_is_quarantined_without_blocking_the_spool ... ok
test ivekit_dual_leg_cdr::tests::production_cdr_requires_mtls_files ... ok
test ivekit_dual_leg_cdr::tests::projected_service_key_allows_group_read_but_rejects_group_write ... ok
test ivekit_dual_leg_cdr::tests::projected_service_key_symlink_must_resolve_inside_mount ... ok
test ivekit_dual_leg_cdr::tests::recovered_reservations_are_scoped_to_distinct_legs ... ok
test ivekit_dual_leg_cdr::tests::recovered_sequence_is_fenced_by_owner_epoch ... ok
test ivekit_dual_leg_cdr::tests::retry_schedule_is_persistent_and_per_record ... ok
test ivekit_dual_leg_cdr::tests::saturated_spool_writer_backpressure_does_not_block_os_threads ... ok
test ivekit_dual_leg_cdr::tests::spool_records_are_private_and_stale_temporary_files_are_removed ... ok
test ivekit_dual_leg_cdr::tests::spool_scanner_bounds_each_pass_and_eventually_visits_the_cycle ... ok
test ivekit_dual_leg_cdr::tests::spool_writer_retries_failed_batch_without_acknowledging_loss ... ok
test ivekit_dual_leg_cdr::tests::startup_recovers_t1_region_upload_claim_for_background_replay ... ok
test ivekit_dual_leg_cdr::tests::uploader_retries_configuration_and_transient_statuses_only ... ok
test ivekit_media_control::tests::cross_language_command_id_vector ... ok
test ivekit_media_control::tests::inflight_limit_rejects_before_transport ... ok
test ivekit_media_control::tests::malformed_rejection_is_not_projected_as_deterministic ... ok
test ivekit_media_control::tests::media_event_decoder_is_incremental_and_owner_bound ... ok
test ivekit_media_control::tests::media_event_decoder_rejects_invalid_protocol_and_unbounded_lines ... ok
test ivekit_media_control::tests::media_terminal_event_decoder_is_incremental_and_owner_bound ... ok
test ivekit_media_control::tests::media_terminal_event_decoder_rejects_variant_smuggling ... ok
test ivekit_media_control::tests::processing_ivr_payloads_are_strictly_validated ... ok
test ivekit_media_control::tests::production_rejects_plain_http ... ok
test ivekit_media_control::tests::response_limit_is_enforced_incrementally ... ok
test ivekit_media_control::tests::sequence_allocator_is_per_call_and_bounded ... ok
test ivekit_media_control::tests::traceparent_is_stable_per_call_and_bounded_by_sampling ... ok
test ivekit_media_lifecycle::tests::admission_binding_is_bounded_and_requires_owner_epoch ... ok
test ivekit_media_lifecycle::tests::branch_and_leg_limits_are_enforced ... ok
test ivekit_media_lifecycle::tests::cancel_before_offer_does_not_allocate_or_delete ... ok
test ivekit_media_lifecycle::tests::close_after_early_and_final_media_is_idempotent ... ok
test ivekit_media_lifecycle::tests::close_after_early_media_uses_both_dialog_tags ... ok
test ivekit_media_lifecycle::tests::close_reconciles_a_lost_offer_result_before_deleting_media ... ok
test ivekit_media_lifecycle::tests::delete_is_replayed_with_stable_identity_after_unknown ... ok
test ivekit_media_lifecycle::tests::dialog_branch_identity_is_stable_bounded_and_pii_free ... ok
test ivekit_media_lifecycle::tests::disabled_rwi_originate_media_preserves_logical_sdp ... ok
test ivekit_media_lifecycle::tests::early_and_final_answer_return_committed_effective_sdp ... ok
test ivekit_media_lifecycle::tests::execution_profile_keeps_non_relay_workloads_local ... ok
test ivekit_media_lifecycle::tests::fallback_policy_must_be_explicit ... ok
test ivekit_media_lifecycle::tests::mismatched_committed_snapshot_is_treated_as_unknown ... ok
test ivekit_media_lifecycle::tests::non_2xx_ack_does_not_allocate_media ... ok
test ivekit_media_lifecycle::tests::offer_early_and_final_answer_sequences_are_monotonic ... ok
test ivekit_media_lifecycle::tests::offerless_invite_waits_for_late_offer_without_allocating_media ... ok
test ivekit_media_lifecycle::tests::only_one_early_branch_can_win ... ok
test ivekit_media_lifecycle::tests::ordinary_relay_uses_effective_offer_before_outbound_invite ... ok
test ivekit_media_lifecycle::tests::processing_app_answer_commits_single_leg_without_remote_sdp ... ok
test ivekit_media_lifecycle::tests::processing_capacity_and_retryable_failures_require_sip_backoff ... ok
test ivekit_media_lifecycle::tests::processing_ivr_commands_are_owner_fenced_and_sequence_ordered ... ok
test ivekit_media_lifecycle::tests::processing_offer_contains_frozen_media_profile ... ok
test ivekit_media_lifecycle::tests::processing_playback_terminal_event_restores_application_track_id ... ok
test ivekit_media_lifecycle::tests::processing_profile_keeps_supported_ivr_on_external_media ... ok
test ivekit_media_lifecycle::tests::processing_session_routes_sip_info_digit_with_stable_event_identity ... ok
test ivekit_media_lifecycle::tests::processing_terminal_events_require_current_owner_and_media_reservation ... ok
test ivekit_media_lifecycle::tests::recovered_committed_media_resumes_after_takeover_sequence_one ... ok
test ivekit_media_lifecycle::tests::recovered_media_takeover_is_the_first_command_of_the_higher_epoch ... ok
test ivekit_media_lifecycle::tests::recovered_media_takeover_replays_the_exact_command_after_unknown ... ok
test ivekit_media_lifecycle::tests::recovered_media_takeover_resumes_after_a_lost_success_response ... ok
test ivekit_media_lifecycle::tests::runtime_mode_accepts_only_the_ordinary_relay_profile ... ok
test ivekit_media_lifecycle::tests::rwi_originate_media_prepare_is_fail_closed ... ok
test ivekit_media_lifecycle::tests::rwi_originate_processing_chain_uses_effective_sdp_and_closes ... ok
test ivekit_media_lifecycle::tests::sip_tags_follow_rfc_3261_token_grammar ... ok
test ivekit_media_lifecycle::tests::terminal_media_events_project_to_application_completion_events ... ok
test ivekit_media_lifecycle::tests::unknown_freezes_mutations_until_reconcile ... ok
test ivekit_media_lifecycle::tests::unresolved_media_takeover_freezes_without_deleting_the_session ... ok
test ivekit_owner::tests::component_node_identifier_remains_strict ... ok
test ivekit_owner::tests::owner_accepts_standard_sip_call_ids ... ok
test ivekit_owner::tests::owner_contract_rejects_partial_processing_profile ... ok
test ivekit_owner::tests::owner_contract_rejects_unknown_media_profile ... ok
test ivekit_owner::tests::owner_rejects_malformed_or_unsafe_sip_call_ids ... ok
test ivekit_owner::tests::processing_profile_requires_g711_opus_payloads_and_twenty_millisecond_ptime ... ok
test ivekit_recording::tests::spool_discards_empty_segment_created_after_rotation ... ok
test ivekit_recording::tests::spool_publishes_opaque_segment_manifest_and_durable_index ... ok
test media::audio_source::audio_source_predecode_tests::test_mix_stereo_to_mono_identity ... ok
test media::audio_source::audio_source_predecode_tests::test_mix_stereo_to_mono_two_channels ... ok
test media::audio_source::audio_source_predecode_tests::test_predecode_loop_reset ... ok
test media::audio_source::audio_source_predecode_tests::test_predecode_respects_channels ... ok
test media::audio_source::audio_source_predecode_tests::test_predecode_skip_large_file ... ok
test media::audio_source::audio_source_predecode_tests::test_predecode_small_wav ... ok
test media::audio_source::tests::test_audio_source_manager_completion_notify_on_exhaustion ... ok
test media::audio_source::tests::test_audio_source_manager_no_source_returns_silence ... ok
test media::audio_source::tests::test_audio_source_manager_silence ... ok
test media::audio_source::tests::test_estimate_duration_g722 ... ok
test media::audio_source::tests::test_estimate_duration_g729 ... ok
test media::audio_source::tests::test_estimate_duration_missing_file_returns_default ... ok
test media::audio_source::tests::test_estimate_duration_pcmu_raw ... ok
test media::audio_source::tests::test_estimate_duration_unknown_extension_uses_pcm_formula ... ok
test media::audio_source::tests::test_estimate_duration_wav_exact ... ok
test media::audio_source::tests::test_estimate_duration_wav_short ... ok
test media::audio_source::tests::test_resampling_downsample_44100_to_8000 ... ok
test media::audio_source::tests::test_resampling_same_rate_passthrough ... ok
test media::audio_source::tests::test_resampling_upsample_8000_to_16000 ... ok
test media::audio_source::tests::test_silence_source_fills_zeros ... ok
test media::audio_source::tests::test_silence_source_reset ... ok
test media::audio_source::tests::test_wav_file_source_eof_no_loop ... ok
test media::audio_source::tests::test_wav_file_source_loop ... ok
test media::audio_source::tests::test_wav_file_source_missing_file ... ok
test media::audio_source::tests::test_wav_file_source_reads_samples ... ok
test media::bridge::tests::full_audio_tap_queue_does_not_block_bridge_forwarding ... ok
test media::bridge::tests::recorder_capture_counts_samples_seen_before_recorder_start ... ok
test media::bridge::tests::recorder_capture_drain_waits_for_accepted_samples ... ok
test media::bridge::tests::test_bridge_as_webrtc_answerer ... ok
test media::bridge::tests::test_bridge_dtmf_mapping_rewrites_payload_type_and_clock_rate ... ok
test media::bridge::tests::test_bridge_dtmf_mapping_uses_shared_timing_when_available ... ok
test media::bridge::tests::test_bridge_e2e_rtp_to_webrtc_filters_g729_offer ... ok
test media::bridge::tests::test_bridge_e2e_webrtc_to_rtp_pcmu_only ... ok
test media::bridge::tests::test_bridge_file_output_polls_file_track_source ... ok
test media::bridge::tests::test_bridge_file_output_restores_peer_on_eof ... ok
test media::bridge::tests::test_bridge_file_output_restores_peer_on_eof_both_legs ... ok
test media::bridge::tests::test_bridge_file_output_sets_marker_on_first_frame ... ok
test media::bridge::tests::test_bridge_forwarding_passthrough_without_transcoder ... ok
test media::bridge::tests::test_bridge_peer_creation ... ok
test media::bridge::tests::test_bridge_rtp_side_respects_configured_audio_capabilities ... ok
test media::bridge::tests::test_bridge_sdp_format_differences ... ok
test media::bridge::tests::test_bridge_session_id_propagated_from_builder ... ok
test media::bridge::tests::test_bridge_set_transcoder ... ok
test media::bridge::tests::test_bridge_setup_with_external_tracks ... ok
test media::bridge::tests::test_bridge_transcoding_in_forwarding_loop ... ok
test media::bridge::tests::test_bridge_webrtc_side_respects_configured_audio_capabilities ... ok
test media::bridge::tests::test_bridge_with_custom_sender_codecs ... ok
test media::bridge::tests::test_full_rtp_to_webrtc_bridge_flow ... ok
test media::bridge::tests::test_full_webrtc_to_rtp_bridge_flow ... ok
test media::bridge::tests::test_p2p_webrtc_to_rtp_bridge ... ok
test media::bridge::tests::test_sip_to_sip_bridge_has_no_webrtc ... ok
test media::bridge::tests::test_transcoder_opus_to_g722 ... ok
test media::bridge::tests::test_transcoder_opus_to_pcmu ... ok
test media::bridge::tests::test_transcoder_opus_to_pcmu_roundtrip_quality ... ok
test media::bridge::tests::test_video_payload_map_matches_codec_identity_not_payload_number ... ok
test media::conference_mixer::tests::test_add_remove_participant ... ok
test media::conference_mixer::tests::test_audio_mixing ... ok
test media::conference_mixer::tests::test_audio_mixing_with_gains ... ok
test media::conference_mixer::tests::test_concurrent_audio_streams ... ok
test media::conference_mixer::tests::test_conference_mixer_creation ... ok
test media::conference_mixer::tests::test_mixer_drop_without_stop_aborts_task ... ok
test media::conference_mixer::tests::test_mute ... ok
test media::conference_mixer::tests::test_participant_join_mid_conference ... ok
test media::conference_mixer::tests::test_participant_leave_mid_conference ... ok
test media::conference_mixer::tests::test_route_gain_supervisor_listen ... ok
test media::conference_mixer::tests::test_route_gain_supervisor_whisper ... ok
test media::conference_mixer::tests::test_three_participant_conference ... ok
test media::engine::mcu_switch::tests::test_mcu_switch_idempotent_bridge ... ok
test media::engine::mcu_switch::tests::test_mcu_switch_lifecycle ... ok
test media::engine::mcu_switch::tests::test_media_mode_equality ... ok
test media::engine::tests::test_attach_detach_bridge ... ok
test media::engine::tests::test_bridge_legs_events ... ok
test media::engine::tests::test_command_name ... ok
test media::engine::tests::test_command_on_nonexistent_session ... ok
test media::engine::tests::test_delegated_command_events ... ok
test media::engine::tests::test_destroy_session_cleans_up_recorder ... ok
test media::engine::tests::test_engine_add_remove_leg ... ok
test media::engine::tests::test_engine_create_destroy_session ... ok
test media::engine::tests::test_inject_audio_both_stores_two_track_ids ... ok
test media::engine::tests::test_inject_audio_mute_peer ... ok
test media::engine::tests::test_inject_audio_produces_play_started ... ok
test media::engine::tests::test_inject_audio_to_single_leg ... ok
test media::engine::tests::test_media_event_session_id ... ok
test media::engine::tests::test_mute_unmute_leg_bridge_output_mode ... ok
test media::engine::tests::test_pause_recording_flag_visible_after_event ... ok
test media::engine::tests::test_play_event_session_id ... ok
test media::engine::tests::test_play_file_produces_play_started ... ok
test media::engine::tests::test_play_silence_no_event ... ok
test media::engine::tests::test_reaper_evicts_stale_session ... ok
test media::engine::tests::test_reaper_keeps_active_session ... ok
test media::engine::tests::test_recording_codec_fallback_pcmu ... ok
test media::engine::tests::test_recording_codec_from_leg_profile ... ok
test media::engine::tests::test_recording_double_start_fails ... ok
test media::engine::tests::test_recording_pause_resume ... ok
test media::engine::tests::test_recording_pending_start_rejects_duplicate ... ok
test media::engine::tests::test_recording_start_stop_with_reply ... ok
test media::engine::tests::test_recording_stop_does_not_block_engine_on_busy_recorder ... ok
test media::engine::tests::test_send_dtmf_no_bridge_is_noop ... ok
test media::engine::tests::test_send_dtmf_unknown_digit_error ... ok
test media::engine::tests::test_send_dtmf_with_bridge_injects_packets ... ok
test media::engine::tests::test_session_id_extraction ... ok
test media::engine::tests::test_stop_playback_after_inject_both_clears_all_tracks ... ok
test media::engine::tests::test_stop_playback_noop ... ok
test media::engine::transport::tests::test_resolve_audio_path_absolute ... ok
test media::engine::transport::tests::test_resolve_audio_path_http ... ok
test media::file_track_tests::test_audio_frame_timing_g722_splits_pcm_rate_from_rtp_clock ... ok
test media::file_track_tests::test_file_track_cancel_stops_rtp ... ok
test media::file_track_tests::test_file_track_completion_drives_audio_complete_event ... ok
test media::file_track_tests::test_file_track_creation ... ok
test media::file_track_tests::test_file_track_generates_sdp ... ok
test media::file_track_tests::test_file_track_looping_playback ... ok
test media::file_track_tests::test_file_track_missing_file_error ... ok
test media::file_track_tests::test_file_track_multiple_codecs ... ok
test media::file_track_tests::test_file_track_opus_codec_sdp ... ok
test media::file_track_tests::test_file_track_playback_completion ... ok
test media::file_track_tests::test_file_track_playback_completion_accurate ... ok
test media::file_track_tests::test_file_track_playback_starts ... ok
test media::file_track_tests::test_file_track_session_id ... ok
test media::file_track_tests::test_file_track_set_remote_description ... ok
test media::file_track_tests::test_file_track_start_playback_uses_codec_info_payload_type ... ok
test media::file_track_tests::test_file_track_stop_drives_interrupted_audio_complete ... ok
test media::file_track_tests::test_start_playback_on_external_pc_delivers_rtp ... ok
test media::file_track_tests::test_start_playback_on_none_backward_compatible ... ok
test media::forwarding_track::tests::audio_frame_transcoded_to_egress_pt ... ok
test media::forwarding_track::tests::audio_tap_full_channel_does_not_block_media ... ok
test media::forwarding_track::tests::both_recorder_and_sipflow_receive_sample ... ok
test media::forwarding_track::tests::dtmf_frame_bypasses_active_transcoder ... ok
test media::forwarding_track::tests::dtmf_frame_passed_through_when_egress_has_no_dtmf_capability ... ok
test media::forwarding_track::tests::dtmf_pt_remapped_to_egress_pt_when_pts_differ ... ok
test media::forwarding_track::tests::no_recorder_tx_is_noop ... ok
test media::forwarding_track::tests::recorder_full_channel_counts_drop_without_blocking ... ok
test media::forwarding_track::tests::sample_forwarded_to_recorder_channel ... ok
test media::forwarding_track::tests::sipflow_full_channel_does_not_block ... ok
test media::forwarding_track::tests::sipflow_tx_receives_sample ... ok
test media::media_engine_tests::media_engine_tests::bench_audio_mixer_4ch_20ms ... ok
test media::media_engine_tests::media_engine_tests::bench_dtmf_detection ... ok
test media::media_engine_tests::media_engine_tests::bench_engine_dispatch_throughput ... ok
test media::media_engine_tests::media_engine_tests::bench_engine_session_lifecycle ... ok
test media::media_engine_tests::media_engine_tests::bench_parking_lot_mutex_contention ... ok
test media::media_engine_tests::media_engine_tests::test_audio_mixer_different_length_frames ... ok
test media::media_engine_tests::media_engine_tests::test_audio_mixer_full_volume_no_clip ... ok
test media::media_engine_tests::media_engine_tests::test_audio_mixer_mismatched_gains_returns_empty ... ok
test media::media_engine_tests::media_engine_tests::test_audio_mixer_single_frame ... ok
test media::media_engine_tests::media_engine_tests::test_leg_id_creation ... ok
test media::media_engine_tests::media_engine_tests::test_leg_id_equality ... ok
test media::media_engine_tests::media_engine_tests::test_leg_id_from_str ... ok
test media::media_engine_tests::media_engine_tests::test_leg_id_from_string ... ok
test media::media_engine_tests::media_engine_tests::test_leg_id_hash ... ok
test media::media_engine_tests::media_engine_tests::test_leg_id_into_string ... ok
test media::media_engine_tests::media_engine_tests::test_leg_id_serde_roundtrip ... ok
test media::media_engine_tests::media_engine_tests::test_media_command_name ... ok
test media::media_engine_tests::media_engine_tests::test_media_command_session_id ... ok
test media::media_engine_tests::media_engine_tests::test_media_event_dtmf_collected_serde ... ok
test media::media_engine_tests::media_engine_tests::test_media_event_play_started_serde ... ok
test media::media_engine_tests::media_engine_tests::test_media_event_session_created_serde ... ok
test media::media_engine_tests::media_engine_tests::test_media_event_session_id_extraction ... ok
test media::media_engine_tests::media_engine_tests::test_track_map_insert_lookup ... ok
test media::media_engine_tests::media_engine_tests::test_track_map_remove ... ok
test media::media_track_tests::test_file_track_basic ... ok
test media::media_track_tests::test_file_track_handshake ... ok
test media::media_track_tests::test_file_track_rtp_mode ... ok
test media::media_track_tests::test_file_track_with_external_ip ... ok
test media::media_track_tests::test_media_track_codec_preference ... ok
test media::media_track_tests::test_media_track_get_peer_connection ... ok
test media::media_track_tests::test_media_track_handshake ... ok
test media::media_track_tests::test_media_track_multiple_operations ... ok
test media::media_track_tests::test_media_track_preserves_custom_dtmf_rtpmap ... ok
test media::media_track_tests::test_media_track_rtp_mode_basic ... ok
test media::media_track_tests::test_media_track_rtp_with_external_ip ... ok
test media::media_track_tests::test_media_track_stop ... ok
test media::media_track_tests::test_media_track_webrtc_mode_basic ... ok
test media::media_track_tests::test_pcmu_only_preference_excludes_wideband_codecs ... ok
test media::mixer::tests::test_audio_mixer_basic ... ok
test media::mixer::tests::test_audio_mixer_empty ... ok
test media::mixer::tests::test_audio_mixer_mix_frames_with_zero_gain ... ok
test media::mixer::tests::test_audio_mixer_mix_multiple_frames ... ok
test media::mixer::tests::test_audio_mixer_saturation_handling ... ok
test media::mixer::tests::test_audio_mixer_with_gain ... ok
test media::mixer_e2e_tests::mixer_e2e_tests::test_gain_application_in_mixer ... ok
test media::mixer_e2e_tests::mixer_e2e_tests::test_mixer_negative_samples ... ok
test media::mixer_e2e_tests::mixer_e2e_tests::test_mixer_saturation_at_boundary ... ok
test media::mixer_e2e_tests::mixer_e2e_tests::test_mixing_with_different_gains ... ok
test media::negotiate::tests::test_answer_codec_selection_respects_answerer_preference ... ok
test media::negotiate::tests::test_bridge_codecs_empty_allow_codecs_fallback ... ok
test media::negotiate::tests::test_bridge_codecs_ignores_unrecognized_rtpmap_entries ... ok
test media::negotiate::tests::test_bridge_codecs_keep_policy_codecs ... ok
test media::negotiate::tests::test_bridge_codecs_prefer_no_transcode_opus ... ok
test media::negotiate::tests::test_bridge_codecs_preserves_caller_dtmf_payload_types_and_rates ... ok
test media::negotiate::tests::test_bridge_codecs_preserves_caller_payload_type ... ok
test media::negotiate::tests::test_bridge_codecs_rtp_caller_webrtc_callee ... ok
test media::negotiate::tests::test_bridge_codecs_webrtc_caller_rtp_callee_pcmu_only ... ok
test media::negotiate::tests::test_build_callee_offer_g722_preserves_caller_pt ... ok
test media::negotiate::tests::test_build_callee_offer_g722_with_16k_rtpmap ... ok
test media::negotiate::tests::test_build_callee_offer_g729_preserves_caller_pt ... ok
test media::negotiate::tests::test_build_caller_answer_filters_g729_when_not_allowed ... ok
test media::negotiate::tests::test_callee_offer_appends_dtmf_in_final_audio_clock_order ... ok
test media::negotiate::tests::test_callee_offer_generates_dtmf_when_caller_omits_it ... ok
test media::negotiate::tests::test_callee_offer_includes_dtmf_when_allow_codecs_is_audio_only ... ok
test media::negotiate::tests::test_caller_answer_does_not_generate_missing_dtmf ... ok
test media::negotiate::tests::test_caller_answer_falls_back_to_offered_codec_for_transcoding ... ok
test media::negotiate::tests::test_caller_answer_filters_dtmf_by_final_audio_clock_rate ... ok
test media::negotiate::tests::test_caller_answer_includes_dtmf_when_allow_codecs_is_audio_only ... ok
test media::negotiate::tests::test_caller_answer_prefers_peer_answered_codec ... ok
test media::negotiate::tests::test_codec_info_to_audio_capability ... ok
test media::negotiate::tests::test_default_codecs ... ok
test media::negotiate::tests::test_extract_codec_params ... ok
test media::negotiate::tests::test_extract_codec_params_order_preference ... ok
test media::negotiate::tests::test_extract_codec_params_preserves_dtmf_offer_order ... ok
test media::negotiate::tests::test_extract_leg_profile_g722 ... ok
test media::negotiate::tests::test_extract_leg_profile_g729 ... ok
test media::negotiate::tests::test_g722_clock_rate_preserves_sdp_value ... ok
test media::negotiate::tests::test_negotiate_codec ... ok
test media::negotiate::tests::test_negotiate_codec_g722_selected_when_first_in_local ... ok
test media::negotiate::tests::test_negotiate_codec_g729_selected ... ok
test media::negotiate::tests::test_negotiate_codec_no_match ... ok
test media::negotiate::tests::test_offer_constrained_list_is_subset_in_preferred_order ... ok
test media::negotiate::tests::test_offer_constrained_list_uses_policy_order_without_peer_answer ... ok
test media::negotiate::tests::test_parse_dynamic_payload_type_fallback ... ok
test media::negotiate::tests::test_parse_dynamic_payload_type_fallback_111 ... ok
test media::negotiate::tests::test_parse_rtp_map ... ok
test media::negotiate::tests::test_parse_static_payload_types ... ok
test media::negotiate::tests::test_passthrough_offer_never_generates_missing_policy_codecs ... ok
test media::negotiate::tests::test_performance_strategy_keeps_only_caller_codecs ... ok
test media::negotiate::tests::test_policy_order_with_pcma_first_in_allow ... ok
test media::negotiate::tests::test_quality_strategy_appends_and_orders ... ok
test media::negotiate::tests::test_restrict_answer_preserves_rtp_video_attributes_for_rtp_caller ... ok
test media::negotiate::tests::test_restrict_sdp_to_reference_codecs_can_keep_transcoded_audio ... ok
test media::negotiate::tests::test_restrict_sdp_to_reference_codecs_preserves_caller_payload_types ... ok
test media::negotiate::tests::test_rewrite_sdp_codec_list_filters_and_preserves_connection ... ok
test media::negotiate::tests::test_rewrite_sdp_codec_list_uses_dtmf_clock_rate ... ok
test media::negotiate::tests::test_select_best_codec_g722_first_in_remote ... ok
test media::negotiate::tests::test_select_best_codec_g729_allowed ... ok
test media::negotiate::tests::test_select_best_codec_skips_telephone_event ... ok
test media::negotiate::tests::test_select_best_codec_with_preference ... ok
test media::negotiate::tests::test_webrtc_offer_filter_falls_back_when_policy_is_g729_only ... ok
test media::negotiate::tests::test_webrtc_offer_filter_removes_g729 ... ok
test media::recorder::tests::test_channel_selection_mono ... ok
test media::recorder::tests::test_channel_selection_stereo ... ok
test media::recorder::tests::test_interleave_pcmu ... ok
test media::recorder::tests::test_mix_pcmu_both_active ... ok
test media::recorder::tests::test_mix_pcmu_both_silent ... ok
test media::recorder::tests::test_mix_pcmu_one_silent ... ok
test media::recorder::tests::test_mix_prevents_clipping ... ok
test media::recorder_tests::recorder_advanced_tests::repro_recorder_inflates_duration_when_frame_bytes_exceed_rtp_span ... ok
test media::recorder_tests::recorder_advanced_tests::test_dtmf_generator_all_digits ... ok
test media::recorder_tests::recorder_advanced_tests::test_dtmf_generator_different_sample_rates ... ok
test media::recorder_tests::recorder_advanced_tests::test_dtmf_generator_duration_scaling ... ok
test media::recorder_tests::recorder_advanced_tests::test_dtmf_generator_extended_digits ... ok
test media::recorder_tests::recorder_advanced_tests::test_dtmf_generator_invalid_digit ... ok
test media::recorder_tests::recorder_advanced_tests::test_dtmf_recording ... ok
test media::recorder_tests::recorder_advanced_tests::test_dual_leg_recording_stereo ... ok
test media::recorder_tests::recorder_advanced_tests::test_dynamic_opus_payload_type_uses_codec_hint ... ok
test media::recorder_tests::recorder_advanced_tests::test_dynamic_opus_payload_type_uses_stored_leg_payloads ... ok
test media::recorder_tests::recorder_advanced_tests::test_opus_converts_to_pcmu ... ok
test media::recorder_tests::recorder_advanced_tests::test_recorder_alignment_with_gaps ... ok
test media::recorder_tests::recorder_advanced_tests::test_recorder_dtmf_all_digits ... ok
test media::recorder_tests::recorder_advanced_tests::test_recorder_dtmf_event_payload ... ok
test media::recorder_tests::recorder_advanced_tests::test_recorder_dtmf_ignores_duplicate_terminal_packets ... ok
test media::recorder_tests::recorder_advanced_tests::test_recorder_dtmf_invalid_payload ... ok
test media::recorder_tests::recorder_advanced_tests::test_recorder_dtmf_timestamp_uses_event_clock_rate ... ok
test media::recorder_tests::recorder_advanced_tests::test_recorder_dtmf_uses_event_clock_rate ... ok
test media::recorder_tests::recorder_advanced_tests::test_recorder_dual_leg_recording ... ok
test media::recorder_tests::recorder_advanced_tests::test_recorder_empty_finalize ... ok
test media::recorder_tests::recorder_advanced_tests::test_recorder_g729_stereo ... ok
test media::recorder_tests::recorder_advanced_tests::test_recorder_handles_183_early_media_then_200_ok_stream_switch ... ok
test media::recorder_tests::recorder_advanced_tests::test_recorder_high_sample_rate ... ok
test media::recorder_tests::recorder_advanced_tests::test_recorder_multiple_finalize ... ok
test media::recorder_tests::recorder_advanced_tests::test_recorder_nominal_pcmu_packet_size_matches_rtp_duration ... ok
test media::recorder_tests::recorder_advanced_tests::test_recorder_prefers_raw_rtp_payload_over_mutated_frame_data ... ok
test media::recorder_tests::recorder_advanced_tests::test_recorder_resets_timeline_on_rtp_stream_switch ... ok
test media::recorder_tests::recorder_advanced_tests::test_recorder_single_channel_recording ... ok
test media::recorder_tests::recorder_advanced_tests::test_recorder_transcoding ... ok
test media::recorder_tests::recorder_advanced_tests::test_recorder_uses_frame_clock_rate_for_timestamp_alignment ... ok
test media::recorder_tests::recorder_advanced_tests::test_recorder_wav_header_g722 ... ok
test media::recorder_tests::recorder_advanced_tests::test_recorder_wav_header_pcma ... ok
test media::recorder_tests::recorder_advanced_tests::test_recorder_wav_header_pcmu ... ok
test media::recorder_tests::recorder_advanced_tests::test_supported_codecs ... ok
test media::transcoder::tests::test_rewrite_dtmf_duration_48k_to_8k ... ok
test media::transcoder::tests::test_rewrite_dtmf_duration_8k_to_48k ... ok
test media::transcoder::tests::test_rewrite_dtmf_duration_identity ... ok
test media::transcoder::tests::test_rewrite_dtmf_duration_short_payload ... ok
test media::transcoder::tests::test_rtp_timing_cross_clock_rate_48k_to_8k ... ok
test media::transcoder::tests::test_rtp_timing_cross_clock_rate_8k_to_48k ... ok
test media::transcoder::tests::test_rtp_timing_monotonic_sequence ... ok
test media::transcoder::tests::test_rtp_timing_same_clock_rate ... ok
test media::transcoder::tests::test_transcoder_g722_to_pcmu ... ok
test media::transcoder::tests::test_transcoder_g729_to_pcmu ... ok
test media::transcoder::tests::test_transcoder_multiple_frames ... ok
test media::transcoder::tests::test_transcoder_pcma_to_pcmu ... ok
test media::transcoder::tests::test_transcoder_pcmu_to_g722 ... ok
test media::transcoder::tests::test_transcoder_pcmu_to_g729 ... ok
test media::transcoder::tests::test_transcoder_pcmu_to_opus ... ok
test media::transcoder::tests::test_transcoder_pcmu_to_pcma ... ok
test media::transcoder::tests::test_transcoder_preserves_timestamp ... ok
test media::transcoder::tests::test_transcoder_silence_pcmu_to_pcma_roundtrip ... ok
test media::transcoding_pipeline::tests::test_pcmu_roundtrip ... ok
test media::unified_pc_tests::test_audio_source_has_data ... ok
test media::unified_pc_tests::test_audio_source_manager_file_switching ... ok
test media::unified_pc_tests::test_resampling_audio_source_8k_to_16k ... ok
test media::unified_pc_tests::test_unified_pc_no_reinvite_needed ... ok
test media::wav_reader::tests::test_data_before_fmt ... ok
test media::wav_reader::tests::test_duration_pcm ... ok
test media::wav_reader::tests::test_duration_pcmu ... ok
test media::wav_reader::tests::test_empty_data ... ok
test media::wav_reader::tests::test_fmt_extra_bytes ... ok
test media::wav_reader::tests::test_g722_multiple_frames ... ok
test media::wav_reader::tests::test_g722_single_frame ... ok
test media::wav_reader::tests::test_g729_multiple_frames ... ok
test media::wav_reader::tests::test_g729_partial_frame_padded ... ok
test media::wav_reader::tests::test_g729_single_frame ... ok
test media::wav_reader::tests::test_ieee_float_32bit ... ok
test media::wav_reader::tests::test_ieee_float_64bit ... ok
test media::wav_reader::tests::test_into_inner ... ok
test media::wav_reader::tests::test_junk_chunk_skipped ... ok
test media::wav_reader::tests::test_list_and_fact_chunks ... ok
test media::wav_reader::tests::test_missing_riff_tag ... ok
test media::wav_reader::tests::test_missing_wave_tag ... ok
test media::wav_reader::tests::test_no_data_chunk ... ok
test media::wav_reader::tests::test_no_fmt_chunk ... ok
test media::wav_reader::tests::test_open_from_file ... ok
test media::wav_reader::tests::test_open_missing_file ... ok
test media::wav_reader::tests::test_partial_read ... ok
test media::wav_reader::tests::test_pcm_16bit_mono ... ok
test media::wav_reader::tests::test_pcm_16bit_stereo ... ok
test media::wav_reader::tests::test_pcm_24bit ... ok
test media::wav_reader::tests::test_pcm_32bit_roundtrip ... ok
test media::wav_reader::tests::test_pcm_8bit_roundtrip ... ok
test media::wav_reader::tests::test_pcma_large ... ok
test media::wav_reader::tests::test_pcma_wav_decode ... ok
test media::wav_reader::tests::test_pcmu_large ... ok
test media::wav_reader::tests::test_pcmu_wav_decode ... ok
test media::wav_reader::tests::test_roundtrip_pcma ... ok
test media::wav_reader::tests::test_roundtrip_pcmu ... ok
test media::wav_reader::tests::test_single_sample ... ok
test media::wav_reader::tests::test_wav_format_roundtrip_tag ... ok
test media::wav_reader::tests::test_wav_spec_byte_rate ... ok
test media::wav_reader::tests::test_wav_spec_format_tag ... ok
test media::wav_reader::tests::test_writer_create_file_roundtrip ... ok
test media::wav_reader::tests::test_writer_reader_roundtrip_mono ... ok
test media::wav_reader::tests::test_writer_reader_roundtrip_stereo ... ok
test metrics::tests::test_metrics_macros_compile ... ok
test models::call_record::tests::extract_sip_username_empty_and_whitespace ... ok
test models::call_record::tests::extract_sip_username_full_uri ... ok
test models::call_record::tests::extract_sip_username_plain_number ... ok
test models::call_record::tests::extract_sip_username_tel_uri ... ok
test models::call_record::tests::extract_sip_username_with_whitespace_trim ... ok
test models::extension::tests::extension_can_map_to_multiple_departments ... ok
test models::rbac::tests::admin_has_no_system_write ... ok
test models::rbac::tests::roles_are_seeded ... ok
test models::rbac::tests::roles_are_system ... ok
test models::rbac::tests::superadmin_has_ami_access ... ok
test models::rbac::tests::user_role_assignment ... ok
test models::rbac::tests::viewer_has_no_write_permissions ... ok
test models::routing::tests::selection_strategy_accepts_aliases ... ok
test models::routing::tests::selection_strategy_serializes_with_canonical_names ... ok
test proxy::acl::tests::runtime_trunk_index_matches_cidr_and_invite_prefix ... ok
test proxy::acl::tests::test_acl_rules ... ok
test proxy::acl::tests::test_default_rules ... ok
test proxy::acl::tests::test_dos_block_clears_after_window ... ok
test proxy::acl::tests::test_dos_concurrent_limit_and_release ... ok
test proxy::acl::tests::test_dos_cps_limit ... ok
test proxy::acl::tests::test_dos_independent_per_ip ... ok
test proxy::acl::tests::test_dos_scan_detection ... ok
test proxy::acl::tests::test_parse_network ... ok
test proxy::acl::tests::trunk_context_does_not_match_inbound_dest_only ... ok
test proxy::acl::tests::trunk_context_ignores_outbound_dest_same_ip ... ok
test proxy::active_call_registry::tests::admission_lease_owns_call_and_dialog_indexes_until_drop ... ok
test proxy::active_call_registry::tests::authoritative_identity_is_indexed_by_business_call_id ... ok
test proxy::active_call_registry::tests::authoritative_native_leg_direction_cannot_be_relabelled_by_compatibility_update ... ok
test proxy::active_call_registry::tests::authoritative_registration_composes_native_call_leg_and_dialog_authority ... ok
test proxy::active_call_registry::tests::authoritative_registration_rejects_provider_identity_confusion ... ok
test proxy::active_call_registry::tests::capacity_rejects_new_work_without_mutating_existing_call ... ok
test proxy::active_call_registry::tests::concurrent_capacity_admission_never_exceeds_the_hard_ceiling ... ok
test proxy::active_call_registry::tests::concurrent_same_call_leg_publication_and_close_leave_no_orphan_cell ... ok
test proxy::active_call_registry::tests::conflicting_native_call_authority_cannot_add_a_second_provider_leg ... ok
test proxy::active_call_registry::tests::dialog_history_is_deduplicated_and_bounded ... ok
test proxy::active_call_registry::tests::failed_dialog_admission_rolls_back_the_new_call_slot ... ok
test proxy::active_call_registry::tests::invalid_native_leg_direction_rolls_back_every_registry_index ... ok
test proxy::active_call_registry::tests::live_open_rolls_back_when_native_dialog_admission_fails ... ok
test proxy::active_call_registry::tests::live_standalone_registration_uses_native_identity_and_admission_authority ... ok
test proxy::active_call_registry::tests::native_authority_accepts_projection_revision_drift_but_rejects_owner_change ... ok
test proxy::active_call_registry::tests::native_dialog_capacity_failure_preserves_both_index_layers ... ok
test proxy::active_call_registry::tests::native_leg_capacity_failure_rolls_back_all_secondary_indexes ... ok
test proxy::active_call_registry::tests::new_call_admission_rejects_duplicate_provider_ids_without_replacing_the_handle ... ok
test proxy::active_call_registry::tests::one_business_call_indexes_multiple_provider_legs_and_removes_them_independently ... ok
test proxy::active_call_registry::tests::poisoned_native_call_isolated_from_other_call_authority ... ok
test proxy::active_call_registry::tests::test_multiple_sessions_independent ... ok
test proxy::active_call_registry::tests::test_remove_cleans_all_dialog_handles ... ok
test proxy::active_call_registry::tests::test_single_trunk_call_no_leak ... ok
test proxy::active_call_registry::tests::test_unregister_dialog_partial ... ok
test proxy::call::tests::default_resolve_always_forwarding_queue_missing_returns_480 ... ok
test proxy::call::tests::default_resolve_always_forwarding_uri_bypasses_offline_locator ... ok
test proxy::call::tests::default_resolve_application_carries_routed_headers ... ok
test proxy::call::tests::default_resolve_applies_source_trunk_codecs_from_trunk_context ... ok
test proxy::call::tests::default_resolve_does_not_set_marker_for_external_callee ... ok
test proxy::call::tests::default_resolve_does_not_set_marker_for_online_user ... ok
test proxy::call::tests::default_resolve_falls_through_external_callee_to_locs ... ok
test proxy::call::tests::default_resolve_partial_recording_policy_inherits_global_policy_fields ... ok
test proxy::call::tests::default_resolve_preserves_rewritten_route_uris_in_dialplan ... ok
test proxy::call::tests::default_resolve_recording_enable_hint_false_disables_global_policy ... ok
test proxy::call::tests::default_resolve_sets_offline_marker_for_empty_locator ... ok
test proxy::call::tests::default_resolve_uses_request_uri_for_same_realm_detection ... ok
test proxy::call::tests::default_resolve_wholesale_trunk_gets_marker_and_empty_targets ... ok
test proxy::call::tests::default_route_uses_acl_context_for_source_trunk ... ok
test proxy::call::tests::loop_guard_external_callee_falls_through_offline_flag_ignored ... ok
test proxy::call::tests::loop_guard_external_callee_falls_through_to_locs ... ok
test proxy::call::tests::loop_guard_same_realm_offline_returns_empty_targets ... ok
test proxy::call::tests::loop_guard_same_realm_online_user_passes ... ok
test proxy::call::tests::resolve_callee_uri_falls_back_to_to_header ... ok
test proxy::call::tests::resolve_callee_uri_prefers_request_uri ... ok
test proxy::call::tests::resolve_unhandled_targets_external_callee_retains_locs ... ok
test proxy::call::tests::resolve_unhandled_targets_same_realm_offline_returns_empty ... ok
test proxy::call::tests::test_build_dialplan_resolves_same_realm_target_destination ... ok
test proxy::call::tests::test_build_dialplan_skips_external_realm_targets ... ok
test proxy::call::tests::test_parse_refer_to_with_replaces ... ok
test proxy::call::tests::test_parse_refer_to_without_replaces ... ok
test proxy::call::tests::test_parse_replaces_header_basic ... ok
test proxy::call::tests::test_parse_replaces_header_missing ... ok
test proxy::capability_headers::tests::adds_allow_to_invite_requests ... ok
test proxy::capability_headers::tests::adds_allow_to_method_not_allowed_responses ... ok
test proxy::capability_headers::tests::adds_allow_to_successful_invite_responses ... ok
test proxy::capability_headers::tests::filters_non_call_methods_from_allow ... ok
test proxy::capability_headers::tests::skips_allow_for_non_invite_requests ... ok
test proxy::capability_headers::tests::skips_allow_for_non_invite_success_responses ... ok
test proxy::cluster_event::tests::test_agent_status_message_round_trip ... ok
test proxy::cluster_event::tests::test_agent_status_message_tagged_correctly ... ok
test proxy::cluster_event::tests::test_cluster_message_unknown_type_deserialize ... ok
test proxy::cluster_event::tests::test_event_source_local ... ok
test proxy::cluster_event::tests::test_event_source_local_clone ... ok
test proxy::cluster_event::tests::test_event_source_remote ... ok
test proxy::cluster_event::tests::test_handler_default_impls_compile ... ok
test proxy::cluster_event::tests::test_hub_local_does_not_double_update ... ok
test proxy::cluster_event::tests::test_hub_multiple_handlers ... ok
test proxy::cluster_event::tests::test_hub_notify_presence ... ok
test proxy::cluster_event::tests::test_hub_register_and_notify_locator ... ok
test proxy::cluster_event::tests::test_hub_remote_locator_updates_presence ... ok
test proxy::cluster_event::tests::test_hub_remote_presence_does_not_write_db ... ok
test proxy::cluster_event::tests::test_locator_event_full_round_trip ... ok
test proxy::cluster_event::tests::test_locator_event_offline_to_message ... ok
test proxy::cluster_event::tests::test_locator_event_to_message_registered ... ok
test proxy::cluster_event::tests::test_locator_event_to_message_unregistered ... ok
test proxy::cluster_event::tests::test_locator_message_empty_strings ... ok
test proxy::cluster_event::tests::test_locator_message_json_has_type_field ... ok
test proxy::cluster_event::tests::test_locator_message_round_trip_registered ... ok
test proxy::cluster_event::tests::test_locator_message_round_trip_unregistered ... ok
test proxy::cluster_event::tests::test_locator_message_to_event_invalid_aor ... ok
test proxy::cluster_event::tests::test_locator_message_to_event_invalid_event_type ... ok
test proxy::cluster_event::tests::test_locator_message_to_event_registered ... ok
test proxy::cluster_event::tests::test_locator_message_to_event_unregistered ... ok
test proxy::cluster_event::tests::test_offline_event_no_double_notification ... ok
test proxy::cluster_event::tests::test_presence_message_empty_status ... ok
test proxy::cluster_event::tests::test_presence_message_json_has_type_field ... ok
test proxy::cluster_event::tests::test_presence_message_round_trip_available ... ok
test proxy::cluster_event::tests::test_presence_message_round_trip_busy ... ok
test proxy::cluster_event::tests::test_presence_message_to_state_available_backcompat ... ok
test proxy::cluster_event::tests::test_presence_message_to_state_away ... ok
test proxy::cluster_event::tests::test_presence_message_to_state_busy ... ok
test proxy::cluster_event::tests::test_presence_message_to_state_custom_falls_to_away ... ok
test proxy::cluster_event::tests::test_presence_message_to_state_idle ... ok
test proxy::cluster_event::tests::test_presence_message_to_state_offline ... ok
test proxy::cluster_event::tests::test_presence_message_to_state_ringing_wrapup ... ok
test proxy::cluster_event::tests::test_presence_state_full_round_trip ... ok
test proxy::cluster_event::tests::test_presence_state_to_message ... ok
test proxy::cluster_event::tests::test_presence_state_to_message_busy ... ok
test proxy::cluster_event::tests::test_queue_event_assign_message ... ok
test proxy::cluster_event::tests::test_queue_event_message_round_trip ... ok
test proxy::data::tests::acl_module_presence_check ... ok
test proxy::data::tests::convert_trunk_merges_sbc_ringback ... ok
test proxy::data::tests::convert_trunk_no_ringback_without_sbc_metadata ... ok
test proxy::data::tests::route_metadata_sets_ivr_fields ... ok
test proxy::data::tests::route_metadata_sets_queue_fields ... ok
test proxy::data::tests::route_metadata_sets_voicemail_fields ... ok
test proxy::data::tests::sbc_config_extracts_ringback_from_metadata ... ok
test proxy::data::tests::sbc_config_ringback_absent_when_not_in_metadata ... ok
test proxy::data::tests::slugify_queue_name_strips_whitespace ... ok
test proxy::data::tests::trunk_with_inbound_hosts_detected ... ok
test proxy::dialog_auth_cache::tests::test_cache_hit ... ok
test proxy::dialog_auth_cache::tests::test_cache_lru_eviction ... ok
test proxy::dialog_auth_cache::tests::test_cache_miss_different_source ... ok
test proxy::dialog_auth_cache::tests::test_cache_miss_unknown_dialog ... ok
test proxy::dialog_auth_cache::tests::test_cache_remove ... ok
test proxy::dialog_auth_cache::tests::test_cache_ttl_expiration ... ok
test proxy::emergency::tests::test_emergency_disabled ... ok
test proxy::emergency::tests::test_emergency_matches_911 ... ok
test proxy::emergency::tests::test_emergency_no_config ... ok
test proxy::emergency::tests::test_emergency_no_match ... ok
test proxy::emergency::tests::test_emergency_not_invite ... ok
test proxy::locator::tests::dialog_target_locator_fallback_never_leaks_remote_destination ... ok
test proxy::locator::tests::dialog_target_locator_fallback_to_destination ... ok
test proxy::locator::tests::dialog_target_locator_keeps_contact_destination_for_non_registered_aor ... ok
test proxy::locator::tests::dialog_target_locator_routes_canonical_aor_via_home_proxy ... ok
test proxy::locator::tests::dialog_target_locator_routes_invalid_contact_via_remote_home_proxy ... ok
test proxy::locator::tests::dialog_target_locator_routes_local_registered_aor_to_destination ... ok
test proxy::locator::tests::dialog_target_locator_routes_registered_aor_via_home_proxy ... ok
test proxy::locator::tests::memory_locator_matches_localhost_alias ... ok
test proxy::locator::tests::memory_locator_orders_by_last_modified ... ok
test proxy::locator::tests::sort_locations_prefers_home_proxy_binding ... ok
test proxy::locator::tests::test_aor_like_pattern_format ... ok
test proxy::locator::tests::test_custom_realm_checker ... ok
test proxy::locator::tests::test_invalid_host_fallback_extracts_params ... ok
test proxy::locator::tests::test_invalid_host_fallback_matches_aor_ignores_params ... ok
test proxy::locator::tests::test_invalid_host_fallback_returns_none_for_no_user ... ok
test proxy::locator::tests::test_invalid_host_fallback_returns_none_for_non_invalid ... ok
test proxy::locator::tests::test_is_local_realm_logic ... ok
test proxy::locator::tests::test_is_location_expired ... ok
test proxy::locator::tests::test_is_webrtc_invalid_host ... ok
test proxy::locator::tests::test_is_within_unregister_grace ... ok
test proxy::locator::tests::test_lookup_with_invalid_host_but_registered_with_real_domain ... ok
test proxy::locator::tests::test_realm_matches_logic ... ok
test proxy::locator::tests::test_uri_matches_relaxed ... ok
test proxy::locator_db::tests::invalid_host_lookup_finds_binding_when_contact_user_differs_from_auth_username ... ok
test proxy::locator_db::tests::invalid_host_lookup_returns_empty_for_unknown_contact ... ok
test proxy::locator_db::tests::invalid_host_lookup_username_fallback_still_works ... ok
test proxy::locator_db::tests::invalid_host_lookup_with_ob_param_finds_exact_aor_without_ob ... ok
test proxy::locator_db::tests::register_prefers_destination_transport_for_websocket_connections ... ok
test proxy::nat::tests::test_nat_fix_rewritten_contact_should_not_duplicate_header_name ... ok
test proxy::number_pool::tests::usage_cache_is_bounded_and_increments ... ok
test proxy::pre_auth_registry::tests::lookup_and_remove_round_trip ... ok
test proxy::pre_auth_registry::tests::register_guard_cleans_up_on_drop ... ok
test proxy::pre_auth_registry::tests::register_replaces_existing_entry_for_same_addr ... ok
test proxy::pre_auth_registry::tests::ten_thousand_entries_have_constant_keyed_lookup ... ok
test proxy::presence::tests::test_locator_events ... ok
test proxy::presence::tests::test_presence_manager_state ... ok
test proxy::presence::tests::test_subscriber_management ... ok
test proxy::proxy_call::media_state::tests::test_anchored_mode_defaults_to_relay_only ... ok
test proxy::proxy_call::media_state::tests::test_bridge_playback_track_ids_tracks_both_legs_independently ... ok
test proxy::proxy_call::media_state::tests::test_needs_fast_path_downgrade_truth_table ... ok
test proxy::proxy_call::media_state::tests::test_only_forwarding_track_counts_as_slow_path ... ok
test proxy::proxy_call::media_state::tests::test_recording_phase_elapsed ... ok
test proxy::proxy_call::media_state::tests::test_recording_phase_idle_default ... ok
test proxy::proxy_call::media_state::tests::test_recording_phase_max_duration_not_expired ... ok
test proxy::proxy_call::media_state::tests::test_recording_phase_no_max_duration ... ok
test proxy::proxy_call::media_state::tests::test_recording_phase_paused ... ok
test proxy::proxy_call::media_state::tests::test_recording_phase_recording ... ok
test proxy::proxy_call::reporter::tests::missing_callee_terminal_data_stays_independent_from_the_caller ... ok
test proxy::proxy_call::reporter::tests::test_build_sip_leg_roles_uses_callee_call_ids ... ok
test proxy::proxy_call::reporter::tests::test_call_reporter_handles_closed_channel ... ok
test proxy::proxy_call::reporter::tests::test_resolve_user_info_mixed ... ok
test proxy::proxy_call::reporter::tests::test_resolve_user_info_normal ... ok
test proxy::proxy_call::reporter::tests::test_resolve_user_info_wholesale ... ok
test proxy::proxy_call::reporter::tests::test_resolve_user_info_with_empty_username ... ok
test proxy::proxy_call::reporter::tests::test_resolve_user_info_without_user ... ok
test proxy::proxy_call::session_registry::tests::test_add_remove_participant ... ok
test proxy::proxy_call::session_registry::tests::test_conference_mixer ... ok
test proxy::proxy_call::session_registry::tests::test_create_supervisor_mixer ... ok
test proxy::proxy_call::session_registry::tests::test_remove_mixer ... ok
test proxy::proxy_call::session_timer::session_timer_tests::tests::test_apply_refresh_response_disables_timer_without_session_expires ... ok
test proxy::proxy_call::session_timer::session_timer_tests::tests::test_apply_refresh_response_keeps_local_uac_without_session_expires_in_always_mode ... ok
test proxy::proxy_call::session_timer::session_timer_tests::tests::test_apply_refresh_response_keeps_local_uas_without_session_expires_in_always_mode ... ok
test proxy::proxy_call::session_timer::session_timer_tests::tests::test_apply_refresh_response_keeps_timer_active_with_session_expires ... ok
test proxy::proxy_call::session_timer::session_timer_tests::tests::test_build_default_session_timer_headers_include_supported_timer ... ok
test proxy::proxy_call::session_timer::session_timer_tests::tests::test_build_min_se_header ... ok
test proxy::proxy_call::session_timer::session_timer_tests::tests::test_build_session_expires_header ... ok
test proxy::proxy_call::session_timer::session_timer_tests::tests::test_build_session_timer_response_headers_do_not_require_timer_for_uac_refresher ... ok
test proxy::proxy_call::session_timer::session_timer_tests::tests::test_build_session_timer_response_headers_no_require_for_uas_refresher ... ok
test proxy::proxy_call::session_timer::session_timer_tests::tests::test_build_session_timer_response_headers_no_require_without_peer_support ... ok
test proxy::proxy_call::session_timer::session_timer_tests::tests::test_build_session_timer_response_headers_omit_min_se ... ok
test proxy::proxy_call::session_timer::session_timer_tests::tests::test_complete_refresh ... ok
test proxy::proxy_call::session_timer::session_timer_tests::tests::test_concurrent_timer_access ... ok
test proxy::proxy_call::session_timer::session_timer_tests::tests::test_deactivate ... ok
test proxy::proxy_call::session_timer::session_timer_tests::tests::test_expiration_time_when_active ... ok
test proxy::proxy_call::session_timer::session_timer_tests::tests::test_expiration_time_when_inactive ... ok
test proxy::proxy_call::session_timer::session_timer_tests::tests::test_fail_refresh ... ok
test proxy::proxy_call::session_timer::session_timer_tests::tests::test_full_refresh_cycle ... ok
test proxy::proxy_call::session_timer::session_timer_tests::tests::test_get_header_value_min_se ... ok
test proxy::proxy_call::session_timer::session_timer_tests::tests::test_get_header_value_not_found ... ok
test proxy::proxy_call::session_timer::session_timer_tests::tests::test_get_header_value_session_expires ... ok
test proxy::proxy_call::session_timer::session_timer_tests::tests::test_get_header_value_supported ... ok
test proxy::proxy_call::session_timer::session_timer_tests::tests::test_get_header_value_typed_min_se ... ok
test proxy::proxy_call::session_timer::session_timer_tests::tests::test_get_header_value_typed_session_expires ... ok
test proxy::proxy_call::session_timer::session_timer_tests::tests::test_get_min_se_value ... ok
test proxy::proxy_call::session_timer::session_timer_tests::tests::test_get_session_expires_value ... ok
test proxy::proxy_call::session_timer::session_timer_tests::tests::test_has_timer_support_no_supported_header ... ok
test proxy::proxy_call::session_timer::session_timer_tests::tests::test_has_timer_support_with_other_header ... ok
test proxy::proxy_call::session_timer::session_timer_tests::tests::test_has_timer_support_with_supported_header ... ok
test proxy::proxy_call::session_timer::session_timer_tests::tests::test_has_timer_support_without_timer ... ok
test proxy::proxy_call::session_timer::session_timer_tests::tests::test_is_expired_after_full_interval ... ok
test proxy::proxy_call::session_timer::session_timer_tests::tests::test_is_expired_at_interval ... ok
test proxy::proxy_call::session_timer::session_timer_tests::tests::test_is_expired_before_interval ... ok
test proxy::proxy_call::session_timer::session_timer_tests::tests::test_is_expired_when_inactive ... ok
test proxy::proxy_call::session_timer::session_timer_tests::tests::test_is_not_expired_before_full_interval ... ok
test proxy::proxy_call::session_timer::session_timer_tests::tests::test_is_not_expired_when_inactive ... ok
test proxy::proxy_call::session_timer::session_timer_tests::tests::test_is_timer_required_with_other_header ... ok
test proxy::proxy_call::session_timer::session_timer_tests::tests::test_is_timer_required_with_require_header ... ok
test proxy::proxy_call::session_timer::session_timer_tests::tests::test_is_timer_required_without_timer ... ok
test proxy::proxy_call::session_timer::session_timer_tests::tests::test_negotiate_session_interval_exact_min ... ok
test proxy::proxy_call::session_timer::session_timer_tests::tests::test_negotiate_session_interval_success ... ok
test proxy::proxy_call::session_timer::session_timer_tests::tests::test_negotiate_session_interval_too_small ... ok
test proxy::proxy_call::session_timer::session_timer_tests::tests::test_next_refresh_time_when_active ... ok
test proxy::proxy_call::session_timer::session_timer_tests::tests::test_next_refresh_time_when_inactive ... ok
test proxy::proxy_call::session_timer::session_timer_tests::tests::test_parse_min_se ... ok
test proxy::proxy_call::session_timer::session_timer_tests::tests::test_parse_min_se_invalid ... ok
test proxy::proxy_call::session_timer::session_timer_tests::tests::test_parse_session_expires_invalid ... ok
test proxy::proxy_call::session_timer::session_timer_tests::tests::test_parse_session_expires_with_refresher ... ok
test proxy::proxy_call::session_timer::session_timer_tests::tests::test_parse_session_expires_with_uas_refresher ... ok
test proxy::proxy_call::session_timer::session_timer_tests::tests::test_parse_session_expires_without_refresher ... ok
test proxy::proxy_call::session_timer::session_timer_tests::tests::test_refresh_failure_recovery ... ok
test proxy::proxy_call::session_timer::session_timer_tests::tests::test_remote_refresh_update ... ok
test proxy::proxy_call::session_timer::session_timer_tests::tests::test_require_timer ... ok
test proxy::proxy_call::session_timer::session_timer_tests::tests::test_reset ... ok
test proxy::proxy_call::session_timer::session_timer_tests::tests::test_rfc4028_refresh_at_half_interval ... ok
test proxy::proxy_call::session_timer::session_timer_tests::tests::test_rfc4028_session_expires_if_no_refresh ... ok
test proxy::proxy_call::session_timer::session_timer_tests::tests::test_select_client_timer_refresher_defaults_to_uac ... ok
test proxy::proxy_call::session_timer::session_timer_tests::tests::test_select_server_timer_refresher_defaults_to_uas_without_session_expires ... ok
test proxy::proxy_call::session_timer::session_timer_tests::tests::test_select_server_timer_refresher_defaults_to_uas_without_timer_support ... ok
test proxy::proxy_call::session_timer::session_timer_tests::tests::test_select_server_timer_refresher_uses_request_when_peer_supports_timer ... ok
test proxy::proxy_call::session_timer::session_timer_tests::tests::test_session_duration ... ok
test proxy::proxy_call::session_timer::session_timer_tests::tests::test_session_expires_various_intervals ... ok
test proxy::proxy_call::session_timer::session_timer_tests::tests::test_session_refresher_display ... ok
test proxy::proxy_call::session_timer::session_timer_tests::tests::test_session_refresher_from_str ... ok
test proxy::proxy_call::session_timer::session_timer_tests::tests::test_session_timer_expiration_logic ... ok
test proxy::proxy_call::session_timer::session_timer_tests::tests::test_session_timer_methods ... ok
test proxy::proxy_call::session_timer::session_timer_tests::tests::test_session_timer_refresh_logic ... ok
test proxy::proxy_call::session_timer::session_timer_tests::tests::test_session_timer_state_default ... ok
test proxy::proxy_call::session_timer::session_timer_tests::tests::test_session_timer_state_memory ... ok
test proxy::proxy_call::session_timer::session_timer_tests::tests::test_session_timer_state_new ... ok
test proxy::proxy_call::session_timer::session_timer_tests::tests::test_should_not_refresh_before_half_interval ... ok
test proxy::proxy_call::session_timer::session_timer_tests::tests::test_should_not_refresh_when_inactive ... ok
test proxy::proxy_call::session_timer::session_timer_tests::tests::test_should_not_refresh_when_refreshing_flag_is_set ... ok
test proxy::proxy_call::session_timer::session_timer_tests::tests::test_should_refresh_at_half_interval ... ok
test proxy::proxy_call::session_timer::session_timer_tests::tests::test_should_refresh_before_half_interval ... ok
test proxy::proxy_call::session_timer::session_timer_tests::tests::test_should_refresh_just_past_half_interval ... ok
test proxy::proxy_call::session_timer::session_timer_tests::tests::test_should_refresh_regardless_of_refresher_role ... ok
test proxy::proxy_call::session_timer::session_timer_tests::tests::test_should_refresh_when_disabled ... ok
test proxy::proxy_call::session_timer::session_timer_tests::tests::test_should_refresh_when_inactive ... ok
test proxy::proxy_call::session_timer::session_timer_tests::tests::test_should_refresh_when_refreshing ... ok
test proxy::proxy_call::session_timer::session_timer_tests::tests::test_should_refresh_with_uac_refresher ... ok
test proxy::proxy_call::session_timer::session_timer_tests::tests::test_should_refresh_with_uas_refresher ... ok
test proxy::proxy_call::session_timer::session_timer_tests::tests::test_start_refresh ... ok
test proxy::proxy_call::session_timer::session_timer_tests::tests::test_stats ... ok
test proxy::proxy_call::session_timer::session_timer_tests::tests::test_time_until_expiration ... ok
test proxy::proxy_call::session_timer::session_timer_tests::tests::test_time_until_expiration_when_expired ... ok
test proxy::proxy_call::session_timer::session_timer_tests::tests::test_time_until_refresh ... ok
test proxy::proxy_call::session_timer::session_timer_tests::tests::test_update_refresh ... ok
test proxy::proxy_call::session_timer::session_timer_tests::tests::test_update_refresh_sets_last_refresh_to_now ... ok
test proxy::proxy_call::sip_session::queue::tests::test_caller_headers_accessible ... ok
test proxy::proxy_call::sip_session::queue::tests::test_enricher_context_fields_available ... ok
test proxy::proxy_call::sip_session::queue::tests::test_enricher_trait_basic ... ok
test proxy::proxy_call::sip_session::tests::processing_pool_failures_never_fallback_to_local_media ... ok
test proxy::proxy_call::sip_session::tests::processing_single_leg_is_reserved_for_the_existing_ivr_application ... ok
test proxy::proxy_call::sip_session::tests::sip_info_dtmf_parser_accepts_one_digit_and_rejects_ambiguous_payloads ... ok
test proxy::proxy_call::sip_session::tests::test_apply_video_caps_from_source_keeps_source_order_with_target_payload_types ... ok
test proxy::proxy_call::sip_session::tests::test_build_telephone_event_payload_all_digits ... ok
test proxy::proxy_call::sip_session::tests::test_build_telephone_event_payload_digit_1 ... ok
test proxy::proxy_call::sip_session::tests::test_build_telephone_event_payload_digit_end_bit ... ok
test proxy::proxy_call::sip_session::tests::test_build_telephone_event_payload_duration_max ... ok
test proxy::proxy_call::sip_session::tests::test_build_telephone_event_payload_duration_zero ... ok
test proxy::proxy_call::sip_session::tests::test_build_telephone_event_payload_hash ... ok
test proxy::proxy_call::sip_session::tests::test_build_telephone_event_payload_invalid ... ok
test proxy::proxy_call::sip_session::tests::test_build_telephone_event_payload_star ... ok
test proxy::proxy_call::sip_session::tests::test_callee_event_channel_closed ... ok
test proxy::proxy_call::sip_session::tests::test_cancel_token_propagation ... ok
test proxy::proxy_call::sip_session::tests::test_filter_video_caps_case_insensitive_matching ... ok
test proxy::proxy_call::sip_session::tests::test_filter_video_caps_default_does_not_fallback_when_no_match ... ok
test proxy::proxy_call::sip_session::tests::test_filter_video_caps_default_keeps_h264_only ... ok
test proxy::proxy_call::sip_session::tests::test_filter_video_caps_empty_input ... ok
test proxy::proxy_call::sip_session::tests::test_filter_video_caps_explicit_allowlist ... ok
test proxy::proxy_call::sip_session::tests::test_filter_video_caps_fmtp_preserved ... ok
test proxy::proxy_call::sip_session::tests::test_filter_video_caps_multiple_h264_profiles_all_kept ... ok
test proxy::proxy_call::sip_session::tests::test_filter_video_caps_rtcp_fb_always_cleared ... ok
test proxy::proxy_call::sip_session::tests::test_get_local_reinvite_pc_uses_bridge_only_for_bridge_backed_leg ... ok
test proxy::proxy_call::sip_session::tests::test_handle_blind_transfer_queue_not_found ... ok
test proxy::proxy_call::sip_session::tests::test_handle_blind_transfer_queue_prefix ... ok
test proxy::proxy_call::sip_session::tests::test_handle_lifecycle ... ok
test proxy::proxy_call::sip_session::tests::test_handle_play_both_legs_creates_two_tracks ... ok
test call::app::queue_test::tests::test_cumulative_escalation_does_not_crash ... ok
test proxy::proxy_call::sip_session::tests::test_handle_reinvite_command ... ok
test proxy::proxy_call::sip_session::tests::test_handle_play_callee_uses_callee_codec_not_callers ... ok
test proxy::proxy_call::sip_session::tests::test_is_local_home_proxy_compares_addr_string_not_transport ... ok
test proxy::proxy_call::sip_session::tests::test_is_local_home_proxy_detects_matching_address ... ok
test proxy::proxy_call::sip_session::tests::test_is_local_home_proxy_detects_non_matching_address ... ok
test proxy::proxy_call::sip_session::tests::test_is_local_home_proxy_matches_any_local_address ... ok
test proxy::proxy_call::sip_session::tests::test_is_local_home_proxy_rejects_port_mismatch ... ok
test proxy::proxy_call::sip_session::tests::test_mute_track_command ... ok
test proxy::proxy_call::sip_session::tests::test_parse_defaults_to_file ... ok
test proxy::proxy_call::sip_session::tests::test_parse_file_source ... ok
test proxy::proxy_call::sip_session::tests::test_parse_files_source_uses_first_uri ... ok
test proxy::proxy_call::sip_session::tests::test_parse_silence_source ... ok
test proxy::proxy_call::sip_session::tests::test_parse_unknown_source_type ... ok
test proxy::proxy_call::sip_session::tests::test_parse_url_source ... ok
test proxy::proxy_call::sip_session::tests::test_init_callee_timer_disabled_without_session_expires ... ok
test proxy::proxy_call::sip_session::tests::test_prepare_app_caller_media_bridge_webrtc_caller_uses_webrtc_output_endpoint ... ok
test proxy::proxy_call::sip_session::tests::test_priority_dialplan_with_opus ... ok
test proxy::proxy_call::sip_session::tests::test_priority_falls_back_to_proxy_when_dialplan_empty ... ok
test proxy::proxy_call::sip_session::tests::test_priority_filters_invalid_codec_names ... ok
test proxy::proxy_call::sip_session::tests::test_priority_ignores_empty_proxy_config ... ok
test proxy::proxy_call::sip_session::tests::test_priority_returns_empty_when_no_sources ... ok
test proxy::proxy_call::sip_session::tests::test_priority_uses_dialplan_first ... ok
test proxy::proxy_call::sip_session::tests::test_queue_dequeue_command ... ok
test proxy::proxy_call::sip_session::tests::test_queue_enqueue_command ... ok
test proxy::proxy_call::sip_session::tests::test_reject_command ... ok
test proxy::proxy_call::sip_session::tests::test_resolve_outbound_callee_uri_falls_back_to_contact_when_no_registered_aor ... ok
test proxy::proxy_call::sip_session::tests::test_resolve_outbound_callee_uri_prefers_registered_aor_via_home_proxy ... ok
test proxy::proxy_call::sip_session::tests::test_resolve_outbound_callee_uri_uses_contact_when_not_via_home_proxy ... ok
test proxy::proxy_call::sip_session::tests::test_ring_command ... ok
test proxy::proxy_call::sip_session::tests::test_route_via_home_proxy_detects_remote_home_proxy ... ok
test proxy::proxy_call::sip_session::tests::test_route_via_home_proxy_does_not_add_self_referencing_record_route ... ok
test proxy::proxy_call::sip_session::tests::test_route_via_home_proxy_false_without_home_proxy ... ok
test proxy::proxy_call::sip_session::tests::test_route_via_home_proxy_ignores_local_home_proxy ... ok
test proxy::proxy_call::sip_session::tests::test_route_via_home_proxy_local_home_proxy_no_via_flag ... ok
test proxy::proxy_call::sip_session::tests::test_route_via_home_proxy_remote_home_proxy_sets_via_flag ... ok
test proxy::proxy_call::sip_session::tests::test_rtp_dtmf_detector_deduplicates_same_event ... ok
test proxy::proxy_call::sip_session::tests::test_rtp_dtmf_detector_extended_tone_recognition ... ok
test proxy::proxy_call::sip_session::tests::test_rtp_dtmf_detector_handles_short_payload ... ok
test proxy::proxy_call::sip_session::tests::test_rtp_dtmf_detector_maps_special_digits ... ok
test proxy::proxy_call::sip_session::tests::test_rtp_dtmf_detector_rapidly_repeated_digit ... ok
test proxy::proxy_call::sip_session::tests::test_rtp_dtmf_detector_receives_all_digits_0_to_9 ... ok
test proxy::proxy_call::sip_session::tests::test_rtp_dtmf_detector_sequence_of_different_digits ... ok
test proxy::proxy_call::sip_session::tests::test_sdp_transport_mode_classification ... ok
test proxy::proxy_call::sip_session::tests::test_send_dtmf_command ... ok
test proxy::proxy_call::sip_session::tests::test_session_drop_releases_resources ... ok
test proxy::proxy_call::sip_session::tests::test_sip_session_handle ... ok
test proxy::proxy_call::sip_session::tests::test_trunk_host_port_bare_host_only ... ok
test proxy::proxy_call::sip_session::tests::test_trunk_host_port_bare_host_port ... ok
test proxy::proxy_call::sip_session::tests::test_trunk_host_port_bare_ipv6 ... ok
test proxy::proxy_call::sip_session::tests::test_trunk_host_port_empty ... ok
test proxy::proxy_call::sip_session::tests::test_trunk_host_port_sip_uri_with_port ... ok
test proxy::proxy_call::sip_session::tests::test_trunk_host_port_sip_uri_with_user_and_port ... ok
test proxy::proxy_call::sip_session::tests::test_trunk_host_port_sip_uri_without_port ... ok
test proxy::proxy_call::sip_session::tests::test_unmute_track_command ... ok
test proxy::proxy_call::sip_session::tests::test_update_fallback_only_for_unsupported_methods ... ok
test proxy::proxy_call::sip_session::transfer::tests::test_dropped_sender_channel_returns_none_immediately ... ok
test proxy::proxy_call::sip_session::transfer::tests::test_live_sender_channel_can_deliver_state ... ok
test proxy::proxy_call::sip_session::transfer::tests::test_parse_transfer_target_bare_extension_gets_sip_prefix ... ok
test proxy::proxy_call::sip_session::transfer::tests::test_parse_transfer_target_empty_ivr_suffix_falls_through_to_sip ... ok
test proxy::proxy_call::sip_session::transfer::tests::test_parse_transfer_target_empty_queue_suffix_falls_through_to_sip ... ok
test proxy::proxy_call::sip_session::transfer::tests::test_parse_transfer_target_empty_voicemail_suffix_falls_through_to_sip ... ok
test proxy::proxy_call::sip_session::transfer::tests::test_parse_transfer_target_ivr ... ok
test proxy::proxy_call::sip_session::transfer::tests::test_parse_transfer_target_ivr_whitespace_trimmed ... ok
test proxy::proxy_call::sip_session::transfer::tests::test_parse_transfer_target_queue_whitespace_trimmed ... ok
test proxy::proxy_call::sip_session::transfer::tests::test_parse_transfer_target_queue_with_multiple_targets ... ok
test proxy::proxy_call::sip_session::transfer::tests::test_parse_transfer_target_queue_with_multiple_targets_and_return_ivr ... ok
test proxy::proxy_call::sip_session::transfer::tests::test_parse_transfer_target_queue_with_return_ivr ... ok
test proxy::proxy_call::sip_session::transfer::tests::test_parse_transfer_target_queue_with_target_and_return_ivr ... ok
test proxy::proxy_call::sip_session::transfer::tests::test_parse_transfer_target_queue_with_target_sip_uri ... ok
test proxy::proxy_call::sip_session::transfer::tests::test_parse_transfer_target_queue_with_target_skillgroup ... ok
test proxy::proxy_call::sip_session::transfer::tests::test_parse_transfer_target_queue_without_return_ivr ... ok
test proxy::proxy_call::sip_session::transfer::tests::test_parse_transfer_target_sip_uri_passthrough ... ok
test proxy::proxy_call::sip_session::transfer::tests::test_parse_transfer_target_tel_uri_passthrough ... ok
test proxy::proxy_call::sip_session::transfer::tests::test_parse_transfer_target_voicemail ... ok
test proxy::proxy_call::sip_session::transfer::tests::test_parse_transfer_target_voicemail_whitespace_trimmed ... ok
test proxy::proxy_call::sip_session::transfer::tests::test_parse_voip_bridge ... ok
test proxy::proxy_call::sip_session::transfer::tests::test_parse_voip_bridge_with_pct_encoded_headers ... ok
test proxy::proxy_call::sip_session::transfer::tests::test_parse_voip_bridge_with_query_params ... ok
test proxy::proxy_call::sip_session::transfer::tests::test_parse_voip_bridge_with_timeout ... ok
test proxy::proxy_call::sip_session::transfer::tests::test_voip_bridge_echo_integration ... ok
test proxy::proxy_call::sip_session::transfer::tests::test_voip_bridge_empty_endpoint_falls_through ... ok
test proxy::proxy_call::sip_session::transfer::tests::test_voip_bridge_precedence_over_sip ... ok
test proxy::proxy_call::sip_session::transfer::tests::test_voip_bridge_resample_linear_16k_to_8k ... ok
test proxy::proxy_call::sip_session::transfer::tests::test_voip_bridge_resample_linear_8k_to_16k ... ok
test proxy::proxy_call::state::tests::test_command_channel_closed_on_drop ... ok
test proxy::proxy_call::state::tests::test_command_queue_ordering ... ok
test proxy::proxy_call::state::tests::test_event_sender_setup ... ok
test proxy::proxy_call::state::tests::test_handle_drop_releases_resources ... ok
test proxy::proxy_call::state::tests::test_multiple_handles_no_leak ... ok
test proxy::proxy_call::state::tests::test_registry_cleanup ... ok
test proxy::proxy_call::state::tests::test_send_bridge_to_via_handle ... ok
test proxy::proxy_call::state::tests::test_send_fails_after_receiver_dropped ... ok
test proxy::proxy_call::state::tests::test_send_stop_playback_via_handle ... ok
test proxy::proxy_call::state::tests::test_send_unbridge_via_handle ... ok
test proxy::proxy_call::state::tests::test_session_action_bridge_to_serde ... ok
test proxy::proxy_call::state::tests::test_session_action_stop_playback_serde ... ok
test proxy::proxy_call::state::tests::test_session_action_unbridge_serde ... ok
test proxy::proxy_call::state::tests::test_snapshot_no_reference_leak ... ok
test proxy::proxy_call::test_util::tests::mock_media_peer_tests::test_mock_media_peer_cancel_token_works ... ok
test proxy::proxy_call::test_util::tests::mock_media_peer_tests::test_mock_media_peer_get_tracks_increments_counter ... ok
test proxy::proxy_call::test_util::tests::mock_media_peer_tests::test_mock_media_peer_stop_increments_counter ... ok
test proxy::proxy_call::test_util::tests::mock_media_peer_tests::test_mock_media_peer_update_track_increments_counter ... ok
test proxy::registrar::tests::parse_contact_wildcard ... ok
test proxy::registrar::tests::parse_contact_with_gruu_and_instance ... ok
test proxy::registrar::tests::parse_contact_without_angle_brackets ... ok
test proxy::routing::http::snapshot_tests::audio_tap_snapshot_token_is_attached_to_trusted_route_headers ... ok
test proxy::routing::http::snapshot_tests::audio_tap_snapshot_token_validation_degrades_closed ... ok
test proxy::routing::http::snapshot_tests::signed_snapshot_rejects_tampering ... ok
test proxy::routing::http::snapshot_tests::signed_snapshot_routes_without_an_http_request ... ok
test proxy::routing::http::snapshot_tests::snapshot_admission_derives_native_identity_without_promoting_sip_call_id ... ok
test proxy::routing::http::snapshot_tests::voice_address_lookup_matches_ivekit_node_contract ... ok
test proxy::proxy_call::sip_session::tests::test_prepare_app_caller_media_bridge_routes_playback_through_bridge ... ok
test proxy::routing::http_tests::tests::test_http_router_abort_preserves_extensions ... ok
test proxy::routing::http_tests::tests::test_http_router_abort_without_extensions ... ok
test proxy::routing::http_tests::tests::test_http_router_applies_rtp_config_to_dialplan ... ok
test proxy::routing::http_tests::tests::test_http_router_enhanced ... ok
test proxy::routing::http_tests::tests::test_http_router_forward ... ok
test proxy::routing::http_tests::tests::test_http_router_forward_parallel_multi_target ... ok
test proxy::routing::http_tests::tests::test_http_router_record_false_sets_policy_disable ... ok
test proxy::routing::http_tests::tests::test_http_router_reject ... ok
test proxy::routing::tests::test_apply_trunk_config_adds_p_asserted_identity ... ok
test proxy::routing::tests::test_apply_trunk_config_originate_auth_trunk_stamps_dest_and_credential ... ok
test proxy::routing::tests::test_apply_trunk_config_originate_ip_auth_trunk_sets_no_credential ... ok
test proxy::routing::tests::test_apply_trunk_config_preserves_callee_user ... ok
test proxy::routing::tests::test_apply_trunk_config_rewrite_hostport_default ... ok
test proxy::routing::tests::test_apply_trunk_config_rewrite_hostport_false ... ok
test proxy::routing::tests::test_apply_trunk_config_rewrite_hostport_preserves_user ... ok
test proxy::routing::tests::test_apply_trunk_config_rewrite_hostport_true ... ok
test proxy::routing::tests::test_apply_trunk_config_rewrites_callee_host ... ok
test proxy::routing::tests::test_apply_trunk_config_with_ipv6_dest ... ok
test proxy::routing::tests::test_dest_trunk_concurrent_limit_rejects ... ok
test proxy::routing::tests::test_dest_trunk_reject_releases_source_slot ... ok
test proxy::routing::tests::test_match_invite_advanced_rewrite_patterns ... ok
test proxy::routing::tests::test_match_invite_application_action ... ok
test proxy::routing::tests::test_match_invite_application_auto_answer_false ... ok
test proxy::routing::tests::test_match_invite_application_inferred_from_app_field ... ok
test proxy::routing::tests::test_match_invite_application_with_rewrite_headers ... ok
test proxy::routing::tests::test_match_invite_default_route ... ok
test proxy::routing::tests::test_match_invite_exact_match ... ok
test proxy::routing::tests::test_match_invite_forward_with_trunk_rewrites_callee ... ok
test proxy::routing::tests::test_match_invite_header_matching ... ok
test proxy::routing::tests::test_match_invite_inbound_respects_source_trunk ... ok
test proxy::routing::tests::test_match_invite_load_balancing ... ok
test proxy::routing::tests::test_match_invite_no_routes ... ok
test proxy::routing::tests::test_match_invite_queue_action_builds_hold_and_fallback ... ok
test proxy::routing::tests::test_match_invite_queue_with_trunk_rewrites_callee ... ok
test proxy::routing::http_tests::tests::test_http_router_reject_preserves_extensions ... ok
test proxy::routing::tests::test_match_invite_reject_rule ... ok
test proxy::routing::tests::test_match_invite_regex_match ... ok
test proxy::routing::tests::test_match_invite_rewrite_rules ... ok
test proxy::routing::tests::test_no_limits_means_no_holds ... ok
test proxy::routing::tests::test_queue_busy_prompt_maps_to_failure_audio ... ok
test proxy::routing::tests::test_queue_fallback_play_then_hangup_action ... ok
test proxy::routing::tests::test_queue_fallback_to_named_queue ... ok
test proxy::routing::tests::test_queue_fallback_with_skill_group ... ok
test proxy::routing::tests::test_queue_plan_preserves_missing_hold_section ... ok
test proxy::routing::tests::test_queue_strategy_builds_dial_targets ... ok
test proxy::routing::tests::test_match_invite_rewrite_from_host_uses_match_capture ... ok
test proxy::routing::tests::test_queue_strategy_builds_skill_group_targets ... ok
test proxy::routing::tests::test_route_action_get_action_type_application ... ok
test proxy::routing::tests::test_route_codecs_override_selected_trunk_codecs ... ok
test proxy::routing::tests::test_rule_without_source_trunks_matches_any_source ... ok
test proxy::routing::tests::test_selected_trunk_codecs_override_source_trunk_codecs ... ok
test proxy::routing::tests::test_source_addr_candidate_matches_ip_and_cidr ... ok
test proxy::routing::tests::test_source_trunk_codecs_apply_when_no_route_handles_call ... ok
test proxy::routing::tests::test_source_trunk_concurrent_limit_rejects ... ok
test proxy::routing::tests::test_source_trunk_concurrent_releases_on_reject_action ... ok
test proxy::routing::tests::test_source_trunk_cps_limit_rejects ... ok
test proxy::routing::tests::test_source_trunks_filters_by_trunk_name ... ok
test proxy::routing::tests::test_source_trunks_must_match_inbound ... ok
test proxy::routing::tests::test_trunk_config_accepts_allow_codecs_alias ... ok
test proxy::routing::tests::test_trunk_holds_attached_to_forward_hints ... ok
test proxy::routing::tests::test_trunk_incoming_user_prefix_invalid_regex ... ok
test proxy::routing::tests::test_trunk_incoming_user_prefix_plain ... ok
test proxy::routing::tests::test_trunk_incoming_user_prefix_mismatch_q850_reason_format ... ok
test proxy::routing::tests::test_trunk_matches_inbound_ip_with_cidr ... ok
test proxy::routing::tests::test_trunk_matches_inbound_ip_with_hostname ... ok
test proxy::routing::tests::test_trunk_transport_preserved_in_destination ... ok
test proxy::server::invite_owner_tests::ivekit_max_concurrency_rejection_retains_owner_until_cancelled ... ok
test proxy::routing::tests::test_trunk_incoming_user_prefix_regex ... ok
test proxy::server::invite_owner_tests::ivekit_server_invite_2xx_owner_survives_module_return_until_cancelled ... ok
test proxy::server::invite_owner_tests::ivekit_server_invite_owner_survives_module_return_until_cancelled ... ok
test proxy::tests::cdr_capture::tests::test_validate_cdr_failure ... ok
test proxy::tests::cdr_capture::tests::test_validate_cdr_success ... ok
test proxy::tests::cdr_capture::tests::test_cdr_capture ... ok
test proxy::tests::e2e_test_server::tests::test_create_ua ... ok
test proxy::tests::locator_db_test::test_cross_cluster_invalid_bye_delivers_to_local_ws ... ok
test proxy::tests::locator_db_test::test_cross_cluster_invalid_bye_routes_to_remote_home_proxy ... ok
test proxy::tests::locator_db_test::test_cross_cluster_multi_node_same_user_routes_correctly ... ok
test proxy::tests::locator_db_test::test_db_locator ... ok
test proxy::tests::locator_db_test::test_db_locator_home_proxy_crud ... ok
test proxy::tests::locator_db_test::test_db_locator_localhost_alias ... ok
test proxy::tests::locator_db_test::test_db_locator_lookup_by_domain_when_registered_with_ip ... ok
test proxy::tests::locator_db_test::test_db_locator_lookup_with_invalid_host ... ok
test proxy::tests::locator_db_test::test_db_locator_multiple_lookups ... ok
test proxy::tests::locator_db_test::test_db_locator_rewrites_legacy_registered_aor_contact_to_canonical_aor ... ok
test proxy::tests::locator_db_test::test_db_locator_unregister_with_address_protects_fresh_registration ... ok
test proxy::tests::locator_db_test::test_db_locator_with_custom_table ... ok
test proxy::tests::rtp_utils::tests::test_create_sequence ... ok
test proxy::tests::rtp_utils::tests::test_extract_media_endpoint ... ok
test proxy::tests::rtp_utils::tests::test_rtp_packet_encode_decode ... ok
test proxy::tests::e2e_test_server::tests::test_e2e_server_start ... ok
test proxy::tests::test_acl::test_acl_invalid_rules ... ok
test proxy::tests::test_acl::test_acl_ipv6 ... ok
test proxy::tests::test_acl::test_acl_module_allow_normal_request ... ok
test proxy::tests::test_acl::test_uri_normalization_allows_short_from ... ok
test proxy::tests::test_acl::test_uri_normalization_disabled_allows_long ... ok
test proxy::tests::test_acl::test_uri_normalization_rejects_long_from ... ok
test proxy::tests::test_auth::test_auth_bypass_for_non_invite_register ... ok
test proxy::tests::test_auth::test_auth_disabled_user ... ok
test proxy::tests::test_auth::test_auth_module_bypass_other_methods ... ok
test proxy::tests::test_auth::test_auth_module_disabled_user ... ok
test proxy::tests::test_auth::test_auth_module_invite_success ... ok
test proxy::tests::test_auth::test_auth_module_register_success ... ok
test proxy::tests::test_auth::test_auth_module_unknown_user ... ok
test proxy::tests::test_auth::test_auth_no_credentials ... ok
test proxy::tests::test_auth::test_authenticate_request_accepts_authorization_uri_when_request_uri_differs ... ok
test proxy::tests::test_auth::test_authenticate_request_preserves_authorization_uri_transport_case ... ok
test proxy::tests::test_auth::test_dialog_auth_cache_skips_in_dialog_reinvite ... ok
test proxy::tests::test_auth::test_guest_call_allowed_extension ... ok
test proxy::tests::test_auth::test_http_token_auth_cache_hit ... ok
test proxy::tests::test_auth::test_http_token_auth_cache_lru_eviction ... ok
test proxy::tests::test_auth::test_http_token_auth_cache_ttl_expiry ... ok
test proxy::tests::test_auth::test_http_token_auth_invalid_token_falls_through ... ok
test proxy::tests::test_auth::test_http_token_auth_no_token_falls_through ... ok
test proxy::tests::test_auth::test_http_token_auth_retry_on_failure ... ok
test proxy::tests::test_auth::test_http_token_auth_valid_token ... ok
test proxy::tests::test_auth::test_jwt_auth_backend_invalid_token_falls_through ... ok
test proxy::tests::test_auth::test_jwt_auth_backend_no_token_falls_through ... ok
test proxy::tests::test_auth::test_jwt_auth_backend_valid_token ... ok
test proxy::tests::test_auth::test_jwt_auth_backend_with_check_local_user ... ok
test proxy::tests::test_auth::test_jwt_auth_module_integration_invalid_falls_back_to_401 ... ok
test proxy::tests::test_auth::test_jwt_auth_module_integration_no_401 ... ok
test proxy::tests::test_auth::test_proxy_auth_invite_success ... ok
test proxy::tests::test_auth::test_proxy_auth_no_credentials ... ok
test proxy::tests::test_auth::test_proxy_auth_wrong_credentials ... ok
test proxy::tests::test_183_early_media_regression::test_early_media_183_then_same_sdp_200ok_rtp_flow ... ok
test proxy::tests::test_b2bua_flow::test_b2bua_full_flow ... ok
test proxy::tests::test_b2bua_flow::test_callee_reject_passthrough_486_busy_here ... ok
test proxy::tests::test_b2bua_flow::test_rtp_to_webrtc_bridge ... ok
test proxy::tests::test_b2bua_flow::test_webrtc_to_rtp_bridge ... ok
test proxy::tests::test_call_e2e::test_callee_hangup_cdr ... ok
test proxy::tests::test_call_e2e::test_auto_start_recording_creates_file ... ok
test proxy::tests::test_call_e2e::test_caller_hangup_cdr ... ok
test proxy::tests::test_call_e2e::test_cancel_during_ringing ... ok
test proxy::tests::test_call_e2e::test_forced_media_proxy_all_mode ... ok
test proxy::tests::test_call_e2e::test_mid_dialog_passthrough_none_mode ... ok
test proxy::tests::test_call_e2e::test_media_proxy_none_mode ... ok
test proxy::tests::test_call_e2e::test_multiple_calls_cdr ... ok
test proxy::tests::test_call_e2e::test_reinvite_codec_change ... ok
test proxy::tests::test_call_e2e::test_rtp_data_integrity ... ok
test proxy::tests::test_call_e2e::test_reinvite_hold_resume ... ok
test proxy::tests::test_call_e2e::test_rtp_to_rtp_same_codec_no_transcoding ... ok
test proxy::tests::test_call_e2e::test_webrtc_to_rtp_with_transcoding ... ok
test proxy::tests::test_cluster_home_proxy_e2e::test_cluster_home_proxy_request_shape_e2e ... ok
test proxy::tests::test_caller_gate_regression::test_webrtc_rtp_caller_gate_opens_on_same_sdp_200ok ... ok
test proxy::tests::test_ivr_queue_e2e::test_ivr_queue_e2e ... ignored, Requires running PBX infrastructure
test proxy::tests::test_media_e2e::test_p2p_callee_hangup_rtp_and_cdr ... ok
test proxy::tests::test_media_e2e::test_p2p_callee_reject_486_cdr ... ok
test proxy::tests::test_media_e2e::test_p2p_caller_cancel_cdr ... ok
test proxy::tests::test_media_e2e::test_p2p_caller_hangup_rtp_and_cdr ... ok
test proxy::tests::test_media_e2e::test_p2p_direct_media_none_mode ... ok
test proxy::tests::test_media_e2e::test_p2p_g722_bidirectional_integrity ... ok
test proxy::tests::test_media_e2e::test_p2p_g722_codec_through_proxy ... ok
test proxy::tests::test_media_e2e::test_p2p_g729_codec_through_proxy ... ok
test proxy::tests::test_media_e2e::test_p2p_multi_codec_offer_call_establishes ... ok
test proxy::tests::test_inbound_refer::test_inbound_refer_success ... ok
test proxy::tests::test_media_e2e::test_p2p_opus_dynamic_pt_sdp_negotiation ... ok
test proxy::tests::test_media_e2e::test_p2p_no_answer_cdr ... ok
test proxy::tests::test_media_e2e::test_p2p_pcma_codec_through_proxy ... ok
test proxy::tests::test_media_e2e::test_p2p_pcmu_codec_through_proxy ... ok
test proxy::tests::test_media_e2e::test_p2p_two_concurrent_calls_rtp_cdr ... ok
test proxy::tests::test_media_e2e::test_p2p_unidirectional_rtp_caller_only ... ok
test proxy::tests::test_media_e2e::test_rtp_payload_integrity_through_proxy ... ok
test proxy::tests::test_media_e2e::test_sdp_answer_filters_to_offered_codecs ... ok
test proxy::tests::test_media_proxy::test_codec_negotiation_optimization ... ok
test proxy::tests::test_media_proxy::test_rtp_to_webrtc_sdp_bridge ... ok
test proxy::tests::test_media_proxy::test_webrtc_to_rtp_media_proxy_auto ... ok
test proxy::tests::test_presence::test_presence_locator_sync ... ok
test proxy::tests::test_presence::test_presence_workflow ... ok
test proxy::tests::test_media_proxy::test_webrtc_to_rtp_sdp_bridge ... ok
test proxy::tests::test_proxy::test_proxy_full_flow ... ok
test proxy::tests::test_proxy_integration::test_call_rejection ... ok
test proxy::tests::test_proxy_integration::test_call_hangup_flow ... ok
test proxy::tests::test_proxy_integration::test_call_to_different_realm ... ok
test proxy::tests::test_proxy_integration::test_call_success ... ok
test proxy::tests::test_proxy_integration::test_call_to_nonexistent_user ... ok
test proxy::tests::test_proxy_integration::test_failed_registration_disabled_user ... ok
test proxy::tests::test_proxy_integration::test_failed_registration_wrong_password ... ok
test proxy::tests::test_proxy_integration::test_multiple_user_registration ... ok
test proxy::tests::test_proxy_integration::test_successful_registration ... ok
test proxy::tests::test_proxy_integration::test_locator_lookup ... ok
test proxy::tests::test_registrar::test_registrar_non_register_method ... ok
test proxy::tests::test_registrar::test_registrar_register_success ... ok
test proxy::tests::test_registrar::test_registrar_unregister ... ok
test proxy::tests::test_registrar::test_registrar_with_custom_expires ... ok
test proxy::tests::test_reinvite::test_reinvite_audio_hold_unhold ... ok
test proxy::tests::test_queue::test_call_queue_routing ... ok
test proxy::tests::test_reinvite::test_reinvite_audio_to_video_add_via_bridge ... ok
test proxy::tests::test_reinvite::test_reinvite_audio_only_no_video ... ok
test proxy::tests::test_rtp_e2e::test_rtp_different_codecs ... ok
test proxy::tests::test_rtp_e2e::test_full_call_with_rtp_verification ... ok
test proxy::tests::test_rtp_e2e::test_rtp_high_packet_rate ... ok
test proxy::tests::test_rtp_e2e::test_rtp_packet_integrity ... ok
test proxy::tests::test_rtp_e2e::test_rtp_sequence_validation ... ok
test proxy::tests::test_rtp_e2e::test_rtp_through_proxy ... ok
test proxy::tests::test_rtp_e2e::test_rtp_various_payload_sizes ... ok
test proxy::tests::test_session_hook_e2e::test_hook_on_call_connected ... ok
test proxy::tests::test_session_hook_e2e::test_hook_on_call_ended ... ok
test proxy::tests::test_session_hook_e2e::test_hook_on_hold_unhold ... ok
test proxy::tests::test_session_hook_e2e::test_hook_wholesale_caller_not_registered ... ok
test proxy::tests::test_rtp_e2e::test_rtp_direct_flow_no_proxy ... ok
test proxy::tests::test_sip_info_dtmf_e2e::test_sip_info_dtmf_bidirectional ... ok
test proxy::tests::test_sip_info_dtmf_e2e::test_sip_info_dtmf_forwarded_callee_to_caller ... ok
test proxy::tests::test_sip_session_regressions::test_accept_call_for_bridge_wholesale_flow_sets_connected_callee ... ok
test proxy::tests::test_sip_session_regressions::test_accept_call_guard_prevents_duplicate_dtmf_setup ... ok
test proxy::tests::test_sip_session_regressions::test_accept_call_sets_connected_callee_for_application_ivr_flow ... ok
test proxy::tests::test_sip_session_regressions::test_accept_call_sets_connected_callee_for_p2p_targets_flow ... ok
test proxy::tests::test_sip_session_regressions::test_media_proxy_auto_anchors_application_flow ... ok
test proxy::tests::test_sip_session_regressions::test_media_proxy_auto_anchors_queue_flow ... ok
test proxy::tests::test_sip_session_regressions::test_media_proxy_auto_keeps_plain_targets_bypass_without_recording ... ok
test proxy::tests::test_sip_session_regressions::test_queue_fallback_with_prompt_maps_to_play_then_hangup ... ok
test proxy::tests::test_sip_session_regressions::test_queue_fallback_without_prompt_maps_to_hangup ... ok
test proxy::tests::test_sip_session_regressions::test_queue_transfer_return_ivr_overrides_hangup_fallback_when_no_agents ... ok
test proxy::tests::test_sip_session_regressions::test_queue_transfer_without_return_ivr_keeps_hangup_fallback_when_no_agents ... ok
test proxy::tests::test_sip_session_regressions::test_session_captures_rewritten_dialplan_uris_for_call_record ... ok
test proxy::tests::test_sip_session_regressions::test_start_ivr_app_propagates_non_retryable_start_error ... ok
test proxy::tests::test_sip_session_regressions::test_start_ivr_app_reports_restart_failure_when_second_start_fails ... ok
test proxy::tests::test_sip_info_dtmf_e2e::test_sip_info_dtmf_forwarded_caller_to_callee ... ok
test proxy::tests::test_sip_session_regressions::test_start_ivr_app_restarts_after_already_running ... ok
test proxy::tests::test_sip_session_regressions::test_start_ivr_app_restarts_even_if_stop_reports_not_running ... ok
test proxy::tests::test_trunk_b2bua_e2e::test_trunk_b2bua_basic_call_cdr_roundtrip ... ok
test proxy::tests::test_trunk_b2bua_e2e::test_trunk_b2bua_dtmf_info_passthrough ... ok
test proxy::tests::test_trunk_b2bua_e2e::test_trunk_b2bua_cdr_duration_accuracy ... ok
test proxy::tests::test_trunk_b2bua_e2e::test_trunk_b2bua_early_media_183 ... ok
test proxy::tests::test_trunk_b2bua_e2e::test_trunk_b2bua_inbound_caller_hangup_rtp_cdr ... ok
test proxy::tests::test_trunk_b2bua_e2e::test_trunk_b2bua_inbound_user_hangup_rtp_cdr ... ok
test proxy::tests::test_trunk_b2bua_e2e::test_trunk_b2bua_mid_call_reinvite ... ok
test proxy::tests::test_trunk_b2bua_e2e::test_trunk_b2bua_no_answer ... ok
test proxy::tests::test_trunk_b2bua_e2e::test_trunk_b2bua_pcma_rtp_cdr ... ok
test proxy::tests::test_trunk_b2bua_e2e::test_trunk_b2bua_reject_486_cdr ... ok
test proxy::tests::test_trunk_b2bua_e2e::test_trunk_b2bua_two_concurrent_calls ... ok
test proxy::tests::test_trunk_e2e::tests::test_trunk_config_injection_server_starts ... ok
test proxy::tests::test_trunk_b2bua_e2e::test_trunk_b2bua_rtp_payload_integrity ... ok
test proxy::tests::test_trunk_e2e::tests::test_trunk_inbound_ip_matching ... ok
test proxy::tests::test_trunk_e2e::tests::test_trunk_config_p2p_call_still_works ... ok
test proxy::tests::test_trunk_e2e::tests::test_trunk_route_config_loaded ... ok
test proxy::tests::test_trunk_e2e::tests::test_trunk_route_multiple_destinations ... ok
test proxy::tests::test_trunk_e2e::tests::test_trunk_snapshot_multiple_trunks ... ok
test proxy::tests::test_trunk_options::test_options_from_trunk_ip_gets_200_ok ... ok
test proxy::tests::test_ua::tests::test_audio_playback_code_reuse ... ok
test proxy::tests::test_ua::tests::test_authentication_failures_and_recovery ... ok
test proxy::tests::test_ua::tests::test_basic_registration ... ok
test proxy::tests::test_ua::tests::test_call_flow_comprehensive ... ok
test proxy::tests::test_trunk_options::test_options_from_unknown_ip_gets_no_response ... ok
test proxy::tests::test_ua::tests::test_call_transfer_scenarios ... ok
test proxy::tests::test_ua::tests::test_callee_hangup_scenarios ... ok
test proxy::tests::test_ua::tests::test_call_rejection_scenarios ... ok
test proxy::tests::test_ua::tests::test_caller_cancel_scenarios ... ok
test proxy::tests::test_ua::tests::test_concurrent_operations ... ok
test proxy::tests::test_ua::tests::test_dialog_state_monitoring ... ok
test proxy::tests::test_ua::tests::test_dtmf_and_info_messages ... ok
test proxy::tests::test_ua::tests::test_error_handling_and_edge_cases ... ok
test proxy::tests::test_ua::tests::test_hold_unhold_scenarios ... ok
test proxy::tests::test_ua::tests::test_codec_negotiation ... ok
test proxy::tests::test_ua::tests::test_ipv6_and_mixed_ip_scenarios ... ok
test proxy::tests::test_ua::tests::test_message_retransmission ... ok
test proxy::tests::test_ua::tests::test_media_proxy_nat_scenarios ... ok
test proxy::tests::test_ua::tests::test_play_then_hangup_sends_183_session_progress ... ok
test proxy::tests::test_ua::tests::test_network_timeout_scenarios ... ok
test proxy::tests::test_ua::tests::test_resource_cleanup ... ok
test proxy::tests::test_ua::tests::test_sdp_processing_modes ... ok
test proxy::tests::test_ua::tests::test_ringtone_functionality ... ok
test proxy::tests::test_voip_bridge_e2e::test_voip_bridge_e2e_transfer_command ... ok
test proxy::tests::user_db_test::test_db_backend ... ok
test proxy::tests::user_http_test::test_http_backend_creation ... ok
test proxy::tests::user_http_test::test_http_backend_get_user ... ok
test proxy::tests::user_http_test::test_http_backend_with_custom_headers ... ok
test proxy::tests::user_http_test::test_http_backend_with_defaults ... ok
test proxy::tests::user_http_test::test_http_backend_with_post_method ... ok
test proxy::trunk_health::tests::test_dest_name_handles_edge_cases ... ok
test proxy::trunk_health::tests::test_dest_name_preserves_plain_host ... ok
test proxy::trunk_health::tests::test_dest_name_strips_sip_prefix ... ok
test proxy::trunk_health::tests::test_health_loop_cleans_stale_entries_on_reload ... ok
test proxy::trunk_health::tests::test_health_loop_disabled_trunk_skipped ... ok
test proxy::trunk_health::tests::test_health_loop_healthy ... ok
test proxy::trunk_health::tests::test_health_loop_per_ip_mode ... ok
test proxy::tests::test_ua::tests::test_webrtc_rtp_media_proxy ... ok
test proxy::trunk_health::tests::test_health_loop_threshold_boundary ... ok
test proxy::trunk_health::tests::test_health_loop_unhealthy_after_failures ... ok
test proxy::trunk_health::tests::test_health_loop_recovery ... ok
test proxy::trunk_health::tests::test_probe_trunk_invalid_dest ... ok
test proxy::trunk_health::tests::test_probe_trunk_failure ... ok
test proxy::trunk_health::tests::test_snapshot_empty ... ok
test proxy::trunk_health::tests::test_snapshot_sorted ... ok
test proxy::trunk_rate_limiter::tests::clear_resets_all_state ... ok
test proxy::trunk_rate_limiter::tests::concurrent_limit_rejects ... ok
test proxy::trunk_rate_limiter::tests::cps_limit_rejects_within_window ... ok
test proxy::trunk_health::tests::test_probe_trunk_success ... ok
test proxy::trunk_rate_limiter::tests::no_limits_always_acquires ... ok
test proxy::trunk_rate_limiter::tests::release_concurrent_frees_slot ... ok
test proxy::trunk_rate_limiter::tests::release_is_idempotent ... ok
test proxy::trunk_rate_limiter::tests::status_code_mapping ... ok
test proxy::trunk_rate_limiter::tests::trunks_are_isolated ... ok
test proxy::trunk_registrar::tests::test_parse_server_uri ... ok
test proxy::trunk_registrar::tests::test_reconcile_before_set_endpoint_then_after ... ok
test proxy::trunk_registrar::tests::test_reconcile_disabled_trunk_is_skipped ... ok
test proxy::trunk_registrar::tests::test_reconcile_without_endpoint_is_noop ... ok
test proxy::trunk_registrar::tests::test_trunk_registrar_creation ... ok
test proxy::trunk_registrar::tests::test_update_status ... ok
test proxy::trunk_registrar::tests::test_update_status_error ... ok
test proxy::user::tests::test_memory_user_backend_realm ... ok
test proxy::user_extension::tests::get_user_returns_extension ... ok
test proxy::user_extension::tests::missing_user_returns_none ... ok
test proxy::user_extension::tests::voicemail_disabled_false_by_default ... ok
test proxy::user_extension::tests::voicemail_disabled_true_is_mapped_from_db ... ok
test proxy::user_extension::tests::voicemail_enabled_extension_returns_false_disabled ... ok
test proxy::user_http::tests::test_http_backend_creation ... ok
test rwi::app::tests::test_on_enter_without_session_id_no_call_answered ... ok
test rwi::auth::tests::test_rwi_auth_get_context ... ok
test rwi::auth::tests::test_rwi_auth_is_enabled ... ok
test rwi::auth::tests::test_rwi_auth_validate_token_invalid ... ok
test rwi::auth::tests::test_rwi_auth_validate_token_valid ... ok
test rwi::auth::tests::test_rwi_config_defaults ... ok
test rwi::auth::tests::test_rwi_identity_has_any_scope ... ok
test rwi::auth::tests::test_rwi_identity_has_scope ... ok
test rwi::event::tests::dtmf_event_serialize_extra_field ... ok
test rwi::event::tests::ivr_events_serialize_extra_field ... ok
test rwi::gateway::tests::session_event_mailbox_rejects_overflow_without_growing ... ok
test rwi::gateway::tests::test_broadcast_generic ... ok
test rwi::gateway::tests::test_send_to_owner_generic ... ok
test rwi::handler::ivekit_owner_cleanup_tests::only_a_synchronously_failed_originate_closes_its_owner ... ok
test rwi::processor::ivekit_media_cleanup_handoff_tests::unresolved_rwi_media_cleanup_is_retained_for_retry ... ok
test rwi::processor::tests::normalize_originate_caller_id_shapes ... ok
test rwi::processor::tests::test_answer_call_not_found ... ok
test rwi::processor::tests::test_answer_existing_call ... ok
test rwi::processor::tests::test_attach_call_not_found ... ok
test rwi::processor::tests::test_bridge_both_legs_exist_sends_bridgeto ... ok
test rwi::processor::tests::test_bridge_emits_event_to_gateway ... ok
test rwi::processor::tests::test_bridge_not_found_leg_a ... ok
test rwi::processor::tests::test_bridge_not_found_leg_b ... ok
test rwi::processor::tests::test_bridge_sends_bridge_to_to_leg_a ... ok
test rwi::processor::tests::test_call_direction_filtering ... ok
test rwi::processor::tests::test_call_hold_success ... ok
test rwi::processor::tests::test_call_unhold_success ... ok
test rwi::processor::tests::test_command_dedup_cache_evicts_expired_entries_above_soft_cap ... ok
test rwi::processor::tests::test_conference_add_not_found_fails ... ok
test rwi::processor::tests::test_conference_add_with_max_members ... ok
test rwi::processor::tests::test_conference_create_duplicate_fails ... ok
test rwi::processor::tests::test_conference_create_external_requires_mcu_uri ... ok
test rwi::processor::tests::test_conference_create_success ... ok
test rwi::processor::tests::test_conference_destroy_not_found_fails ... ok
test rwi::processor::tests::test_conference_destroy_success ... ok
test rwi::processor::tests::test_conference_mute_not_in_conference_fails ... ok
test rwi::processor::tests::test_conference_seat_replace_failure_emits_failed_event ... ok
test rwi::processor::tests::test_conference_seat_replace_failure_rolls_back_old_member ... ok
test rwi::processor::tests::test_conference_seat_replace_success ... ok
test rwi::processor::tests::test_detach_call_not_found ... ok
test rwi::processor::tests::test_detach_call_success ... ok
test rwi::processor::tests::test_find_matching_agent_with_capacity ... ok
test rwi::processor::tests::test_get_var_returns_none_for_missing_key ... ok
test rwi::processor::tests::test_get_var_returns_value_after_set ... ok
test rwi::processor::tests::test_hangup_call_not_found ... ok
test rwi::processor::tests::test_hangup_existing_call ... ok
test rwi::processor::tests::test_list_calls_empty ... ok
test rwi::processor::tests::test_list_calls_with_multiple_calls ... ok
test rwi::processor::tests::test_media_inject_start_success ... ok
test rwi::processor::tests::test_media_inject_stop_success ... ok
test rwi::processor::tests::test_media_play_not_found ... ok
test rwi::processor::tests::test_media_stop_existing_call_sends_stop_playback ... ok
test rwi::processor::tests::test_media_stop_not_found ... ok
test rwi::processor::tests::test_media_stream_start_not_found ... ok
test rwi::processor::tests::test_media_stream_start_success ... ok
test rwi::processor::tests::test_media_stream_stop_success ... ok
test rwi::processor::tests::test_originate_invalid_destination_returns_error ... ok
test rwi::processor::tests::test_originate_no_server_returns_error ... ok
test rwi::processor::tests::test_queue_assign_agent_success ... ok
test rwi::processor::tests::test_queue_dequeue_not_found ... ok
test rwi::processor::tests::test_queue_dequeue_success ... ok
test rwi::processor::tests::test_queue_enqueue_not_found ... ok
test rwi::processor::tests::test_queue_enqueue_success ... ok
test rwi::processor::tests::test_queue_hold_not_in_queue ... ok
test rwi::processor::tests::test_queue_hold_success ... ok
test rwi::processor::tests::test_queue_overflow_transfer ... ok
test rwi::processor::tests::test_queue_requeue_success ... ok
test rwi::processor::tests::test_queue_set_priority_not_in_queue_fails ... ok
test rwi::processor::tests::test_queue_set_priority_success ... ok
test rwi::processor::tests::test_queue_stats ... ok
test rwi::processor::tests::test_queue_unhold_not_in_queue ... ok
test rwi::processor::tests::test_queue_unhold_success ... ok
test rwi::processor::tests::test_record_pause_no_recording ... ok
test rwi::processor::tests::test_record_pause_success ... ok
test rwi::processor::tests::test_record_resume_no_recording ... ok
test rwi::processor::tests::test_record_resume_success ... ok
test rwi::processor::tests::test_record_start_not_found ... ok
test rwi::processor::tests::test_record_start_success ... ok
test rwi::processor::tests::test_record_stop_no_recording ... ok
test rwi::processor::tests::test_record_stop_success ... ok
test rwi::processor::tests::test_reject_call_not_found ... ok
test rwi::processor::tests::test_ring_call_not_found ... ok
test rwi::processor::tests::test_set_ringback_source_evicts_stale_entries_above_soft_cap ... ok
test rwi::processor::tests::test_set_ringback_source_source_not_found ... ok
test rwi::processor::tests::test_set_ringback_source_success ... ok
test rwi::processor::tests::test_set_ringback_source_target_not_found ... ok
test rwi::processor::tests::test_set_var_overwrites_existing ... ok
test rwi::processor::tests::test_set_var_returns_success ... ok
test rwi::processor::tests::test_sip_message_no_server ... ok
test rwi::processor::tests::test_sip_message_send ... ok
test rwi::processor::tests::test_sip_notify_no_server ... ok
test rwi::processor::tests::test_sip_notify_send ... ok
test rwi::processor::tests::test_sip_options_ping ... ok
test rwi::processor::tests::test_sip_options_ping_no_server ... ok
test rwi::processor::tests::test_skill_based_routing ... ok
test rwi::processor::tests::test_subscribe_success ... ok
test rwi::processor::tests::test_supervisor_barge_success ... ok
test rwi::processor::tests::test_supervisor_listen_not_found ... ok
test rwi::processor::tests::test_supervisor_listen_success ... ok
test rwi::processor::tests::test_supervisor_stop_success ... ok
test rwi::processor::tests::test_supervisor_whisper_success ... ok
test rwi::processor::tests::test_transfer_attended_returns_consultation_call_id ... ok
test rwi::processor::tests::test_transfer_call_not_found ... ok
test rwi::processor::tests::test_unbridge_emits_call_unbridged_event_to_gateway ... ok
test rwi::processor::tests::test_unbridge_existing_call_sends_unbridge ... ok
test rwi::processor::tests::test_unbridge_not_found ... ok
test rwi::processor::tests::test_unsubscribe_success ... ok
test rwi::processor::tests::test_vars_are_isolated_per_call ... ok
test rwi::session::tests::test_can_control_call ... ok
test rwi::session::tests::test_can_listen_to_call ... ok
test rwi::session::tests::test_claim_call ... ok
test rwi::session::tests::test_claim_call_in_mode ... ok
test rwi::session::tests::test_list_owned_calls ... ok
test rwi::session::tests::test_release_call ... ok
test rwi::session::tests::test_session_creation ... ok
test rwi::session::tests::test_subscribe ... ok
test rwi::session::tests::test_supervisor_targets ... ok
test rwi::session::tests::test_unsubscribe ... ok
test rwi::transfer::tests::test_cancel_all_transfers_for_call_cancels_pending ... ok
test rwi::transfer::tests::test_cancel_all_transfers_for_call_empty ... ok
test rwi::transfer::tests::test_cancel_attended_transfer_invalid_leg ... ok
test rwi::transfer::tests::test_cancel_attended_transfer_valid ... ok
test rwi::transfer::tests::test_cleanup_terminal_transactions ... ok
test rwi::transfer::tests::test_complete_attended_transfer_after_hangup_returns_invalid_state ... ok
test rwi::transfer::tests::test_complete_attended_transfer_invalid_leg ... ok
test rwi::transfer::tests::test_complete_attended_transfer_valid ... ok
test rwi::transfer::tests::test_execute_blind_transfer_after_hangup_returns_invalid_state ... ok
test rwi::transfer::tests::test_execute_blind_transfer_call_not_found ... ok
test rwi::transfer::tests::test_execute_blind_transfer_dispatches_command ... ok
test rwi::transfer::tests::test_execute_blind_transfer_wrong_state ... ok
test rwi::transfer::tests::test_execute_replace_transfer_dispatches_attended_transfer_command ... ok
test rwi::transfer::tests::test_fallback_to_3pcc_disabled_marks_failed ... ok
test rwi::transfer::tests::test_fallback_to_3pcc_mode_transition ... ok
test rwi::transfer::tests::test_fallback_to_3pcc_unknown_id ... ok
test rwi::transfer::tests::test_handle_notify_100_trying ... ok
test rwi::transfer::tests::test_handle_notify_180_progress ... ok
test rwi::transfer::tests::test_handle_notify_183_progress ... ok
test rwi::transfer::tests::test_handle_notify_200_completes ... ok
test rwi::transfer::tests::test_handle_notify_4xx_no_3pcc_fails ... ok
test rwi::transfer::tests::test_handle_notify_4xx_with_3pcc_triggers_fallback ... ok
test rwi::transfer::tests::test_handle_notify_by_call_id_routes_correctly ... ok
test rwi::transfer::tests::test_handle_notify_unknown_id ... ok
test rwi::transfer::tests::test_handle_refer_response_1xx_is_noop ... ok
test rwi::transfer::tests::test_handle_refer_response_4xx_with_3pcc_stays_trying ... ok
test rwi::transfer::tests::test_handle_refer_response_5xx_fails ... ok
test rwi::transfer::tests::test_handle_refer_response_accepted ... ok
test rwi::transfer::tests::test_handle_refer_response_by_call_id_not_found ... ok
test rwi::transfer::tests::test_handle_refer_response_by_call_id_routes_correctly ... ok
test rwi::transfer::tests::test_handle_refer_response_rejected_no_3pcc ... ok
test rwi::transfer::tests::test_handle_refer_response_replace_rejected_marks_failed ... ok
test rwi::transfer::tests::test_handle_refer_response_unknown_id ... ok
test rwi::transfer::tests::test_initiate_attended_transfer_disabled ... ok
test rwi::transfer::tests::test_initiate_attended_transfer_no_block ... ok
test rwi::transfer::tests::test_transfer_config_default ... ok
test rwi::transfer::tests::test_transfer_failure_reason_as_str ... ok
test rwi::transfer::tests::test_transfer_transaction_duration ... ok
test rwi::transfer::tests::test_transfer_transaction_new ... ok
test rwi::transfer::tests::test_transfer_transaction_sip_status ... ok
test rwi::transfer::tests::test_transfer_transaction_terminal_states ... ok
test rwi::transfer::tests::test_transfer_transaction_update_status ... ok
test rwi::webhook::tests::test_webhook_receives_agent_and_recording_events ... ok
test rwi::webhook::tests::test_webhook_receives_call_ringing ... ok
test sipflow::backend::local::bounded_queue_tests::local_backend_rejects_a_full_queue_without_allocating_more_backlog ... ok
test sipflow::backend::remote::tests::test_jump_hash_deterministic ... ok
test sipflow::backend::remote::tests::test_jump_hash_different_keys ... ok
test sipflow::backend::remote::tests::test_jump_hash_distribution ... ok
test sipflow::backend::remote::tests::test_jump_hash_minimal_disruption ... ok
test sipflow::backend::remote::tests::test_jump_hash_single_bucket ... ok
test sipflow::flowdb_backend::tests::test_flowdb_empty_query ... ok
test sipflow::flowdb_backend::tests::test_flowdb_flush_no_error ... ok
test proxy::trunk_rate_limiter::tests::cps_window_expires ... ok
test sipflow::flowdb_backend::tests::test_flowdb_isolation_between_calls ... ok
test sipflow::flowdb_backend::tests::test_flowdb_media_stream_leg_filter ... ok
test sipflow::flowdb_backend::tests::test_flowdb_query_flow_time_range ... ok
test sipflow::flowdb_backend::tests::test_flowdb_query_media_stats ... ok
test sipflow::flowdb_backend::tests::test_flowdb_query_media_stats_with_loss ... ok
test sipflow::flowdb_backend::tests::test_flowdb_record_and_query_flow ... ok
test sipflow::flowdb_backend::tests::test_flowdb_record_rtp_and_query_media ... ok
test sipflow::flowdb_backend::tests::test_flowdb_skip_empty_call_id ... ok
test sipflow::flowdb_backend::tests::test_flowdb_subdirs_daily_no_leakage_into_other_day_bucket ... ok
test sipflow::flowdb_backend::tests::test_flowdb_recovery_after_restart ... ok
test sipflow::flowdb_backend::tests::test_flowdb_subdirs_daily_query_same_day ... ok
test sipflow::flowdb_backend::tests::test_flowdb_subdirs_hourly_query_aggregates_buckets ... ok
test sipflow::flowdb_backend::tests::test_flowdb_subdirs_daily_recovery_after_restart ... ok
test sipflow::flowdb_codec::tests::test_decode_corrupt_rtp_value ... ok
test sipflow::flowdb_codec::tests::test_decode_corrupt_sip_value ... ok
test sipflow::flowdb_codec::tests::test_key_uniqueness ... ok
test sipflow::flowdb_codec::tests::test_prefix_correctness ... ok
test sipflow::flowdb_codec::tests::test_rtp_value_roundtrip ... ok
test sipflow::flowdb_codec::tests::test_sip_value_roundtrip ... ok
test sipflow::flowdb_backend::tests::test_flowdb_subdirs_hourly_writes_to_current_hour_bucket ... ok
test sipflow::protocol::tests::test_batch_roundtrip_multiple_packets ... ok
test sipflow::protocol::tests::test_batch_single_packet_roundtrip ... ok
test sipflow::protocol::tests::test_batch_too_large_rejected ... ok
test sipflow::protocol::tests::test_batch_wire_format_header ... ok
test sipflow::protocol::tests::test_encode_batch_into_appends_without_clearing ... ok
test sipflow::protocol::tests::test_encode_packet_into_matches_encode_packet ... ok
test sipflow::protocol::tests::test_packet_ipv6_wire_format_uses_big_endian ... ok
test sipflow::protocol::tests::test_packet_rtp_metadata_roundtrip ... ok
test sipflow::protocol::tests::test_packet_wire_format_uses_big_endian ... ok
test sipflow::protocol::tests::test_parse_batch_rejects_bad_version ... ok
test sipflow::protocol::tests::test_parse_batch_rejects_trailing_bytes ... ok
test sipflow::protocol::tests::test_parse_batch_rejects_truncated_frame ... ok
test sipflow::protocol::tests::test_parse_datagram_dispatches_single_packet ... ok
test sipflow::protocol::tests::test_parse_datagram_rejects_short_input ... ok
test sipflow::protocol::tests::test_parse_datagram_rejects_unknown_magic ... ok
test sipflow::protocol::tests::test_parse_packet_rejects_unsupported_version ... ok
test sipflow::rtp_stats::tests::test_media_stats_reordered_packet_clears_pending_loss ... ok
test sipflow::rtp_stats::tests::test_media_stats_unfilled_gap_counts_as_loss ... ok
test sipflow::sdp_utils::tests::test_extract_call_id ... ok
test sipflow::sdp_utils::tests::test_extract_rtp_addr ... ok
test sipflow::sdp_utils::tests::test_extract_rtp_addr_rejected ... ok
test sipflow::sdp_utils::tests::test_extract_sdp ... ok
test sipflow::protocol::tests::test_batch_max_count_allowed ... ok
test sipflow::storage::tests::test_extract_callid ... ok
test sipflow::storage::tests::test_process_packet_applies_rtp_metadata ... ok
test sipflow::storage::tests::repro_query_flow_in_range_loads_all_calls ... ok
test sipflow::storage::tests::test_query_flow_respects_time_range_inclusive ... ok
test sipflow::storage::tests::test_query_media_and_stats_filter_receive_timestamp_within_selected_folders ... ok
test sipflow::tests::tests::test_config_default_engine_is_sqlite ... ok
test sipflow::tests::tests::test_config_parse_flowdb_engine ... ok
test sipflow::tests::tests::test_config_parse_sqlite_engine ... ok
test sipflow::tests::tests::test_flowdb_backend_default_engine ... ok
test sipflow::storage::tests::test_rtp_metadata_writes_queryable_media ... ok
test sipflow::tests::tests::test_local_backend_flush_no_error ... ok
test sipflow::tests::tests::test_local_backend_flush_writes_to_disk ... ok
test sipflow::tests::tests::test_remote_backend_batch_size_zero_disables_batching ... ok
test sipflow::tests::tests::test_remote_backend_batches_on_the_wire ... ok
test sipflow::tests::tests::test_remote_backend_domain_udp_addr ... ok
test sipflow::tests::tests::test_remote_backend_legacy_format ... ok
test sipflow::tests::tests::test_remote_backend_missing_config ... ok
test sipflow::tests::tests::test_flowdb_backend_factory_record_and_query ... ok
test sipflow::tests::tests::test_remote_config_batch_defaults ... ok
test sipflow::wav_utils::tests::repro_different_ssrcs_cause_enormous_max_duration ... ok
test sipflow::wav_utils::tests::test_build_payload_type_map_by_leg_matches_media_ports ... ok
test sipflow::wav_utils::tests::test_build_payload_type_map_extracts_telephone_event ... ok
test sipflow::wav_utils::tests::test_generate_wav_detects_unmapped_rfc4733_payloads ... ok
test sipflow::wav_utils::tests::test_generate_wav_from_packets_regenerates_telephone_event_without_stretching ... ok
test sipflow::wav_utils::tests::test_generate_wav_keeps_full_dtmf_when_audio_resumes_on_same_leg ... ok
test sipflow::wav_utils::tests::test_wav_generation_handles_mismatched_timestamps ... ok
test sipflow::wav_utils::tests::test_wav_generation_multiple_ssrcs_same_leg ... ok
test sipflow::wav_utils::tests::test_wav_generation_ssrc_change_large_gap ... ok
test sipflow::tests::tests::test_remote_backend_multi_node_format ... ok
test storage::tests::test_archive_scenario ... ok
test storage::tests::test_cdr_scenario ... ok
test storage::tests::test_local_storage ... ok
test storage::tests::test_recorder_scenario ... ok
test storage::tests::test_sipflow_scenario ... ok
test storage::tests::test_upload_file_local ... ok
test tts::cli_driver::tests::test_cli_tts ... ok
test tts::tests::test_tts_cache_hit ... ok
test utils::tests::test_sanitize_id ... ok
test tts::tests::test_tts_http_synthesize_get ... ok

test result: ok. 2015 passed; 0 failed; 8 ignored; 0 measured; 0 filtered out; finished in 227.40s

    Finished `test` profile [unoptimized + debuginfo] target(s) in 1.80s
     Running unittests src/lib.rs (target/debug/deps/rustpbx-67b3b4c321993ea8)

running 1 test
test media::engine::tests::test_recording_double_start_fails ... ok

test result: ok. 1 passed; 0 failed; 0 ignored; 0 measured; 2022 filtered out; finished in 0.00s

    Finished `test` profile [unoptimized + debuginfo] target(s) in 0.51s
     Running unittests src/lib.rs (target/debug/deps/rustpbx-67b3b4c321993ea8)

running 1 test
test media::engine::tests::test_recording_pending_start_rejects_duplicate ... ok

test result: ok. 1 passed; 0 failed; 0 ignored; 0 measured; 2022 filtered out; finished in 0.00s

    Finished `test` profile [unoptimized + debuginfo] target(s) in 0.47s
     Running unittests src/lib.rs (target/debug/deps/rustpbx-67b3b4c321993ea8)

running 1 test
test proxy::proxy_call::reporter::tests::missing_callee_terminal_data_stays_independent_from_the_caller ... ok

test result: ok. 1 passed; 0 failed; 0 ignored; 0 measured; 2022 filtered out; finished in 0.00s

   Compiling rustpbx v0.4.11 (/build/rustpbx)
warning: unused imports: `SipEffectReceiptLevel` and `SipEffectReceipt`
 --> src/call/adapters/rsipstack_sip_effect_gate.rs:6:43
  |
6 |     PreparedSipEffect, SipEffectIdentity, SipEffectReceipt, SipEffectReceiptLevel, SipEffectRecord,
  |                                           ^^^^^^^^^^^^^^^^  ^^^^^^^^^^^^^^^^^^^^^
  |
  = note: `#[warn(unused_imports)]` (part of `#[warn(unused)]`) on by default

warning: `rustpbx` (lib) generated 1 warning (run `cargo fix --lib -p rustpbx` to apply 1 suggestion)
    Finished `test` profile [unoptimized + debuginfo] target(s) in 4m 56s
     Running tests/ivekit_dialog_shadow_contract_test.rs (target/debug/deps/ivekit_dialog_shadow_contract_test-5272748d8569954e)

running 20 tests
test confirmed_dialog_snapshots_produce_reciprocal_caller_and_callee_payloads ... ok
test committed_states_advance_monotonically ... ok
test confirmed_recovery_state_is_emitted_only_as_an_encrypted_v2_capsule ... ok
test encrypted_shadow_records_open_only_as_a_reciprocal_two_leg_pair ... ok
test http_client_claims_takeover_by_dialog_without_client_supplied_authority ... ok
test http_client_commits_recovered_dialogs_as_one_atomic_pair ... ok
test http_client_consumes_the_one_time_token_before_new_owner_activation ... ok
test http_client_heartbeats_the_mtls_owner_before_t1_requests ... ok
test http_client_sends_bounded_authenticated_commit ... ok
test http_client_resolves_uncertain_consume_from_authoritative_owner_state ... ok
test mismatched_proof_freezes_the_sequence ... ok
test recovery_capsule_preserves_original_call_timing_for_takeover_cdr ... ok
test recovery_key_file_is_canonical_bounded_and_permission_checked_in_production ... ok
test recovery_payload_rebuilds_a_confirmed_rsipstack_snapshot_for_both_roles ... ok
test route_set_rejects_userinfo_and_unbounded_entries ... ok
test shadow_records_hash_sensitive_dialog_material ... ok
test t1_admission_requires_two_fault_domains ... ok
test typescript_recovery_capsule_fixture_opens_and_authenticates_all_binding_fields ... ok
test unknown_commit_replays_the_exact_shadow_identity ... ok
test normal_runtime_commits_recoverable_terminal_state_as_one_pair ... ok

test result: ok. 20 passed; 0 failed; 0 ignored; 0 measured; 0 filtered out; finished in 0.31s

     Removed 11569 files, 9.9GiB total
   Compiling proc-macro2 v1.0.107
   Compiling unicode-ident v1.0.24
   Compiling quote v1.0.47
   Compiling libc v0.2.189
   Compiling syn v3.0.3
   Compiling cfg-if v1.0.4
   Compiling syn v2.0.119
   Compiling smallvec v1.15.2
   Compiling synstructure v0.13.2
   Compiling pin-project-lite v0.2.17
   Compiling portable-atomic v1.14.0
   Compiling parking_lot_core v0.9.12
   Compiling bytes v1.12.1
   Compiling zerofrom-derive v0.1.7
   Compiling yoke-derive v0.8.2
   Compiling zerofrom v0.1.8
   Compiling stable_deref_trait v1.2.1
   Compiling futures-core v0.3.33
   Compiling critical-section v1.2.0
   Compiling scopeguard v1.2.0
   Compiling lock_api v0.4.14
   Compiling yoke v0.8.3
   Compiling once_cell v1.21.4
   Compiling zerovec-derive v0.11.3
   Compiling typenum v1.20.1
   Compiling zerovec v0.11.6
   Compiling displaydoc v0.2.7
   Compiling log v0.4.33
   Compiling memchr v2.8.3
   Compiling futures-sink v0.3.33
   Compiling itoa v1.0.18
   Compiling futures-channel v0.3.33
   Compiling parking_lot v0.12.5
   Compiling errno v0.3.14
   Compiling serde_core v1.0.229
   Compiling signal-hook-registry v1.4.8
   Compiling tokio-macros v2.7.2
   Compiling socket2 v0.6.5
   Compiling mio v1.2.2
   Compiling tokio v1.53.1
   Compiling tinystr v0.8.3
   Compiling futures-macro v0.3.33
   Compiling futures-io v0.3.33
   Compiling litemap v0.8.2
   Compiling futures-task v0.3.33
   Compiling slab v0.4.12
   Compiling version_check v0.9.5
   Compiling writeable v0.6.3
   Compiling icu_locale_core v2.2.0
   Compiling generic-array v0.14.7
   Compiling futures-util v0.3.33
   Compiling http v1.5.0
   Compiling zerotrie v0.2.4
   Compiling potential_utf v0.1.5
   Compiling tracing-core v0.1.36
   Compiling serde v1.0.229
   Compiling icu_normalizer_data v2.2.0
   Compiling getrandom v0.4.3
   Compiling autocfg v1.5.1
   Compiling icu_properties_data v2.2.0
   Compiling utf8_iter v1.0.4
   Compiling rand_core v0.10.1
   Compiling num-traits v0.2.19
   Compiling icu_collections v2.2.0
   Compiling icu_provider v2.2.0
   Compiling serde_derive v1.0.229
   Compiling zerocopy v0.8.55
   Compiling thiserror v2.0.19
   Compiling getrandom v0.3.4
   Compiling shlex v2.0.1
   Compiling percent-encoding v2.3.2
   Compiling find-msvc-tools v0.1.9
   Compiling cc v1.4.0
   Compiling tracing-attributes v0.1.31
   Compiling thiserror-impl v2.0.19
   Compiling httparse v1.10.1
   Compiling crossbeam-utils v0.8.22
   Compiling tracing v0.1.44
   Compiling icu_properties v2.2.0
   Compiling icu_normalizer v2.2.0
   Compiling ring v0.17.14
   Compiling form_urlencoded v1.2.2
   Compiling data-encoding v2.11.0
   Compiling cpufeatures v0.3.0
   Compiling ppv-lite86 v0.2.21
   Compiling rand_core v0.9.5
   Compiling idna_adapter v1.2.2
   Compiling crypto-common v0.1.7
   Compiling block-buffer v0.10.4
   Compiling http-body v1.1.0
   Compiling hybrid-array v0.4.14
   Compiling digest v0.10.7
   Compiling idna v1.1.0
   Compiling rand_chacha v0.9.0
   Compiling chacha20 v0.10.1
   Compiling ipnet v2.12.1
   Compiling getrandom v0.2.17
   Compiling either v1.17.0
   Compiling crossbeam-epoch v0.9.20
   Compiling tower-service v0.3.3
   Compiling utf8parse v0.2.2
   Compiling cpufeatures v0.2.17
   Compiling untrusted v0.9.0
   Compiling zeroize v1.9.0
   Compiling tinyvec_macros v0.1.1
   Compiling tinyvec v1.12.0
   Compiling rustls-pki-types v1.15.1
   Compiling sha1 v0.10.7
   Compiling anstyle-parse v1.0.0
   Compiling prefix-trie v0.8.4
   Compiling rand v0.10.2
   Compiling rand v0.9.5
   Compiling crypto-common v0.2.2
   Compiling block-buffer v0.12.1
   Compiling url v2.5.8
   Compiling const-oid v0.10.2
   Compiling mime v0.3.17
   Compiling colorchoice v1.0.5
   Compiling httpdate v1.0.3
   Compiling anstyle-query v1.1.5
   Compiling zmij v1.0.23
   Compiling is_terminal_polyfill v1.70.2
   Compiling rustls v0.23.43
   Compiling tower-layer v0.3.3
   Compiling unicase v2.9.0
   Compiling anstyle v1.0.14
   Compiling mime_guess v2.0.5
   Compiling anstream v1.0.0
   Compiling digest v0.11.3
   Compiling hickory-proto v0.26.1
   Compiling tungstenite v0.29.0
   Compiling rustls-webpki v0.103.13
   Compiling http-body-util v0.1.4
   Compiling crossbeam-channel v0.5.16
   Compiling uuid v1.24.0
   Compiling async-trait v0.1.91
   Compiling tagptr v0.2.0
   Compiling strsim v0.11.1
   Compiling heck v0.5.0
   Compiling time-core v0.1.9
   Compiling clap_lex v1.1.0
   Compiling rustix v1.1.4
   Compiling num-conv v0.2.2
   Compiling lazy_static v1.5.0
   Compiling deranged v0.5.8
   Compiling sync_wrapper v1.0.2
   Compiling powerfmt v0.2.0
   Compiling serde_json v1.0.151
   Compiling bitflags v2.13.1
   Compiling subtle v2.6.1
   Compiling hashbrown v0.15.5
   Compiling atomic-waker v1.1.2
   Compiling equivalent v1.0.2
   Compiling num_threads v0.1.7
   Compiling moka v0.12.15
   Compiling time v0.3.55
   Compiling hyper v1.11.0
   Compiling tokio-util v0.7.19
   Compiling sharded-slab v0.1.7
   Compiling clap_builder v4.6.5
   Compiling hickory-net v0.26.1
   Compiling clap_derive v4.6.4
   Compiling tokio-tungstenite v0.29.0
   Compiling tracing-log v0.2.0
   Compiling futures-executor v0.3.33
   Compiling thread_local v1.1.10
   Compiling nu-ansi-term v0.50.3
   Compiling linux-raw-sys v0.12.1
   Compiling minimal-lexical v0.2.1
   Compiling base64 v0.22.1
   Compiling resolv-conf v0.7.6
   Compiling ryu v1.0.23
   Compiling hashbrown v0.14.5
   Compiling iana-time-zone v0.1.65
   Compiling chrono v0.4.45
   Compiling dashmap v6.2.1
   Compiling serde_urlencoded v0.7.1
   Compiling hickory-resolver v0.26.1
   Compiling nom v7.1.3
   Compiling clap v4.6.5
   Compiling tracing-subscriber v0.3.23
   Compiling futures v0.3.33
   Compiling tokio-rustls v0.26.4
   Compiling hyper-util v0.1.20
   Compiling tower v0.5.3
   Compiling axum-core v0.5.6
   Compiling sha2 v0.11.0
   Compiling md-5 v0.11.0
   Compiling serde_path_to_error v0.1.20
   Compiling if-addrs v0.14.0
   Compiling fastrand v2.5.0
   Compiling vec1 v1.12.1
   Compiling http-range-header v0.4.2
   Compiling matchit v0.8.4
   Compiling tower-http v0.6.11
   Compiling axum v0.8.9
   Compiling sdp-rs v0.2.1
   Compiling tempfile v3.27.0
   Compiling dotenvy v0.15.7
   Compiling rtp-rs v0.6.0
   Compiling rsipstack v0.5.18 (/build/rsipstack)
    Finished `test` profile [unoptimized + debuginfo] target(s) in 2m 33s
     Running unittests src/lib.rs (/build/rsipstack/target/debug/deps/rsipstack-ba41916e49ecf6d4)

running 311 tests
test bounded::tests::bounded_sender_rejects_full_and_closed_mailboxes ... ok
test dialog::invitation::prepared_invite_tests::prepared_invite_sends_only_the_effective_offer ... ok
test dialog::invitation::prepared_invite_tests::prepared_invite_exposes_real_local_tag_before_send ... ok
test dialog::tests::test_authenticate::test_compute_digest_case_sensitive_uri ... ok
test dialog::tests::test_authenticate::test_extract_digest_uri_raw ... ok
test dialog::tests::test_authenticate::test_authenticate_via_header_branch_update ... ok
test dialog::tests::test_authenticate::test_verify_digest_invite_method ... ok
test dialog::tests::test_authenticate::test_verify_digest_ip_address_uri ... ok
test dialog::tests::test_authenticate::test_verify_digest_lowercase_tls ... ok
test dialog::tests::test_authenticate::test_verify_digest_lowercase_tcp ... ok
test dialog::tests::test_authenticate::test_verify_digest_lowercase_udp ... ok
test dialog::tests::test_authenticate::test_verify_digest_no_transport ... ok
test dialog::tests::test_authenticate::test_verify_digest_mixed_case_transport ... ok
test dialog::tests::test_authenticate::test_verify_digest_real_world_unify_tls ... ok
test dialog::tests::test_authenticate::test_verify_digest_real_world_unify_udp ... ok
test dialog::tests::test_authenticate::test_verify_digest_rsip_digest_generator_mismatch ... ok
test dialog::tests::test_authenticate::test_verify_digest_sips_uri ... ok
test dialog::tests::test_authenticate::test_verify_digest_uppercase_tls ... ok
test dialog::tests::test_authenticate::test_verify_digest_uppercase_udp ... ok
test dialog::tests::test_authenticate::test_verify_digest_websocket_transport ... ok
test dialog::tests::test_authenticate::test_verify_digest_with_port_no_transport ... ok
test dialog::tests::test_authenticate::test_verify_digest_with_qop_auth ... ok
test dialog::tests::test_authenticate::test_verify_digest_with_user_in_uri ... ok
test dialog::tests::test_authenticate::test_verify_digest_wrong_password_fails ... ok
test dialog::tests::test_client_dialog::test_ack_sent_to_websocket_channel_via_locator ... ok
test dialog::tests::test_client_dialog::test_cancel_conforms_to_rfc3261_section_9_1 ... ok
test dialog::tests::test_client_dialog::test_ack_sent_to_domain_name_from_contact ... ok
test dialog::tests::test_client_dialog::test_client_dialog_creation ... ok
test dialog::tests::test_client_dialog::test_client_dialog_sequence_handling ... ok
test dialog::tests::test_client_dialog::test_client_dialog_state_transitions ... ok
test dialog::tests::test_client_dialog::test_client_dialog_termination_scenarios ... ok
test dialog::tests::test_client_dialog::test_confirmed_dialog_bye_keeps_contact_uri_with_outbound_route ... ok
test dialog::tests::test_client_dialog::test_drop_unconfirmed_dialog_with_487_response ... ok
test dialog::tests::test_client_dialog::test_make_request_preserves_remote_target_and_route_order ... ok
test dialog::tests::test_client_dialog::test_route_set_updates_from_200_ok_response ... ok
test dialog::tests::test_dialog_layer::test_dialog_error_cases ... ok
test dialog::tests::test_dialog_layer::test_dialog_layer_creation ... ok
test dialog::tests::test_dialog_layer::test_dialog_layer_with_swapped_tags ... ok
test dialog::tests::test_dialog_layer::test_dialog_removal ... ok
test dialog::tests::test_dialog_layer::test_dialog_retrieval_and_matching ... ok
test dialog::tests::test_dialog_layer::test_existing_server_invite_dialog_retrieval ... ok
test dialog::tests::test_dialog_layer::test_make_invite_request_with_tcp_transport ... ok
test dialog::tests::test_dialog_layer::test_make_invite_request_with_tls_transport_uses_sips_scheme ... ok
test dialog::tests::test_dialog_layer::test_make_invite_request_without_transport_uses_contact_as_is ... ok
test dialog::tests::test_dialog_layer::test_multiple_dialogs_management ... ok
test dialog::tests::test_dialog_layer::test_server_invite_dialog_creation ... ok
test dialog::tests::test_dialog_layer::test_server_invite_dialog_with_tcp_transport ... ok
test dialog::tests::test_dialog_states::test_dialog_id_creation ... ok
test dialog::tests::test_dialog_states::test_dialog_id_eq ... ok
test dialog::tests::test_dialog_states::test_dialog_in_dialog_requests ... ok
test dialog::tests::test_dialog_states::test_dialog_sequence_numbers ... ok
test dialog::tests::test_dialog_states::test_dialog_state_display ... ok
test dialog::tests::test_dialog_states::test_dialog_state_transitions ... ok
test dialog::tests::test_dialog_states::test_dialog_termination_scenarios ... ok
test dialog::tests::test_dialog_states::test_server_dialog_state_transitions ... ok
test dialog::tests::test_prack::server_dialog_handles_prack_request ... ok
test dialog::tests::test_refer::test_client_dialog_refer_accepts_name_addr_values ... ok
test dialog::tests::test_refer::test_refer_to_from_uri_preserves_existing_uri_behavior ... ok
test dialog::tests::test_server_dialog::test_accept_with_public_contact_preserves_contact_header ... ok
test dialog::tests::test_server_dialog::test_dialog_make_request ... ok
test dialog::tests::test_server_dialog::test_reject_with_headers_preserves_retry_after_and_reason ... ok
test dialog::tests::test_server_dialog::test_server_dialog_bye_via ... ok
test dialog::tests::test_server_dialog::test_server_dialog_reinvite_via ... ok
test dialog::tests::test_sub_pub::test_client_publication_etag_handling ... ok
test dialog::tests::test_sub_pub::test_server_publication_creation ... ok
test dialog::tests::test_sub_pub::test_server_subscription_creation ... ok
test error::tests::test_try_send_error_closed_conversion ... ok
test error::tests::test_try_send_error_full_conversion ... ok
test resolver::sip_resolver::tests::test_domain_with_port ... ok
test resolver::sip_resolver::tests::test_fallback_to_a ... ok
test resolver::sip_resolver::tests::test_ip_direct ... ok
test resolver::sip_resolver::tests::test_srv_lookup_basic ... ok
test resolver::sip_resolver::tests::test_srv_ordering_weight ... ok
test resolver::sip_resolver::tests::test_srv_priority ... ok
test sip::headers::typed::contact::tests::contact_header_list_parses_masked_kamailio_response ... ok
test sip::headers::typed::contact::tests::record_style_contact_without_brackets_splits_header_params ... ok
test sip::headers::typed::identity::tests::identity_basic_parse ... ok
test sip::headers::typed::identity::tests::identity_display_roundtrip ... ok
test sip::headers::typed::identity::tests::identity_info_contains_colon_and_path ... ok
test sip::headers::typed::identity::tests::identity_missing_alg_errors ... ok
test sip::headers::typed::identity::tests::identity_missing_info_errors ... ok
test sip::headers::typed::identity::tests::identity_no_ppt ... ok
test sip::headers::typed::identity::tests::identity_params_order_independent ... ok
test sip::headers::typed::parse_helpers::tests::test_display_name_with_quotes ... ok
test sip::headers::typed::parse_helpers::tests::test_empty_display_name_with_brackets ... ok
test sip::headers::typed::parse_helpers::tests::test_just_uri_no_params ... ok
test sip::headers::typed::parse_helpers::tests::test_no_brackets_multiple_params_with_at ... ok
test sip::headers::typed::parse_helpers::tests::test_no_brackets_no_params_host_only ... ok
test sip::headers::typed::parse_helpers::tests::test_no_userinfo_with_port_and_params ... ok
test sip::headers::typed::parse_helpers::tests::test_userinfo_password_no_brackets ... ok
test sip::headers::typed::parse_helpers::tests::test_with_angle_brackets ... ok
test sip::headers::typed::parse_helpers::tests::test_with_display_name_and_angle_brackets ... ok
test sip::headers::typed::parse_helpers::tests::test_with_port ... ok
test sip::headers::typed::parse_helpers::tests::test_without_angle_brackets ... ok
test sip::headers::typed::parse_helpers::tests::test_without_angle_brackets_multiple_params ... ok
test sip::headers::typed::record_route::tests::record_route_keeps_uri_param_values_with_colons ... ok
test sip::headers::typed::record_route::tests::record_route_lr_flag ... ok
test sip::headers::typed::record_route::tests::record_route_lr_on_is_treated_as_loose_route ... ok
test sip::headers::typed::record_route::tests::record_route_multi_entry ... ok
test sip::headers::typed::record_route::tests::record_route_with_transport ... ok
test sip::headers::typed::route::tests::route_colon_in_uri_param_preserved ... ok
test sip::headers::typed::route::tests::route_display_roundtrip ... ok
test sip::headers::typed::route::tests::route_lr_and_ob ... ok
test sip::headers::typed::route::tests::route_lr_on_is_treated_as_loose_route ... ok
test sip::headers::typed::route::tests::route_multi_uri ... ok
test sip::headers::typed::route::tests::route_multi_uri_three ... ok
test sip::headers::typed::route::tests::route_single_lr ... ok
test sip::headers::typed::route::tests::route_single_ob ... ok
test sip::headers::typed::route::tests::route_with_transport_param ... ok
test sip::headers::typed::via::tests::via_basic_parse ... ok
test sip::headers::typed::via::tests::via_received ... ok
test sip::headers::typed::via::tests::via_rport_no_value ... ok
test sip::headers::typed::via::tests::via_rport_with_value ... ok
test sip::headers::typed::via::tests::via_tcp_transport ... ok
test sip::headers::typed::via::tests::via_with_rport_builder ... ok
test sip::message::tests::compact_form_headers_are_parsed ... ok
test sip::message::tests::compact_form_refer_to_alias_r ... ok
test sip::message::tests::compact_form_session_expires_alias_x ... ok
test sip::message::tests::destination_from_request_with_route ... ok
test sip::message::tests::destination_from_request_without_route ... ok
test sip::message::tests::header_contains_token_helper ... ok
test sip::message::tests::header_value_helper_case_insensitive ... ok
test sip::message::tests::headers_push_front ... ok
test sip::message::tests::new_headers_p_asserted_identity ... ok
test sip::message::tests::new_headers_path_header ... ok
test sip::message::tests::new_headers_reason_roundtrip ... ok
test sip::message::tests::new_headers_refer_to_roundtrip ... ok
test sip::message::tests::new_headers_replaces ... ok
test sip::message::tests::new_headers_rseq_rack ... ok
test sip::message::tests::new_headers_session_expires_roundtrip ... ok
test sip::message::tests::parse_invite_request ... ok
test sip::message::tests::parse_ok_response ... ok
test sip::message::tests::parse_register_request ... ok
test sip::message::tests::request_binary_body_survives_serialization ... ok
test sip::message::tests::response_binary_body_survives_serialization ... ok
test sip::message::tests::response_has_multiple_via_headers ... ok
test sip::message::tests::top_via_header_returns_first_value_from_combined_header ... ok
test sip::parser::tests::parser_accepts_the_wire_boundary_limits ... ok
test sip::parser::tests::parser_accepts_valid_extension_header_token ... ok
test sip::parser::tests::parser_keeps_body_with_colons_intact ... ok
test sip::parser::tests::parser_rejects_conflicting_content_length ... ok
test sip::parser::tests::parser_rejects_invalid_uri_escape_and_duplicate_singleton ... ok
test sip::parser::tests::parser_rejects_obsolete_header_folding ... ok
test sip::parser::tests::parser_rejects_oversized_header_line ... ok
test sip::status_code::tests::accepted_status_code_is_202 ... ok
test sip::uri::tests::uri_anonymous ... ok
test sip::uri::tests::uri_branch_param ... ok
test sip::uri::tests::uri_display_percent_encodes_user_and_password ... ok
test sip::uri::tests::uri_host_only_no_user ... ok
test sip::uri::tests::uri_ipv4_host ... ok
test sip::uri::tests::uri_ipv4_host_with_port ... ok
test sip::uri::tests::uri_ipv6_host ... ok
test sip::uri::tests::uri_ipv6_host_with_port ... ok
test sip::uri::tests::uri_lr_flag_param ... ok
test sip::uri::tests::uri_lr_on_is_treated_as_loose_route ... ok
test sip::uri::tests::uri_maddr_param ... ok
test sip::uri::tests::uri_multiple_params ... ok
test sip::uri::tests::uri_param_value_keeps_colons_and_following_params ... ok
test sip::uri::tests::uri_password_auth ... ok
test sip::uri::tests::uri_preserves_username_with_period ... ok
test sip::uri::tests::uri_roundtrip_complex ... ok
test sip::uri::tests::uri_rport_with_other_params ... ok
test sip::uri::tests::uri_rport_with_value ... ok
test sip::uri::tests::uri_rport_without_value ... ok
test sip::uri::tests::uri_sips_scheme ... ok
test sip::uri::tests::uri_tag_param ... ok
test sip::uri::tests::uri_transport_tcp_param ... ok
test sip::uri::tests::uri_transport_tls_param ... ok
test sip::uri::tests::uri_ttl_param ... ok
test sip::uri::tests::uri_with_headers ... ok
test sip::uri::tests::user_param_is_parsed_as_uri_param ... ok
test transaction::endpoint::capacity_tests::active_transaction_reservations_are_strictly_bounded ... ok
test transaction::endpoint::capacity_tests::egress_effect_permit_rejects_unbounded_or_ambiguous_tokens ... ok
test transaction::endpoint::capacity_tests::endpoint_capacity_limits_reject_zero_values ... ok
test transaction::endpoint::capacity_tests::finished_transaction_reservations_are_strictly_bounded ... ok
test transaction::endpoint::capacity_tests::peer_ingress_proof_adds_no_per_message_storage ... ok
test transaction::endpoint::capacity_tests::queue_rejections_are_counted_without_high_cardinality_labels ... ok
test transaction::key::test_transaction_key ... ok
test transaction::key::transaction_key_uses_top_via_header_value ... ok
test transaction::tests::test_client::automatic_non_2xx_ack_uses_parent_bound_derivation_not_ordinary_prepare ... ok
test transaction::tests::test_client::cancelled_ack_transport_send_reports_unknown_exactly_once ... ok
test transaction::tests::test_client::cancelled_cancel_transport_send_reports_unknown_exactly_once ... ok
test transaction::tests::test_client::cancelled_derived_ack_prepare_keeps_reconcile_latch_and_never_falls_back ... ok
test transaction::tests::test_client::cancelled_primary_transport_send_reports_unknown_exactly_once ... ok
test transaction::tests::test_client::client_cancel_retry_reuses_the_frozen_wire_image ... ok
test transaction::tests::test_client::client_derived_ack_prepare_failure_requires_reconcile_without_blind_retry ... ok
test transaction::tests::test_client::client_initial_cancel_and_ack_each_require_one_egress_effect_decision ... ok
test transaction::tests::test_client::client_initial_prepare_failure_emits_no_bytes_and_preserves_nothing_state ... ok
test transaction::tests::test_client::client_request_is_protocol_completed_only_after_a_final_response ... ok
test transaction::tests::test_client::client_timer_retransmission_reuses_frozen_bytes_without_new_effect_decision ... ok
test transaction::tests::test_client::dropping_client_transaction_marks_outstanding_effect_unknown_once ... ok
test transaction::tests::test_client::durable_prepare_receives_the_actual_udp_destination ... ok
test transaction::tests::test_client::legacy_cancel_is_unknown_because_its_response_has_no_transaction_owner ... ok
test transaction::tests::test_client::local_client_timeout_is_protocol_unknown_not_completed ... ok
test transaction::tests::test_client::non_timeout_local_response_cannot_terminate_client_transaction ... ok
test transaction::tests::test_client::test_client_transaction ... ok
test transaction::tests::test_client::test_make_ack_accepts_comma_separated_record_route ... ok
test transaction::tests::test_client::test_make_ack_preserves_du_param_with_colons_in_record_route ... ok
test transaction::tests::test_client::test_make_ack_updates_first_combined_via_value_only ... ok
test transaction::tests::test_client::test_make_ack_uses_contact_and_reversed_route_order ... ok
test transaction::tests::test_client::test_make_ack_uses_contact_with_ob ... ok
test transaction::tests::test_client::test_make_ack_uses_first_route_without_lr ... ok
test transaction::tests::test_client::transport_unknown_primary_send_cannot_prepare_a_second_effect ... ok
test transaction::tests::test_endpoint::test_endpoint_recvrequests ... ok
test transaction::tests::test_endpoint::test_endpoint_serve ... ok
test transaction::tests::test_endpoint::test_send ... ok
test transaction::tests::test_provisional_responses::test_multiple_provisional_responses ... ok
test transaction::tests::test_server::async_final_response_send_failure_terminates_and_notifies_owner ... ok
test transaction::tests::test_server::cancelled_matched_cancel_send_is_unknown_and_cannot_prepare_again ... ok
test transaction::tests::test_server::cancelled_response_transport_send_reports_unknown_exactly_once ... ok
test transaction::tests::test_server::dropping_server_invite_before_ack_marks_final_response_unknown_once ... ok
test transaction::tests::test_server::duplicate_invite_replays_frozen_post_inspector_response ... ok
test transaction::tests::test_server::duplicate_request_during_detach_is_not_readmitted ... ok
test transaction::tests::test_server::egress_effect_gate_bypasses_trying_and_retransmission_but_gates_first_final_send ... ok
test transaction::tests::test_server::egress_effect_prepare_failure_prevents_visible_send_and_state_transition ... ok
test transaction::tests::test_server::endpoint_capacity_emergency_503_remains_stateless ... ok
test transaction::tests::test_server::failed_send_trying_can_retry_on_replacement_connection ... ok
test transaction::tests::test_server::initial_2xx_send_failure_does_not_commit_response_and_terminates ... ok
test transaction::tests::test_server::initial_final_send_failure_does_not_commit_response_and_terminates ... ok
test transaction::tests::test_server::invite_2xx_does_not_start_non_2xx_g_or_h ... ok
test transaction::tests::test_server::matched_cancel_fails_closed_when_peer_derivation_is_not_authorized ... ok
test transaction::tests::test_server::matched_cancel_uses_one_peer_proven_effect_and_replays_frozen_200 ... ok
test transaction::tests::test_server::reliable_server_invite_2xx_waits_for_ack_without_retransmitting ... ok
test transaction::tests::test_server::reliable_transport_uses_h_but_no_g_or_i ... ok
test transaction::tests::test_server::repeated_send_trying_emits_one_initial_response ... ok
test transaction::tests::test_server::server_invite_2xx_deadline_marks_the_same_permit_unknown_once ... ok
test transaction::tests::test_server::server_invite_2xx_drain_retains_owner_until_deadline ... ok
test transaction::tests::test_server::server_invite_2xx_is_completed_only_after_the_matching_peer_ack ... ok
test transaction::tests::test_server::server_invite_final_response_is_protocol_completed_only_by_the_matching_ack ... ok
test transaction::tests::test_server::test_server_transaction ... ok
test transaction::tests::test_server::timer_g_doubles_to_t2_and_replays_frozen_udp_response ... ok
test transaction::tests::test_server::timer_g_transport_failure_is_observable_and_terminates ... ok
test transaction::tests::test_server::timer_h_is_observable_and_terminates_udp_transaction ... ok
test transaction::tests::test_server::timer_h_then_late_ack_keeps_one_protocol_unknown_observation ... ok
test transaction::tests::test_server::udp_ack_cancels_g_h_and_retains_transaction_until_timer_i ... ok
test transaction::tests::test_server::udp_server_invite_2xx_retransmits_the_same_frozen_wire_under_one_permit ... ok
test transaction::tests::test_transaction_states::test_client_invite_transaction_creation ... ok
test transaction::tests::test_transaction_states::test_client_non_invite_transaction_creation ... ok
test transaction::tests::test_transaction_states::test_server_invite_transaction_creation ... ok
test transaction::tests::test_transaction_states::test_server_non_invite_transaction_creation ... ok
test transaction::tests::test_transaction_states::test_transaction_key_generation ... ok
test transaction::tests::test_transaction_states::test_transaction_types ... ok
test transaction::tests::tests::test_linphone_contact ... ok
test transaction::tests::tests::test_random_text ... ok
test transaction::timer::new_head_notification_is_retained_before_waiter_registration ... ok
test transaction::timer::test_timer ... ok
test transaction::timer::wait_for_ready_async_returns_ready ... ok
test dialog::tests::test_client_dialog::test_drop_unconfirmed_dialog_without_final_response ... ok
test transaction::timer::wait_for_ready_async_wakes_on_new_timer ... ok
test transaction::timer::wait_for_ready_ignores_non_head_insert_and_wakes_for_earlier_deadline ... ok
test transport::channel::tests::test_bounded_serve_loop_twice_returns_error ... ok
test transport::channel::tests::test_create_connection_bounded_send_receive ... ok
test transport::channel::tests::test_try_send_bounded_full ... ok
test transport::channel::tests::test_try_send_on_bounded ... ok
test transport::channel::tests::test_try_send_on_unbounded ... ok
test transport::connection::tests::connected_flow_rejects_a_destination_that_is_not_its_peer ... ok
test transport::connection::tests::listener_connection_cannot_report_a_wire_send_as_accepted ... ok
test transport::connection::tests::tcp_reconnect_changes_the_connected_flow_generation ... ok
test transport::channel::tests::test_bounded_connection_serve_loop ... ok
test transport::connection::tests::tcp_send_frozen_writes_the_supplied_canonical_wire_image ... ok
test transport::connection::tests::test_transport_channel_returns_udp ... ok
test transport::connection::tests::test_transport_channel_send ... ok
test transport::connection::tests::test_transport_tcp_listener_returns_tcp ... ok
test transport::connection::tests::test_transport_udp_returns_udp ... ok
test transport::connection::tests::udp_egress_binding_freezes_the_actual_datagram_destination ... ok
test transport::stream::tests::decode_complete_message_with_body ... ok
test transport::stream::tests::decode_complete_message_no_body ... ok
test transport::stream::tests::decode_keepalive_request ... ok
test transport::stream::tests::decode_keepalive_response ... ok
test transport::stream::tests::decode_rejects_oversized_buffer ... ok
test transport::stream::tests::decode_returns_none_when_headers_incomplete ... ok
test transport::stream::tests::decode_returns_none_when_body_incomplete ... ok
test transport::stream::tests::decode_short_content_length_header ... ok
test transport::stream::tests::encode_preserves_binary_body ... ok
test transport::stream::tests::decode_two_back_to_back_messages ... ok
test transport::tests::test_listener_api::test_tcp_listener_connection_api ... ok
test transport::tests::test_sipaddr::build_via_received_updates_first_value_only ... ok
test transport::tests::test_sipaddr::parse_target_from_via_keeps_quoted_comma_in_first_value ... ok
test transport::tests::test_sipaddr::parse_target_from_via_uses_topmost_value ... ok
test transport::tests::test_sipaddr::test_sipaddr ... ok
test transport::tests::test_listener_api::test_websocket_listener_connection_api ... ok
test transport::tests::test_sipaddr::test_via_received ... ok
test transport::tests::test_stream_encoding::test_sip_codec_encoding ... ok
test transport::tests::test_stream_encoding::test_sip_codec_keepalive ... ok
test transport::tests::test_stream_encoding::test_sip_codec_malformed_message ... ok
test transport::tests::test_stream_encoding::test_sip_codec_fragmented_message ... ok
test transport::tests::test_stream_encoding::test_sip_codec_multiple_messages ... ok
test transport::tests::test_stream_encoding::test_sip_codec_multiple_messages_with_bodies ... ok
test transport::tests::test_stream_encoding::test_sip_codec_single_message ... ok
test transport::tests::test_stream_encoding::test_sip_codec_size_limit ... ok
test transport::tests::test_tls_reload::test_reload_error_handling_invalid_key ... ok
test transport::tests::test_tls_reload::test_reload_error_handling ... ok
test transport::tests::test_tls_reload::test_reloadable_cert_resolver_new ... ok
test transport::tests::test_tls_reload::test_tls_listener_connection_with_config ... ok
test transport::tests::test_udp::test_udp_ingress_survives_a_full_transport_mailbox ... ok
test transport::tests::test_udp::test_udp_keepalive ... ok
test transport::tests::test_udp::test_udp_recv_binary_body_sip_message ... ok
test transport::tests::test_udp::test_udp_recv_sip_message ... ok
test transport::tests::test_via_received::test_via_received_tcp ... ok
test transport::tests::test_via_received::test_via_received_tcp_different_addr ... ok
test transport::tests::test_via_received::test_via_received_tls ... ok
test transport::tests::test_via_received::test_via_received_udp ... ok
test transport::tests::test_via_received::test_via_received_ws ... ok
test transport::tests::test_via_received::test_via_response_not_modified ... ok
test transport::transport_layer::tests::closed_tcp_connection_is_removed_before_reconnect ... ok
test transport::transport_layer::tests::connection_limit_rejects_overflow_and_recovers_after_release ... ok
test transport::transport_layer::tests::connection_limit_rejects_zero ... ok
test transport::transport_layer::tests::test_lookup ... ok
test transport::transport_layer::tests::test_serve_listens ... ok
test transport::transport_layer::tests::test_sip_dns_lookup ... ok
test transport::tests::test_tls_reload::test_reloadable_cert_resolver_reload ... ok

test result: ok. 311 passed; 0 failed; 0 ignored; 0 measured; 0 filtered out; finished in 4.19s

     Running unittests src/bin/bench_ua.rs (/build/rsipstack/target/debug/deps/bench_ua-055edf17dfec7cb4)

running 0 tests

test result: ok. 0 passed; 0 failed; 0 ignored; 0 measured; 0 filtered out; finished in 0.00s

   Doc-tests rsipstack

running 67 tests
test src/dialog/authenticate.rs - dialog::authenticate::Credential (line 43) - compile ... ok
test src/dialog/authenticate.rs - dialog::authenticate::Credential (line 29) - compile ... ok
test src/dialog/authenticate.rs - dialog::authenticate::compute_digest (line 402) - compile ... ok
test src/dialog/authenticate.rs - dialog::authenticate::Credential (line 60) - compile ... ok
test src/dialog/authenticate.rs - dialog::authenticate::handle_client_authenticate (line 111) - compile ... ok
test src/dialog/authenticate.rs - dialog::authenticate::handle_client_authenticate (line 140) - compile ... ok
test src/dialog/authenticate.rs - dialog::authenticate::verify_digest (line 509) - compile ... ok
test src/dialog/client_dialog.rs - dialog::client_dialog::ClientInviteDialog (line 47) - compile ... ok
test src/dialog/client_dialog.rs - dialog::client_dialog::ClientInviteDialog (line 69) - compile ... ok
test src/dialog/client_dialog.rs - dialog::client_dialog::ClientInviteDialog::bye (line 131) - compile ... ok
test src/dialog/client_dialog.rs - dialog::client_dialog::ClientInviteDialog::cancel (line 247) - compile ... ok
test src/dialog/client_dialog.rs - dialog::client_dialog::ClientInviteDialog::info (line 390) - compile ... ok
test src/dialog/client_dialog.rs - dialog::client_dialog::ClientInviteDialog::reinvite (line 296) - compile ... ok
test src/dialog/client_dialog.rs - dialog::client_dialog::ClientInviteDialog::update (line 343) - compile ... ok
test src/dialog/dialog.rs - dialog::dialog::Dialog (line 214) - compile ... ok
test src/dialog/dialog.rs - dialog::dialog::DialogState (line 100) - compile ... ok
test src/dialog/dialog_layer.rs - dialog::dialog_layer::DialogLayer (line 108) - compile ... ok
test src/dialog/authenticate.rs - dialog::authenticate::extract_digest_uri_raw (line 470) ... ok
test src/dialog/dialog_layer.rs - dialog::dialog_layer::DialogLayer (line 59) - compile ... ok
test src/dialog/dialog_layer.rs - dialog::dialog_layer::DialogLayer (line 89) - compile ... ok
test src/dialog/invitation.rs - dialog::invitation::DialogLayer::do_invite (line 510) - compile ... ok
test src/dialog/invitation.rs - dialog::invitation::DialogLayer::do_invite (line 539) - compile ... ok
test src/dialog/invitation.rs - dialog::invitation::DialogLayer::make_invite_request (line 359) - compile ... ok
test src/dialog/invitation.rs - dialog::invitation::InviteOption (line 107) - compile ... ok
test src/dialog/invitation.rs - dialog::invitation::InviteOption (line 51) - compile ... ok
test src/dialog/invitation.rs - dialog::invitation::InviteOption (line 81) - compile ... ok
test src/dialog/invitation.rs - dialog::invitation::InviteOption (line 67) - compile ... ok
test src/dialog/registration.rs - dialog::registration::Registration (line 46) - compile ... ok
test src/dialog/registration.rs - dialog::registration::Registration (line 72) - compile ... ok
test src/dialog/registration.rs - dialog::registration::Registration::create_nat_aware_contact (line 591) - compile ... ok
test src/dialog/registration.rs - dialog::registration::Registration::discovered_public_address (line 193) - compile ... ok
test src/dialog/registration.rs - dialog::registration::Registration::expires (line 221) - compile ... ok
test src/dialog/registration.rs - dialog::registration::Registration::new (line 144) - compile ... ok
test src/dialog/registration.rs - dialog::registration::Registration::register (line 277) - compile ... ok
test src/dialog/registration.rs - dialog::registration::Registration::register (line 306) - compile ... ok
test src/dialog/server_dialog.rs - dialog::server_dialog::ServerInviteDialog (line 42) - compile ... ok
test src/dialog/server_dialog.rs - dialog::server_dialog::ServerInviteDialog (line 58) - compile ... ok
test src/dialog/server_dialog.rs - dialog::server_dialog::ServerInviteDialog (line 70) - compile ... ok
test src/dialog/server_dialog.rs - dialog::server_dialog::ServerInviteDialog::accept (line 170) - compile ... ok
test src/dialog/mod.rs - dialog::DialogId (line 33) ... ok
test src/dialog/server_dialog.rs - dialog::server_dialog::ServerInviteDialog::bye (line 342) - compile ... ok
test src/dialog/server_dialog.rs - dialog::server_dialog::ServerInviteDialog::accept_with_public_contact (line 220) - compile ... ok
test src/dialog/server_dialog.rs - dialog::server_dialog::ServerInviteDialog::info (line 513) - compile ... ok
test src/dialog/server_dialog.rs - dialog::server_dialog::ServerInviteDialog::reinvite (line 419) - compile ... ok
test src/dialog/server_dialog.rs - dialog::server_dialog::ServerInviteDialog::reject (line 281) - compile ... ok
test src/dialog/server_dialog.rs - dialog::server_dialog::ServerInviteDialog::update (line 466) - compile ... ok
test src/lib.rs - (line 163) - compile ... ok
test src/lib.rs - (line 183) - compile ... ok
test src/lib.rs - (line 138) ... ok
test src/lib.rs - (line 47) - compile ... ok
test src/lib.rs - (line 80) - compile ... ok
test src/transaction/endpoint.rs - transaction::endpoint::Endpoint (line 536) - compile ... ok
test src/transaction/endpoint.rs - transaction::endpoint::EndpointInner (line 450) - compile fail ... ok
test src/transaction/message.rs - transaction::message::EndpointInner::make_request (line 45) - compile ... ok
test src/transaction/message.rs - transaction::message::EndpointInner::make_response (line 152) - compile ... ok
test src/transaction/message.rs - transaction::message::EndpointInner::make_response (line 165) - compile ... ok
test src/transaction/message.rs - transaction::message::EndpointInner::make_response (line 178) - compile ... ok
test src/transaction/mod.rs - transaction::TransactionState (line 75) ... ok
test src/transaction/endpoint.rs - transaction::endpoint::EndpointBuilder (line 495) ... ok
test src/transaction/mod.rs - transaction::TransactionTimer (line 220) ... ok
test src/transaction/transaction.rs - transaction::transaction::Transaction (line 290) - compile ... ok
test src/transaction/mod.rs - transaction::TransactionType (line 150) ... ok
test src/transaction/transaction.rs - transaction::transaction::Transaction (line 353) - compile fail ... ok
test src/transaction/transaction.rs - transaction::transaction::TransactionEvent (line 211) - compile ... ok
test src/transport/connection.rs - transport::connection::SipConnection (line 178) - compile ... ok
test src/transport/connection.rs - transport::connection::TransportEvent (line 38) - compile ... ok
test src/transport/sip_addr.rs - transport::sip_addr::SipAddr (line 27) ... ok

test result: ok. 67 passed; 0 failed; 0 ignored; 0 measured; 0 filtered out; finished in 5.37s

